IDJwb,IDPSJ,questions_clean,answerKeys_clean,answer_clean,raw_grade,max_grade,grade,labela,label
1,1,"['ada empat macam karakter atau olah yang diusulkan oleh ki hajar dewantara untuk membangun kerja sama dan gotong royong', 'jelaskan karakter karakter tersebut']","['olah pikir adalah berpikiran kritis dalam segala situasi yang terjadi', 'olah hati adalah melakukan suatu kegiatan berdasarkan hati nurani kita', 'olah raga adalah memiliki sifat dan mental yang kuat', 'olah hati dan karsa adalah kreatif dalam melakukan sesuatu']","['olah pikir adalah berpikiran kritis dalam segala situasi yang terjadi', 'olah hati adalah melakukan suatu kegiatan berdasarkan hati nurani kita', 'olah raga adalah memiliki sifat dan mental yang kuat', 'olah hati dan karsa adalah kreatif dalam melakukan sesuatu']",50,50,"10,00",A,5
2,1,"['ada empat macam karakter atau olah yang diusulkan oleh ki hajar dewantara untuk membangun kerja sama dan gotong royong', 'jelaskan karakter karakter tersebut']","['olah pikir adalah berpikiran kritis dalam segala situasi yang terjadi', 'olah hati adalah melakukan suatu kegiatan berdasarkan hati nurani kita', 'olah raga adalah memiliki sifat dan mental yang kuat', 'olah hati dan karsa adalah kreatif dalam melakukan sesuatu']","['karakter saling menolong', 'karakter yang mau saling bekerja sama', 'karakter yang peduli terhadap penderitaan orang lain', 'karakter yang mementingkan sikap rela berkorban']",30,50,"6,00",C,3
3,1,"['ada empat macam karakter atau olah yang diusulkan oleh ki hajar dewantara untuk membangun kerja sama dan gotong royong', 'jelaskan karakter karakter tersebut']","['olah pikir adalah berpikiran kritis dalam segala situasi yang terjadi', 'olah hati adalah melakukan suatu kegiatan berdasarkan hati nurani kita', 'olah raga adalah memiliki sifat dan mental yang kuat', 'olah hati dan karsa adalah kreatif dalam melakukan sesuatu']","['olah hati adalah karakter yang penuh rasa damai dan cinta untuk mewujudkan kehidupan yang harmonis', 'olah pikir adalah proses pikiran dalam menyelesaikan masalah', 'olah karsa adalah suatu kepedulian terhadap sesama', 'olah raga adalah proses persepsi kesiapan manipulasi dan penciptaan aktivitas baru']",50,50,"10,00",A,5
4,1,"['ada empat macam karakter atau olah yang diusulkan oleh ki hajar dewantara untuk membangun kerja sama dan gotong royong', 'jelaskan karakter karakter tersebut']","['olah pikir adalah berpikiran kritis dalam segala situasi yang terjadi', 'olah hati adalah melakukan suatu kegiatan berdasarkan hati nurani kita', 'olah raga adalah memiliki sifat dan mental yang kuat', 'olah hati dan karsa adalah kreatif dalam melakukan sesuatu']","['revolusi mental', 'yang berarti kita harus memiliki mental yang kuat untuk membangun negara kita']",20,50,"4,00",D,2
5,1,"['ada empat macam karakter atau olah yang diusulkan oleh ki hajar dewantara untuk membangun kerja sama dan gotong royong', 'jelaskan karakter karakter tersebut']","['olah pikir adalah berpikiran kritis dalam segala situasi yang terjadi', 'olah hati adalah melakukan suatu kegiatan berdasarkan hati nurani kita', 'olah raga adalah memiliki sifat dan mental yang kuat', 'olah hati dan karsa adalah kreatif dalam melakukan sesuatu']","['olah raga adalah memiliki karakter yang kuat', 'olah rasa dan karsa adalah karakter yang memiliki perasaan dan simpati', 'olah hati adalah karakter yang memiliki hati yang lembut dan mau menerima saran orang lain', 'olah pikir adalah karakter yang memiliki pemikiran yang maju untuk menyelesaikan masalah']",50,50,"10,00",A,5
6,1,"['ada empat macam karakter atau olah yang diusulkan oleh ki hajar dewantara untuk membangun kerja sama dan gotong royong', 'jelaskan karakter karakter tersebut']","['olah pikir adalah berpikiran kritis dalam segala situasi yang terjadi', 'olah hati adalah melakukan suatu kegiatan berdasarkan hati nurani kita', 'olah raga adalah memiliki sifat dan mental yang kuat', 'olah hati dan karsa adalah kreatif dalam melakukan sesuatu']","['karakter biru atau olah tubuh', 'membuat kerja sama menjadi lebih bersemangat biasanya olah tubuh atau karakter biru dimiliki oleh seorang atlet', 'karakter merah atau olah hati', 'membuat kerja sama menjadi lebih menyenangkan', 'karakter kuning atau olah rasa', 'membuat kerja sama semakin berhasil', 'karakter hijau atau olah pikir', 'membuat kerja sama menjadi lebih terencana']",50,50,"10,00",A,5
7,1,"['ada empat macam karakter atau olah yang diusulkan oleh ki hajar dewantara untuk membangun kerja sama dan gotong royong', 'jelaskan karakter karakter tersebut']","['olah pikir adalah berpikiran kritis dalam segala situasi yang terjadi', 'olah hati adalah melakukan suatu kegiatan berdasarkan hati nurani kita', 'olah raga adalah memiliki sifat dan mental yang kuat', 'olah hati dan karsa adalah kreatif dalam melakukan sesuatu']","['olah hati', 'olah hati memiliki karakter yang lembut hati', 'olah raga', 'olah raga memiliki karakter yang sangat aktif dalam kerja sama atau gotong royong', 'olah pikir', 'olah pikir memiliki karakter yang bijaksana dan teliti', 'olah rasa', 'olah rasa memiliki karakter yang sangat berhati hati']",50,50,"10,00",A,5
8,1,"['ada empat macam karakter atau olah yang diusulkan oleh ki hajar dewantara untuk membangun kerja sama dan gotong royong', 'jelaskan karakter karakter tersebut']","['olah pikir adalah berpikiran kritis dalam segala situasi yang terjadi', 'olah hati adalah melakukan suatu kegiatan berdasarkan hati nurani kita', 'olah raga adalah memiliki sifat dan mental yang kuat', 'olah hati dan karsa adalah kreatif dalam melakukan sesuatu']","['olah hati adalah perasaan untuk mau menollong sesama dan bekerja sama atau bergotong royong', 'olah rasa adalah mau merasakan kondisi yang sama saat bekerja sama contoh saat kita bekerja sama tapi gagal kita harus mau merasakan kegagalan', 'olah pikir adalah pikiran kita untuk memulai dan menjalani kerja sama', 'olah tindakan adalah tindakan yang kita lakukan saat bekerja sama atau bergotong royong']",50,50,"10,00",A,5
9,1,"['ada empat macam karakter atau olah yang diusulkan oleh ki hajar dewantara untuk membangun kerja sama dan gotong royong', 'jelaskan karakter karakter tersebut']","['olah pikir adalah berpikiran kritis dalam segala situasi yang terjadi', 'olah hati adalah melakukan suatu kegiatan berdasarkan hati nurani kita', 'olah raga adalah memiliki sifat dan mental yang kuat', 'olah hati dan karsa adalah kreatif dalam melakukan sesuatu']","['olah hati karakter rasa damai dan cinta untuk menuju kehidupan yang harmonis', 'olah karsa kepedulian', 'olah raga penciptaan aktivitas baru', 'olah pikir penyelesaian persoalan']",50,50,"10,00",A,5
10,1,"['ada empat macam karakter atau olah yang diusulkan oleh ki hajar dewantara untuk membangun kerja sama dan gotong royong', 'jelaskan karakter karakter tersebut']","['olah pikir adalah berpikiran kritis dalam segala situasi yang terjadi', 'olah hati adalah melakukan suatu kegiatan berdasarkan hati nurani kita', 'olah raga adalah memiliki sifat dan mental yang kuat', 'olah hati dan karsa adalah kreatif dalam melakukan sesuatu']","['karakter biru olah hati adalah karakter yang suka damai dan harmonis yang membuat kerja sama lebih mudah', 'karakter hijau olah pikir adalah karakter yang teliti dan akademis yang membuat kerja sama lebih terencana', 'karakter kuning olah raga adalah karater yang tangguh dan disiplin yang membuat kerja sama lebih berhasil', 'karakter merah olah rasa dan karsa adalah karakter yang kreatif dan komunikatif yang membuat kerja sama lebih kreatif dan menyenangkan']",50,50,"10,00",A,5
11,1,"['ada empat macam karakter atau olah yang diusulkan oleh ki hajar dewantara untuk membangun kerja sama dan gotong royong', 'jelaskan karakter karakter tersebut']","['olah pikir adalah berpikiran kritis dalam segala situasi yang terjadi', 'olah hati adalah melakukan suatu kegiatan berdasarkan hati nurani kita', 'olah raga adalah memiliki sifat dan mental yang kuat', 'olah hati dan karsa adalah kreatif dalam melakukan sesuatu']","['olah pikir karakter ini artinya teliti dan akademis', 'olah hati karakter ini artinya peduli dan emosional', 'olah raga karakter ini artinya teguh dan disiplin', 'olah rasa dan karsa karakter ini artinya kreatif dan komunikatif']",50,50,"10,00",A,5
12,1,"['ada empat macam karakter atau olah yang diusulkan oleh ki hajar dewantara untuk membangun kerja sama dan gotong royong', 'jelaskan karakter karakter tersebut']","['olah pikir adalah berpikiran kritis dalam segala situasi yang terjadi', 'olah hati adalah melakukan suatu kegiatan berdasarkan hati nurani kita', 'olah raga adalah memiliki sifat dan mental yang kuat', 'olah hati dan karsa adalah kreatif dalam melakukan sesuatu']","['olah rasa bewarna hijau adalah memiliki rasa yang nyaman', 'olah pikir berwarna biru adalah mempunyai pikir yang positif', 'olah hati berwarna kuning adalah mempunyai hati yang tenang damai', 'olah keras bewarna merah adalah memiliki akal pintar 66']",45,50,"9,00",A,5
13,1,"['ada empat macam karakter atau olah yang diusulkan oleh ki hajar dewantara untuk membangun kerja sama dan gotong royong', 'jelaskan karakter karakter tersebut']","['olah pikir adalah berpikiran kritis dalam segala situasi yang terjadi', 'olah hati adalah melakukan suatu kegiatan berdasarkan hati nurani kita', 'olah raga adalah memiliki sifat dan mental yang kuat', 'olah hati dan karsa adalah kreatif dalam melakukan sesuatu']",['olahan pikiran'],20,50,"4,00",D,2
14,1,"['ada empat macam karakter atau olah yang diusulkan oleh ki hajar dewantara untuk membangun kerja sama dan gotong royong', 'jelaskan karakter karakter tersebut']","['olah pikir adalah berpikiran kritis dalam segala situasi yang terjadi', 'olah hati adalah melakukan suatu kegiatan berdasarkan hati nurani kita', 'olah raga adalah memiliki sifat dan mental yang kuat', 'olah hati dan karsa adalah kreatif dalam melakukan sesuatu']","['karakter biru adalah rendah hati', 'karakter merah adalah komunikatif', 'karakter hijau adalah kreatif', 'karakter kuning adalah pintar']",50,50,"10,00",A,5
15,1,"['ada empat macam karakter atau olah yang diusulkan oleh ki hajar dewantara untuk membangun kerja sama dan gotong royong', 'jelaskan karakter karakter tersebut']","['olah pikir adalah berpikiran kritis dalam segala situasi yang terjadi', 'olah hati adalah melakukan suatu kegiatan berdasarkan hati nurani kita', 'olah raga adalah memiliki sifat dan mental yang kuat', 'olah hati dan karsa adalah kreatif dalam melakukan sesuatu']","['tidak egois', 'mau bersosialisasi dengan orang lain', 'saling membantu', 'tidak mensepelekan orang lain']",50,50,"10,00",A,5
16,1,"['ada empat macam karakter atau olah yang diusulkan oleh ki hajar dewantara untuk membangun kerja sama dan gotong royong', 'jelaskan karakter karakter tersebut']","['olah pikir adalah berpikiran kritis dalam segala situasi yang terjadi', 'olah hati adalah melakukan suatu kegiatan berdasarkan hati nurani kita', 'olah raga adalah memiliki sifat dan mental yang kuat', 'olah hati dan karsa adalah kreatif dalam melakukan sesuatu']","['olah rasa', 'olah raga', 'olah pikir', 'olah hati']",40,50,"8,00",B,4
17,1,"['ada empat macam karakter atau olah yang diusulkan oleh ki hajar dewantara untuk membangun kerja sama dan gotong royong', 'jelaskan karakter karakter tersebut']","['olah pikir adalah berpikiran kritis dalam segala situasi yang terjadi', 'olah hati adalah melakukan suatu kegiatan berdasarkan hati nurani kita', 'olah raga adalah memiliki sifat dan mental yang kuat', 'olah hati dan karsa adalah kreatif dalam melakukan sesuatu']","['karakter adalah', 'ketuhanan', 'bekerja sama', 'kuat']",25,50,"5,00",D,2
18,1,"['ada empat macam karakter atau olah yang diusulkan oleh ki hajar dewantara untuk membangun kerja sama dan gotong royong', 'jelaskan karakter karakter tersebut']","['olah pikir adalah berpikiran kritis dalam segala situasi yang terjadi', 'olah hati adalah melakukan suatu kegiatan berdasarkan hati nurani kita', 'olah raga adalah memiliki sifat dan mental yang kuat', 'olah hati dan karsa adalah kreatif dalam melakukan sesuatu']","['memiliki rasa saling tolong menolong', 'memiliki rasa persatuan dan kesatuan', 'memiliki rasa kepedulian', 'memiliki rasa semboyan bhinneka tunggal ika yang berarti berbada beda tetapi 1 tujuan']",30,50,"6,00",C,3
19,1,"['ada empat macam karakter atau olah yang diusulkan oleh ki hajar dewantara untuk membangun kerja sama dan gotong royong', 'jelaskan karakter karakter tersebut']","['olah pikir adalah berpikiran kritis dalam segala situasi yang terjadi', 'olah hati adalah melakukan suatu kegiatan berdasarkan hati nurani kita', 'olah raga adalah memiliki sifat dan mental yang kuat', 'olah hati dan karsa adalah kreatif dalam melakukan sesuatu']","['olah hati adalah karakter yang cinta damai dan harmonis dalam suatu diskusi', 'olah raga adalah karakter yang disiplin dan sangat tepat dalam mengerjakan sesuatu', 'olah pikir adalah karakter yang mempertimbangkan terlebih dahulu akibat akibatnya sebelum membuat keputusan', 'olah rasa atau krasa adalah karakter yang kreatif dan komunikatif dalam suatu hal']",50,50,"10,00",A,5
20,1,"['ada empat macam karakter atau olah yang diusulkan oleh ki hajar dewantara untuk membangun kerja sama dan gotong royong', 'jelaskan karakter karakter tersebut']","['olah pikir adalah berpikiran kritis dalam segala situasi yang terjadi', 'olah hati adalah melakukan suatu kegiatan berdasarkan hati nurani kita', 'olah raga adalah memiliki sifat dan mental yang kuat', 'olah hati dan karsa adalah kreatif dalam melakukan sesuatu']","['karakter merah adalah karakter merah adalah karakter yang pekerja keras', 'karakter hijau adalah karakter hijau adalah karakter yang pintar dan cerdas', 'karakter kuning adalah karakter kuning adalah karakter yang kreatif', 'karakter biru adalah karakter biru adalah karakter yang baik hati']",50,50,"10,00",A,5
21,1,"['ada empat macam karakter atau olah yang diusulkan oleh ki hajar dewantara untuk membangun kerja sama dan gotong royong', 'jelaskan karakter karakter tersebut']","['olah pikir adalah berpikiran kritis dalam segala situasi yang terjadi', 'olah hati adalah melakukan suatu kegiatan berdasarkan hati nurani kita', 'olah raga adalah memiliki sifat dan mental yang kuat', 'olah hati dan karsa adalah kreatif dalam melakukan sesuatu']","['tidak memaksa kan kehendak adalah kita tidak boleh memaksakehendak diri sendiri', 'toleransi kita harus toleransi terdapat sesama', 'tidak rasisme terhadap sesama', 'saling tolong menolong']",30,50,"6,00",C,3
22,1,"['ada empat macam karakter atau olah yang diusulkan oleh ki hajar dewantara untuk membangun kerja sama dan gotong royong', 'jelaskan karakter karakter tersebut']","['olah pikir adalah berpikiran kritis dalam segala situasi yang terjadi', 'olah hati adalah melakukan suatu kegiatan berdasarkan hati nurani kita', 'olah raga adalah memiliki sifat dan mental yang kuat', 'olah hati dan karsa adalah kreatif dalam melakukan sesuatu']","['olah rasa', 'olah jiwa', 'olah emosi', 'olah batin']",30,50,"6,00",C,3
23,1,"['ada empat macam karakter atau olah yang diusulkan oleh ki hajar dewantara untuk membangun kerja sama dan gotong royong', 'jelaskan karakter karakter tersebut']","['olah pikir adalah berpikiran kritis dalam segala situasi yang terjadi', 'olah hati adalah melakukan suatu kegiatan berdasarkan hati nurani kita', 'olah raga adalah memiliki sifat dan mental yang kuat', 'olah hati dan karsa adalah kreatif dalam melakukan sesuatu']","['olah pikir adalah ketelitian dalam melakukan suatu hal', 'olah hati adalah rasa saling memahami antar sesama', 'olah raga adalah semangat yang dimiliki', 'olah rasa adalah ekspresi yang dimiliki seseorang']",50,50,"10,00",A,5
24,1,"['ada empat macam karakter atau olah yang diusulkan oleh ki hajar dewantara untuk membangun kerja sama dan gotong royong', 'jelaskan karakter karakter tersebut']","['olah pikir adalah berpikiran kritis dalam segala situasi yang terjadi', 'olah hati adalah melakukan suatu kegiatan berdasarkan hati nurani kita', 'olah raga adalah memiliki sifat dan mental yang kuat', 'olah hati dan karsa adalah kreatif dalam melakukan sesuatu']","['olah hati karakter biru', 'orang berkarakter biru biasanya bersifat baik hati dan rendah hati', 'olah raga karakter hijau', 'orang yang berkarakter hijau biasanya cenderung tegas pekerja keras dan jujur', 'olah akal karakter kuning', 'orang yang berkarakter kuning adalah orang yang akademis', 'olah rasa dan karya karakter merah', 'orang yang berkarakter merah adalah orang yang aktif']",50,50,"10,00",A,5
25,1,"['ada empat macam karakter atau olah yang diusulkan oleh ki hajar dewantara untuk membangun kerja sama dan gotong royong', 'jelaskan karakter karakter tersebut']","['olah pikir adalah berpikiran kritis dalam segala situasi yang terjadi', 'olah hati adalah melakukan suatu kegiatan berdasarkan hati nurani kita', 'olah raga adalah memiliki sifat dan mental yang kuat', 'olah hati dan karsa adalah kreatif dalam melakukan sesuatu']","['olah pikir adalah memiliki pola pikir yang akademik dan cerdik', 'olahraga adalah memiliki daya tubuh yang kuat', 'intregritas adalah mempunyai pola pikir yang imajinatif dan kreatif', 'hati nurani adalah memiliki sifat yang penyabar dan baik hati']",45,50,"9,00",A,5
26,1,"['ada empat macam karakter atau olah yang diusulkan oleh ki hajar dewantara untuk membangun kerja sama dan gotong royong', 'jelaskan karakter karakter tersebut']","['olah pikir adalah berpikiran kritis dalam segala situasi yang terjadi', 'olah hati adalah melakukan suatu kegiatan berdasarkan hati nurani kita', 'olah raga adalah memiliki sifat dan mental yang kuat', 'olah hati dan karsa adalah kreatif dalam melakukan sesuatu']","['biru adalah disiplin', 'merah adalah suka damai', 'hijau adalah kreatif', 'kuning adalah olah hati']",50,50,"10,00",A,5
27,1,"['ada empat macam karakter atau olah yang diusulkan oleh ki hajar dewantara untuk membangun kerja sama dan gotong royong', 'jelaskan karakter karakter tersebut']","['olah pikir adalah berpikiran kritis dalam segala situasi yang terjadi', 'olah hati adalah melakukan suatu kegiatan berdasarkan hati nurani kita', 'olah raga adalah memiliki sifat dan mental yang kuat', 'olah hati dan karsa adalah kreatif dalam melakukan sesuatu']","['olah raga adalah memiliki karakter yang patuh terhadap aturan', 'olah kasih adalah memiliki karakter yang lemah lembut', 'olah pikir adalah memiliki karakter yang berpikir positif', 'olah hati adalah memiliki karakter yang memiliki hati nurani']",45,50,"9,00",A,5
28,1,"['ada empat macam karakter atau olah yang diusulkan oleh ki hajar dewantara untuk membangun kerja sama dan gotong royong', 'jelaskan karakter karakter tersebut']","['olah pikir adalah berpikiran kritis dalam segala situasi yang terjadi', 'olah hati adalah melakukan suatu kegiatan berdasarkan hati nurani kita', 'olah raga adalah memiliki sifat dan mental yang kuat', 'olah hati dan karsa adalah kreatif dalam melakukan sesuatu']","['olah hati hijau adalah karakter yang cinta damai dan harmonis', 'olah pikir adalah karakter yang berpikir teliti dan hati hati', 'olah raga kuning adalah karakter yang dimiliki oleh olahragawan yaitu karakter yang tekun', 'olah rasa dan kersa merah adalah karakter yang akademis dan bersemangat']",50,50,"10,00",A,5
29,1,"['ada empat macam karakter atau olah yang diusulkan oleh ki hajar dewantara untuk membangun kerja sama dan gotong royong', 'jelaskan karakter karakter tersebut']","['olah pikir adalah berpikiran kritis dalam segala situasi yang terjadi', 'olah hati adalah melakukan suatu kegiatan berdasarkan hati nurani kita', 'olah raga adalah memiliki sifat dan mental yang kuat', 'olah hati dan karsa adalah kreatif dalam melakukan sesuatu']","['olah hati karakter yang suka kedamaian dan kehidupan yang harmonis', 'olah pikir karakter yang banyak pertimbangan dan teliti', 'olahraga karakter disiplin yang biasanya dimiliki oleh olahragawan', 'olah rasa dan karsa karakter orang yang kreatif bersemangat dan biasanya karakter ini dimiliki oleh orang yang mudah bergaul']",50,50,"10,00",A,5
30,1,"['ada empat macam karakter atau olah yang diusulkan oleh ki hajar dewantara untuk membangun kerja sama dan gotong royong', 'jelaskan karakter karakter tersebut']","['olah pikir adalah berpikiran kritis dalam segala situasi yang terjadi', 'olah hati adalah melakukan suatu kegiatan berdasarkan hati nurani kita', 'olah raga adalah memiliki sifat dan mental yang kuat', 'olah hati dan karsa adalah kreatif dalam melakukan sesuatu']",['ki hajar dewantara'],10,50,"2,00",E,1
31,1,"['ada empat macam karakter atau olah yang diusulkan oleh ki hajar dewantara untuk membangun kerja sama dan gotong royong', 'jelaskan karakter karakter tersebut']","['olah pikir adalah berpikiran kritis dalam segala situasi yang terjadi', 'olah hati adalah melakukan suatu kegiatan berdasarkan hati nurani kita', 'olah raga adalah memiliki sifat dan mental yang kuat', 'olah hati dan karsa adalah kreatif dalam melakukan sesuatu']",['olah raga olah hati olah rasa olah pikir'],40,50,"8,00",B,4
32,1,"['ada empat macam karakter atau olah yang diusulkan oleh ki hajar dewantara untuk membangun kerja sama dan gotong royong', 'jelaskan karakter karakter tersebut']","['olah pikir adalah berpikiran kritis dalam segala situasi yang terjadi', 'olah hati adalah melakukan suatu kegiatan berdasarkan hati nurani kita', 'olah raga adalah memiliki sifat dan mental yang kuat', 'olah hati dan karsa adalah kreatif dalam melakukan sesuatu']","['olah hati', 'olah karsa', 'olah pikir', 'olah raga']",40,50,"8,00",B,4
33,1,"['ada empat macam karakter atau olah yang diusulkan oleh ki hajar dewantara untuk membangun kerja sama dan gotong royong', 'jelaskan karakter karakter tersebut']","['olah pikir adalah berpikiran kritis dalam segala situasi yang terjadi', 'olah hati adalah melakukan suatu kegiatan berdasarkan hati nurani kita', 'olah raga adalah memiliki sifat dan mental yang kuat', 'olah hati dan karsa adalah kreatif dalam melakukan sesuatu']","['belarasa karakter atau sikap turut merasakan apa yang terjadi pada kehidupan seseorang', 'toleransi sikap menghormati antar sesama', 'menghargai sikap menghargai sesama', 'empati sikap empati atau sikap turut prihatin']",30,50,"6,00",C,3
34,1,"['ada empat macam karakter atau olah yang diusulkan oleh ki hajar dewantara untuk membangun kerja sama dan gotong royong', 'jelaskan karakter karakter tersebut']","['olah pikir adalah berpikiran kritis dalam segala situasi yang terjadi', 'olah hati adalah melakukan suatu kegiatan berdasarkan hati nurani kita', 'olah raga adalah memiliki sifat dan mental yang kuat', 'olah hati dan karsa adalah kreatif dalam melakukan sesuatu']","['olah raga', 'olah rasa', 'olah hati', 'olah pikir']",40,50,"8,00",B,4
35,1,"['ada empat macam karakter atau olah yang diusulkan oleh ki hajar dewantara untuk membangun kerja sama dan gotong royong', 'jelaskan karakter karakter tersebut']","['olah pikir adalah berpikiran kritis dalam segala situasi yang terjadi', 'olah hati adalah melakukan suatu kegiatan berdasarkan hati nurani kita', 'olah raga adalah memiliki sifat dan mental yang kuat', 'olah hati dan karsa adalah kreatif dalam melakukan sesuatu']","['menghilangkan sikap egois', 'menghilangkan sikap individualisme', 'salin menolong', 'peduli sesama']",30,50,"6,00",C,3
36,1,"['ada empat macam karakter atau olah yang diusulkan oleh ki hajar dewantara untuk membangun kerja sama dan gotong royong', 'jelaskan karakter karakter tersebut']","['olah pikir adalah berpikiran kritis dalam segala situasi yang terjadi', 'olah hati adalah melakukan suatu kegiatan berdasarkan hati nurani kita', 'olah raga adalah memiliki sifat dan mental yang kuat', 'olah hati dan karsa adalah kreatif dalam melakukan sesuatu']","['olah hati karakter biru adalah', 'karakter yang memiliki sifat cinta damai dan kehidupan harmonis', 'olah pikir karakter hijau adalah', 'karakter yang memiliki sifat penuh pertimbangan hati hati dan teliti', 'olah raga karakter kuning adalah', 'karakter ini dimiliki oleh para olahragawan', 'karakter ini memiliki sifat yang teguh dan bermental kuat', 'olah rasa dan karsa karakter merah adalah', 'karakter yang memiliki sifat komunikatif aktif dan bersemangat']",50,50,"10,00",A,5
37,1,"['ada empat macam karakter atau olah yang diusulkan oleh ki hajar dewantara untuk membangun kerja sama dan gotong royong', 'jelaskan karakter karakter tersebut']","['olah pikir adalah berpikiran kritis dalam segala situasi yang terjadi', 'olah hati adalah melakukan suatu kegiatan berdasarkan hati nurani kita', 'olah raga adalah memiliki sifat dan mental yang kuat', 'olah hati dan karsa adalah kreatif dalam melakukan sesuatu']","['pengolahan raga adalah saat kita bekerja sama dengan menggunakan fisik kita yang digunakan untuk saling membantu', 'pengolahan akal saat kita tergerak untuk melaksanakan gotong royong bersama', 'pengolahan jiwa saat kita bersemangat ataupun menghayati untuk bergotong royong dengan ikhlas', 'pengolahan batin saat kita tergerak untuk berkerjasama']",35,50,"7,00",B,4
38,1,"['ada empat macam karakter atau olah yang diusulkan oleh ki hajar dewantara untuk membangun kerja sama dan gotong royong', 'jelaskan karakter karakter tersebut']","['olah pikir adalah berpikiran kritis dalam segala situasi yang terjadi', 'olah hati adalah melakukan suatu kegiatan berdasarkan hati nurani kita', 'olah raga adalah memiliki sifat dan mental yang kuat', 'olah hati dan karsa adalah kreatif dalam melakukan sesuatu']","['olah hati adalah karakter yang cinta damai', 'olah raga adalah karakter yang disiplin dan bermental kuat', 'olah pikir adalah karakter yang penuh perhitungan dan teliti', 'olah rasa dan karsa adalah karakter yang komunikatif']",50,50,"10,00",A,5
39,1,"['ada empat macam karakter atau olah yang diusulkan oleh ki hajar dewantara untuk membangun kerja sama dan gotong royong', 'jelaskan karakter karakter tersebut']","['olah pikir adalah berpikiran kritis dalam segala situasi yang terjadi', 'olah hati adalah melakukan suatu kegiatan berdasarkan hati nurani kita', 'olah raga adalah memiliki sifat dan mental yang kuat', 'olah hati dan karsa adalah kreatif dalam melakukan sesuatu']",['sikap saling ingin membantu sesama sikap tidak egois sikap yang saling empati satu sama lain menghargai menghargai sesama masyarakat'],30,50,"6,00",C,3
40,1,"['ada empat macam karakter atau olah yang diusulkan oleh ki hajar dewantara untuk membangun kerja sama dan gotong royong', 'jelaskan karakter karakter tersebut']","['olah pikir adalah berpikiran kritis dalam segala situasi yang terjadi', 'olah hati adalah melakukan suatu kegiatan berdasarkan hati nurani kita', 'olah raga adalah memiliki sifat dan mental yang kuat', 'olah hati dan karsa adalah kreatif dalam melakukan sesuatu']",['kosong'],0,50,"0,00",E,1
41,1,"['ada empat macam karakter atau olah yang diusulkan oleh ki hajar dewantara untuk membangun kerja sama dan gotong royong', 'jelaskan karakter karakter tersebut']","['olah pikir adalah berpikiran kritis dalam segala situasi yang terjadi', 'olah hati adalah melakukan suatu kegiatan berdasarkan hati nurani kita', 'olah raga adalah memiliki sifat dan mental yang kuat', 'olah hati dan karsa adalah kreatif dalam melakukan sesuatu']","['olah rasa olah rasa adalah olah perasaan kita menjadi perasaan baik saat melakukan kerjasama dan gotong royong', 'olah hati olah hati adalah mengolah hati kita menjadi baik saat melakukan kerjasama atau gotong royong', 'olah pikiran olah pikiran adalah mengelola pikiran kita menjadi baik saat melakukan kerjasama atau gotong royong', 'soladaritas soladaritas adalah sikap menghargai satu sama lain tanpa membedakan suku ras agama saat melakukan gotong royong dan kerjasama']",40,50,"8,00",B,4
42,1,"['ada empat macam karakter atau olah yang diusulkan oleh ki hajar dewantara untuk membangun kerja sama dan gotong royong', 'jelaskan karakter karakter tersebut']","['olah pikir adalah berpikiran kritis dalam segala situasi yang terjadi', 'olah hati adalah melakukan suatu kegiatan berdasarkan hati nurani kita', 'olah raga adalah memiliki sifat dan mental yang kuat', 'olah hati dan karsa adalah kreatif dalam melakukan sesuatu']","['empat karakter yang di usulkan ki hajar dewantara untuk membangun kerjasama dan gotong royong adalah', 'karakter tolong menolong', 'karakter yang mau ikut serta dalam penderitaan atau kesusahan orang lain', 'karakter yang mau bekerja sama', 'karakter yang mementingkan kebersamaan']",30,50,"6,00",C,3
43,1,"['ada empat macam karakter atau olah yang diusulkan oleh ki hajar dewantara untuk membangun kerja sama dan gotong royong', 'jelaskan karakter karakter tersebut']","['olah pikir adalah berpikiran kritis dalam segala situasi yang terjadi', 'olah hati adalah melakukan suatu kegiatan berdasarkan hati nurani kita', 'olah raga adalah memiliki sifat dan mental yang kuat', 'olah hati dan karsa adalah kreatif dalam melakukan sesuatu']","['olah rasa adalah berwarna hijau', 'olah pikir adalah berwarna biru pikir', 'olah hati adalah berwarna kuning hati yang tenang damai', 'olah karsa dan adalah berwarna merah pinter teliti dab bisa berkembang']",45,50,"9,00",A,5
44,1,"['ada empat macam karakter atau olah yang diusulkan oleh ki hajar dewantara untuk membangun kerja sama dan gotong royong', 'jelaskan karakter karakter tersebut']","['olah pikir adalah berpikiran kritis dalam segala situasi yang terjadi', 'olah hati adalah melakukan suatu kegiatan berdasarkan hati nurani kita', 'olah raga adalah memiliki sifat dan mental yang kuat', 'olah hati dan karsa adalah kreatif dalam melakukan sesuatu']","['karakter karakter yang diusulkan oleh ki hajar dewantara adalah', 'karakter saling menolong', 'karakter yang mau bekerjasama', 'karakter yang peduli terhadap penderitaan orang lain', 'karakter yang mementingkan sikap rela berkorban dari segala penderitaan']",30,50,"6,00",C,3
45,1,"['ada empat macam karakter atau olah yang diusulkan oleh ki hajar dewantara untuk membangun kerja sama dan gotong royong', 'jelaskan karakter karakter tersebut']","['olah pikir adalah berpikiran kritis dalam segala situasi yang terjadi', 'olah hati adalah melakukan suatu kegiatan berdasarkan hati nurani kita', 'olah raga adalah memiliki sifat dan mental yang kuat', 'olah hati dan karsa adalah kreatif dalam melakukan sesuatu']","['olah raga', 'olah rasa', 'olah pikir', 'olah hati']",40,50,"8,00",B,4
46,1,"['ada empat macam karakter atau olah yang diusulkan oleh ki hajar dewantara untuk membangun kerja sama dan gotong royong', 'jelaskan karakter karakter tersebut']","['olah pikir adalah berpikiran kritis dalam segala situasi yang terjadi', 'olah hati adalah melakukan suatu kegiatan berdasarkan hati nurani kita', 'olah raga adalah memiliki sifat dan mental yang kuat', 'olah hati dan karsa adalah kreatif dalam melakukan sesuatu']","['olah hati adalah suka damai harmonis', 'olah pikir adalah hati hati teliti', 'olah raga adalah cerdas', 'olah rasa adalah kreatif komunikatif']",50,50,"10,00",A,5
47,1,"['ada empat macam karakter atau olah yang diusulkan oleh ki hajar dewantara untuk membangun kerja sama dan gotong royong', 'jelaskan karakter karakter tersebut']","['olah pikir adalah berpikiran kritis dalam segala situasi yang terjadi', 'olah hati adalah melakukan suatu kegiatan berdasarkan hati nurani kita', 'olah raga adalah memiliki sifat dan mental yang kuat', 'olah hati dan karsa adalah kreatif dalam melakukan sesuatu']","['olah hati adalah mengolah hati kita saat kita ingin melalukan apapun itu supaya yg kita lakukan menjadi baik', 'olah pikiran adalah gimana kita cara mengolah pikiran kita supaya berpikir sebelum melakukan', 'olah rasa adalah gimana kita cara mengolah perasaan kita suapaya tidak gampang emosi', 'solidaritas adalah saling menghargai satu sama lain atau berbeda suku atau agama supaya menciptakan kehidupan yang harmonis']",50,50,"10,00",A,5
48,1,"['ada empat macam karakter atau olah yang diusulkan oleh ki hajar dewantara untuk membangun kerja sama dan gotong royong', 'jelaskan karakter karakter tersebut']","['olah pikir adalah berpikiran kritis dalam segala situasi yang terjadi', 'olah hati adalah melakukan suatu kegiatan berdasarkan hati nurani kita', 'olah raga adalah memiliki sifat dan mental yang kuat', 'olah hati dan karsa adalah kreatif dalam melakukan sesuatu']","['sikap saling ingin membantu sesama', 'sikap yang ingin bekerja sama dan tidak egois', 'sikap baik dan selalu ramah kepada masyarakat yang ada didaerah tersebut', 'sikap yang saling empati kepada sesama tanpa membeda bedakan dari suku ras maupun agama']",30,50,"6,00",C,3
49,1,"['ada empat macam karakter atau olah yang diusulkan oleh ki hajar dewantara untuk membangun kerja sama dan gotong royong', 'jelaskan karakter karakter tersebut']","['olah pikir adalah berpikiran kritis dalam segala situasi yang terjadi', 'olah hati adalah melakukan suatu kegiatan berdasarkan hati nurani kita', 'olah raga adalah memiliki sifat dan mental yang kuat', 'olah hati dan karsa adalah kreatif dalam melakukan sesuatu']","['olah pikiran', 'olah raga', 'olah otak', 'olah tenaga']",35,50,"7,00",B,4
50,1,"['ada empat macam karakter atau olah yang diusulkan oleh ki hajar dewantara untuk membangun kerja sama dan gotong royong', 'jelaskan karakter karakter tersebut']","['olah pikir adalah berpikiran kritis dalam segala situasi yang terjadi', 'olah hati adalah melakukan suatu kegiatan berdasarkan hati nurani kita', 'olah raga adalah memiliki sifat dan mental yang kuat', 'olah hati dan karsa adalah kreatif dalam melakukan sesuatu']","['olah rasa', 'olah rasa adalah mengolah perasaan kita menjadi perasaan yang baik saat melakukan kerjasama dan gotong royong', 'olah pikiran', 'jika olah pikiran adalah mengelola pikiran kita menjadi baik saat kita melakukan kerjasama dan gotong royong', 'olah solidaritas', 'sikap yang menhargai saat kita melakukan kerjasama dan gotong royong', 'olah hati', 'saat kita mengelola hati kita menjadi baik saat melakukan kerjasama dan gotong royong']",50,50,"10,00",A,5
51,1,"['ada empat macam karakter atau olah yang diusulkan oleh ki hajar dewantara untuk membangun kerja sama dan gotong royong', 'jelaskan karakter karakter tersebut']","['olah pikir adalah berpikiran kritis dalam segala situasi yang terjadi', 'olah hati adalah melakukan suatu kegiatan berdasarkan hati nurani kita', 'olah raga adalah memiliki sifat dan mental yang kuat', 'olah hati dan karsa adalah kreatif dalam melakukan sesuatu']","['karakter biru adalah karakter biru itu biasanya cenderung ke orang yang suka menolong dan rendah hati', 'karakter kuning adalah karakter kuning biasanya cenderung dimiliki oleh para orang yang suka berolahraga karena biasanya karakter kuning itu orang orang yang kuat dan berani', 'karakter hijau adalah karakter hijau biasanya lebih cenderung mengajarkan ilmu ilmu pengetahuan contohnya tentang ilmu agama', 'karakter merah adalah karakter merah biasanya cenderung ke kereatifitas dan komukasi karakter merah gampang bergaul dengan orang lain']",50,50,"10,00",A,5
52,1,"['ada empat macam karakter atau olah yang diusulkan oleh ki hajar dewantara untuk membangun kerja sama dan gotong royong', 'jelaskan karakter karakter tersebut']","['olah pikir adalah berpikiran kritis dalam segala situasi yang terjadi', 'olah hati adalah melakukan suatu kegiatan berdasarkan hati nurani kita', 'olah raga adalah memiliki sifat dan mental yang kuat', 'olah hati dan karsa adalah kreatif dalam melakukan sesuatu']","['saling menolong', 'saling bekerjasama', 'sikap saling peduli dengan sesama', 'sikap rela berkorban']",30,50,"6,00",C,3
53,1,"['ada empat macam karakter atau olah yang diusulkan oleh ki hajar dewantara untuk membangun kerja sama dan gotong royong', 'jelaskan karakter karakter tersebut']","['olah pikir adalah berpikiran kritis dalam segala situasi yang terjadi', 'olah hati adalah melakukan suatu kegiatan berdasarkan hati nurani kita', 'olah raga adalah memiliki sifat dan mental yang kuat', 'olah hati dan karsa adalah kreatif dalam melakukan sesuatu']","['olah pikir adalah olah pikir adalah suatu kararter yang menggambarkan bahwa semakin kita dewasa kita harus mempunyai pikiran yang dewasa berfikir kritis', 'olah raga adalah olah raga adalah suatu karakter yang menggambarkan bahwa kita harus mempunyai tingkat kekreatifan', 'olah hati adalah olah hati adalah karakter yang menggambrkan sikap kerendah hatian yang dapat menimbulkan hal hal positif nanti nya', 'olah rasa adalah olah rasa adalah karakter yang menggambarkan bahwa setiap manusia harus mempunyai perasaan kpd sesama nya rasa tanggung jawab rasa ke pekaan dan lain sebagainya']",50,50,"10,00",A,5
54,1,"['ada empat macam karakter atau olah yang diusulkan oleh ki hajar dewantara untuk membangun kerja sama dan gotong royong', 'jelaskan karakter karakter tersebut']","['olah pikir adalah berpikiran kritis dalam segala situasi yang terjadi', 'olah hati adalah melakukan suatu kegiatan berdasarkan hati nurani kita', 'olah raga adalah memiliki sifat dan mental yang kuat', 'olah hati dan karsa adalah kreatif dalam melakukan sesuatu']","['mendapatkan lingkungan bersih', 'mendapatkkan lingkunngan indah']",20,50,"4,00",D,2
55,1,"['ada empat macam karakter atau olah yang diusulkan oleh ki hajar dewantara untuk membangun kerja sama dan gotong royong', 'jelaskan karakter karakter tersebut']","['olah pikir adalah berpikiran kritis dalam segala situasi yang terjadi', 'olah hati adalah melakukan suatu kegiatan berdasarkan hati nurani kita', 'olah raga adalah memiliki sifat dan mental yang kuat', 'olah hati dan karsa adalah kreatif dalam melakukan sesuatu']",['tolong menolong empati sikap salidaritas yang tinggi dan saling mendukung'],30,50,"6,00",C,3
56,1,"['ada empat macam karakter atau olah yang diusulkan oleh ki hajar dewantara untuk membangun kerja sama dan gotong royong', 'jelaskan karakter karakter tersebut']","['olah pikir adalah berpikiran kritis dalam segala situasi yang terjadi', 'olah hati adalah melakukan suatu kegiatan berdasarkan hati nurani kita', 'olah raga adalah memiliki sifat dan mental yang kuat', 'olah hati dan karsa adalah kreatif dalam melakukan sesuatu']","['mempererat kesaudaraan antar bangsa indonesia', 'membangun sosial yang baik', 'tidak bergantung dengan satu orang', 'pekerjaan yang berat menjadi gampang']",30,50,"6,00",C,3
57,1,"['ada empat macam karakter atau olah yang diusulkan oleh ki hajar dewantara untuk membangun kerja sama dan gotong royong', 'jelaskan karakter karakter tersebut']","['olah pikir adalah berpikiran kritis dalam segala situasi yang terjadi', 'olah hati adalah melakukan suatu kegiatan berdasarkan hati nurani kita', 'olah raga adalah memiliki sifat dan mental yang kuat', 'olah hati dan karsa adalah kreatif dalam melakukan sesuatu']","['olah pikiran', 'olah hati', 'olah raga', 'olah rasa atau karsa']",40,50,"8,00",B,4
58,1,"['ada empat macam karakter atau olah yang diusulkan oleh ki hajar dewantara untuk membangun kerja sama dan gotong royong', 'jelaskan karakter karakter tersebut']","['olah pikir adalah berpikiran kritis dalam segala situasi yang terjadi', 'olah hati adalah melakukan suatu kegiatan berdasarkan hati nurani kita', 'olah raga adalah memiliki sifat dan mental yang kuat', 'olah hati dan karsa adalah kreatif dalam melakukan sesuatu']","['olah raga adalah mengolah raga kita untuk membantu orang lain', 'olah rasa adalah mengolah rasa atau perasaan kita terhadap sekitar', 'olah pikir adalah mengolah pikiran dari diri kita', 'olah hati adalah mengolah hati terhadap kondisi atau situasi sekitar']",50,50,"10,00",A,5
59,1,"['ada empat macam karakter atau olah yang diusulkan oleh ki hajar dewantara untuk membangun kerja sama dan gotong royong', 'jelaskan karakter karakter tersebut']","['olah pikir adalah berpikiran kritis dalam segala situasi yang terjadi', 'olah hati adalah melakukan suatu kegiatan berdasarkan hati nurani kita', 'olah raga adalah memiliki sifat dan mental yang kuat', 'olah hati dan karsa adalah kreatif dalam melakukan sesuatu']","['olah rasa adalah olah rasa adalah sifat yang kreatif dan mempunyai ide', 'olah pikir adalah olah pikir adalah suatu pikiran yang akademis dan logika', 'olah raga adalah olah raga adalah sifat yang berjiwa bergerak dan membantu sesama', 'olah hati adalah olah hati adalah perasaan yang empati seperti baik peduli dan ingin saling menghargai sesama']",50,50,"10,00",A,5
60,1,"['ada empat macam karakter atau olah yang diusulkan oleh ki hajar dewantara untuk membangun kerja sama dan gotong royong', 'jelaskan karakter karakter tersebut']","['olah pikir adalah berpikiran kritis dalam segala situasi yang terjadi', 'olah hati adalah melakukan suatu kegiatan berdasarkan hati nurani kita', 'olah raga adalah memiliki sifat dan mental yang kuat', 'olah hati dan karsa adalah kreatif dalam melakukan sesuatu']","['olah hati artinya seseorang mempunyai sifat yang bersemangat dan baik suka membantu', 'olah pikir artinya seseorang memiliki sifat yang cenderung lebih suka mencapai tujuan tertentu secara individu dan juga pasti merasa kurang dengan hasil yang didapat seperti dalam pendidikan menginginkan nilai seratus dalam semua mata pelajaran', 'olah raga artinya seseorang bukan hanya memiliki tubuh yang kuat akan tetapi juga ada sifat pekerja keras sopan dan disiplin dalam latihan', 'contohnya dalam pertandingan bulutangkis ganda putra yang badan nya kecil cenderung mengambil cock bagian depan net atau shuttlecock dan yang badan nya tinggi berada di bagian belakang untuk melakukan smash yang kencang', 'olah rasa artinya seseorang memiliki karakter yang baik dan cenderung lebih semangat']",50,50,"10,00",A,5
61,1,"['ada empat macam karakter atau olah yang diusulkan oleh ki hajar dewantara untuk membangun kerja sama dan gotong royong', 'jelaskan karakter karakter tersebut']","['olah pikir adalah berpikiran kritis dalam segala situasi yang terjadi', 'olah hati adalah melakukan suatu kegiatan berdasarkan hati nurani kita', 'olah raga adalah memiliki sifat dan mental yang kuat', 'olah hati dan karsa adalah kreatif dalam melakukan sesuatu']",['dewi ratna dewi khanti eyang prabu dewi prambanan'],4,50,"0,80",E,1
62,1,"['ada empat macam karakter atau olah yang diusulkan oleh ki hajar dewantara untuk membangun kerja sama dan gotong royong', 'jelaskan karakter karakter tersebut']","['olah pikir adalah berpikiran kritis dalam segala situasi yang terjadi', 'olah hati adalah melakukan suatu kegiatan berdasarkan hati nurani kita', 'olah raga adalah memiliki sifat dan mental yang kuat', 'olah hati dan karsa adalah kreatif dalam melakukan sesuatu']","['olah rasa', 'olah hati', 'olah pikir', 'tidak mengharap imbalan']",30,50,"6,00",C,3
63,1,"['ada empat macam karakter atau olah yang diusulkan oleh ki hajar dewantara untuk membangun kerja sama dan gotong royong', 'jelaskan karakter karakter tersebut']","['olah pikir adalah berpikiran kritis dalam segala situasi yang terjadi', 'olah hati adalah melakukan suatu kegiatan berdasarkan hati nurani kita', 'olah raga adalah memiliki sifat dan mental yang kuat', 'olah hati dan karsa adalah kreatif dalam melakukan sesuatu']","['sikap solidaritas', 'sikap persatuan', 'sikap saling tolong menolong', 'sikap persaudaraan', 'sikap peduli']",30,50,"6,00",C,3
64,1,"['ada empat macam karakter atau olah yang diusulkan oleh ki hajar dewantara untuk membangun kerja sama dan gotong royong', 'jelaskan karakter karakter tersebut']","['olah pikir adalah berpikiran kritis dalam segala situasi yang terjadi', 'olah hati adalah melakukan suatu kegiatan berdasarkan hati nurani kita', 'olah raga adalah memiliki sifat dan mental yang kuat', 'olah hati dan karsa adalah kreatif dalam melakukan sesuatu']","['olah biru', 'biasanya orang yang memiliki sikap olah biru ini cenderung lebih kreatif', 'olah merah', 'biasanya orang yang memiliki karakter olah merah cenderung lebih pintar dalam mencari jalan keluar setiap masalah', 'olah hijau', 'biasanya orang yang memiliki karakter ini cenderung lebih sabar dalam mengerjakan suatu pekerjaan', 'olah kuning', 'biasanya orang dengan karakter olah kuning memiliki sikap yang lebih bisa menerima kelemahan setiap orang']",50,50,"10,00",A,5
65,1,"['ada empat macam karakter atau olah yang diusulkan oleh ki hajar dewantara untuk membangun kerja sama dan gotong royong', 'jelaskan karakter karakter tersebut']","['olah pikir adalah berpikiran kritis dalam segala situasi yang terjadi', 'olah hati adalah melakukan suatu kegiatan berdasarkan hati nurani kita', 'olah raga adalah memiliki sifat dan mental yang kuat', 'olah hati dan karsa adalah kreatif dalam melakukan sesuatu']","['bersatu untuk menjadikan indonesia sebagai negara yang makmur dan adil', 'bersama sama untuk memperthankan negara indonesia', 'mempertahankan negara indonesia dari negara lain', 'berjuang untuk indonesia menjadi negara maju']",30,50,"6,00",C,3
66,1,"['ada empat macam karakter atau olah yang diusulkan oleh ki hajar dewantara untuk membangun kerja sama dan gotong royong', 'jelaskan karakter karakter tersebut']","['olah pikir adalah berpikiran kritis dalam segala situasi yang terjadi', 'olah hati adalah melakukan suatu kegiatan berdasarkan hati nurani kita', 'olah raga adalah memiliki sifat dan mental yang kuat', 'olah hati dan karsa adalah kreatif dalam melakukan sesuatu']","['olah hati adalah adalah karakter yang harmonis', 'olah pikir adalah adalah karakter yang pemikir', 'olah mental adalah adalah karakter yang berani dan memiliki mental yang kuat', 'olah kuat adalah adalah karakter yang tangguh dan kuat']",40,50,"8,00",B,4
67,1,"['ada empat macam karakter atau olah yang diusulkan oleh ki hajar dewantara untuk membangun kerja sama dan gotong royong', 'jelaskan karakter karakter tersebut']","['olah pikir adalah berpikiran kritis dalam segala situasi yang terjadi', 'olah hati adalah melakukan suatu kegiatan berdasarkan hati nurani kita', 'olah raga adalah memiliki sifat dan mental yang kuat', 'olah hati dan karsa adalah kreatif dalam melakukan sesuatu']","['tidak mudah menyerah dalam hal apapun', 'disiplin waktu dalam melakukan apapun', 'tidak membeda bedakan ras agama dan suku', 'menghormati sesama teman yang berbeda ras suku agama dan juga menghormati orang yang lebih tua']",30,50,"6,00",C,3
68,1,"['ada empat macam karakter atau olah yang diusulkan oleh ki hajar dewantara untuk membangun kerja sama dan gotong royong', 'jelaskan karakter karakter tersebut']","['olah pikir adalah berpikiran kritis dalam segala situasi yang terjadi', 'olah hati adalah melakukan suatu kegiatan berdasarkan hati nurani kita', 'olah raga adalah memiliki sifat dan mental yang kuat', 'olah hati dan karsa adalah kreatif dalam melakukan sesuatu']","['ki hadjar dewantara mengusulkan 4 macam karakter untuk membangun kerjasama dan gotong royong', 'karakter tsb adalah adalah', 'olah hati', 'oiah hati adalah karakter yang suka damai dan harmonis menghindari pertikaian atau konflik', 'olah raga', 'olah raga adalah untuk tekun dalam hal yang sedang dikerjakan', 'olah raga juga berarti disiplin dan teguh', 'olah rasa dan karsa', 'olah rasa dan karsa adalah karakter seseorang yang kreatif dan komunikatif', 'olah pikir', 'olah pikir adalah kemampuan seseorang untuk berpikir pintar secara akademis']",50,50,"10,00",A,5
69,1,"['ada empat macam karakter atau olah yang diusulkan oleh ki hajar dewantara untuk membangun kerja sama dan gotong royong', 'jelaskan karakter karakter tersebut']","['olah pikir adalah berpikiran kritis dalam segala situasi yang terjadi', 'olah hati adalah melakukan suatu kegiatan berdasarkan hati nurani kita', 'olah raga adalah memiliki sifat dan mental yang kuat', 'olah hati dan karsa adalah kreatif dalam melakukan sesuatu']","['olah pikir sikap pikir akademis dan teliti', 'olah hati sikap yang suka harmonis', 'olah raga sikap yang disiplin', 'olah rasa sikap kreatif']",50,50,"10,00",A,5
70,1,"['ada empat macam karakter atau olah yang diusulkan oleh ki hajar dewantara untuk membangun kerja sama dan gotong royong', 'jelaskan karakter karakter tersebut']","['olah pikir adalah berpikiran kritis dalam segala situasi yang terjadi', 'olah hati adalah melakukan suatu kegiatan berdasarkan hati nurani kita', 'olah raga adalah memiliki sifat dan mental yang kuat', 'olah hati dan karsa adalah kreatif dalam melakukan sesuatu']","['ada empat macam karakter atau olah yang diusulkan oleh ki hajar dewantara untuk membangun kerja sama dan gotong royong', 'jelaskan karakter karakter tersebut']",0,50,"0,00",E,1
71,1,"['ada empat macam karakter atau olah yang diusulkan oleh ki hajar dewantara untuk membangun kerja sama dan gotong royong', 'jelaskan karakter karakter tersebut']","['olah pikir adalah berpikiran kritis dalam segala situasi yang terjadi', 'olah hati adalah melakukan suatu kegiatan berdasarkan hati nurani kita', 'olah raga adalah memiliki sifat dan mental yang kuat', 'olah hati dan karsa adalah kreatif dalam melakukan sesuatu']",['olah rasa olah hati olah pikir olah raga'],40,50,"8,00",B,4
72,1,"['ada empat macam karakter atau olah yang diusulkan oleh ki hajar dewantara untuk membangun kerja sama dan gotong royong', 'jelaskan karakter karakter tersebut']","['olah pikir adalah berpikiran kritis dalam segala situasi yang terjadi', 'olah hati adalah melakukan suatu kegiatan berdasarkan hati nurani kita', 'olah raga adalah memiliki sifat dan mental yang kuat', 'olah hati dan karsa adalah kreatif dalam melakukan sesuatu']","['berkerja sama untuk mencapai tujuan yang ingin dicapai', 'mau menolong dan membantu antar satu dengan lainnya', 'untuk menumbuhkan sikap persatuan dan kesatuan']",30,50,"6,00",C,3
73,1,"['ada empat macam karakter atau olah yang diusulkan oleh ki hajar dewantara untuk membangun kerja sama dan gotong royong', 'jelaskan karakter karakter tersebut']","['olah pikir adalah berpikiran kritis dalam segala situasi yang terjadi', 'olah hati adalah melakukan suatu kegiatan berdasarkan hati nurani kita', 'olah raga adalah memiliki sifat dan mental yang kuat', 'olah hati dan karsa adalah kreatif dalam melakukan sesuatu']","['olah hati adalah olah hati adalah orang yang selalu berpikiran dan berperilaku positif', 'biasanya orang yang memiliki olah hati memiliki hati yang damai dan harmonis', 'olah pikir adalah olah pikir adalah orang yang berhati hati penuh pertimbangan teliti dan akademis', 'olah raga adalah olah raga adalah orang yang selalu tekun dan disiplin biasanya orang yang memiliki karakter olah raga memiliki mental yang kuat', 'olah rasa dan karsa adalah olah rasa dan karsa adalah orang yang memiliki karakter yang kreatif dan komunikatif']",50,50,"10,00",A,5
74,1,"['ada empat macam karakter atau olah yang diusulkan oleh ki hajar dewantara untuk membangun kerja sama dan gotong royong', 'jelaskan karakter karakter tersebut']","['olah pikir adalah berpikiran kritis dalam segala situasi yang terjadi', 'olah hati adalah melakukan suatu kegiatan berdasarkan hati nurani kita', 'olah raga adalah memiliki sifat dan mental yang kuat', 'olah hati dan karsa adalah kreatif dalam melakukan sesuatu']","['olah hati', 'olah karsa', 'olah pikir', 'olah raga']",40,50,"8,00",B,4
75,1,"['ada empat macam karakter atau olah yang diusulkan oleh ki hajar dewantara untuk membangun kerja sama dan gotong royong', 'jelaskan karakter karakter tersebut']","['olah pikir adalah berpikiran kritis dalam segala situasi yang terjadi', 'olah hati adalah melakukan suatu kegiatan berdasarkan hati nurani kita', 'olah raga adalah memiliki sifat dan mental yang kuat', 'olah hati dan karsa adalah kreatif dalam melakukan sesuatu']","['pantang menyerah', 'tak membeda bedakan sesama', 'menghargai sesama', 'mempunyai sifat solidaritas yang tinggi']",30,50,"6,00",C,3
76,1,"['ada empat macam karakter atau olah yang diusulkan oleh ki hajar dewantara untuk membangun kerja sama dan gotong royong', 'jelaskan karakter karakter tersebut']","['olah pikir adalah berpikiran kritis dalam segala situasi yang terjadi', 'olah hati adalah melakukan suatu kegiatan berdasarkan hati nurani kita', 'olah raga adalah memiliki sifat dan mental yang kuat', 'olah hati dan karsa adalah kreatif dalam melakukan sesuatu']","['bijaksana', 'sikap peduli', 'sikap bermusyawarah', 'sikap belarasa']",30,50,"6,00",C,3
77,1,"['ada empat macam karakter atau olah yang diusulkan oleh ki hajar dewantara untuk membangun kerja sama dan gotong royong', 'jelaskan karakter karakter tersebut']","['olah pikir adalah berpikiran kritis dalam segala situasi yang terjadi', 'olah hati adalah melakukan suatu kegiatan berdasarkan hati nurani kita', 'olah raga adalah memiliki sifat dan mental yang kuat', 'olah hati dan karsa adalah kreatif dalam melakukan sesuatu']","['belarasa adalah sikap yang turut serta melakukan kegiatan sesuatu', 'membantu sesama adalah sikap yang suka membantu orang yang kesusahan', 'toleransi adalah sikap menghormati antar sesama', 'etos kerja adalah sikap semangat kerja yang tinggi']",30,50,"6,00",C,3
78,1,"['ada empat macam karakter atau olah yang diusulkan oleh ki hajar dewantara untuk membangun kerja sama dan gotong royong', 'jelaskan karakter karakter tersebut']","['olah pikir adalah berpikiran kritis dalam segala situasi yang terjadi', 'olah hati adalah melakukan suatu kegiatan berdasarkan hati nurani kita', 'olah raga adalah memiliki sifat dan mental yang kuat', 'olah hati dan karsa adalah kreatif dalam melakukan sesuatu']","['saling membantu sesama', 'menghormati dan menghargai orang', 'persatuan dan kesatuan', 'rela berkorban']",30,50,"6,00",C,3
79,1,"['ada empat macam karakter atau olah yang diusulkan oleh ki hajar dewantara untuk membangun kerja sama dan gotong royong', 'jelaskan karakter karakter tersebut']","['olah pikir adalah berpikiran kritis dalam segala situasi yang terjadi', 'olah hati adalah melakukan suatu kegiatan berdasarkan hati nurani kita', 'olah raga adalah memiliki sifat dan mental yang kuat', 'olah hati dan karsa adalah kreatif dalam melakukan sesuatu']",['olah pikir olah kerja olah olahraga olah memahami'],35,50,"7,00",B,4
80,1,"['ada empat macam karakter atau olah yang diusulkan oleh ki hajar dewantara untuk membangun kerja sama dan gotong royong', 'jelaskan karakter karakter tersebut']","['olah pikir adalah berpikiran kritis dalam segala situasi yang terjadi', 'olah hati adalah melakukan suatu kegiatan berdasarkan hati nurani kita', 'olah raga adalah memiliki sifat dan mental yang kuat', 'olah hati dan karsa adalah kreatif dalam melakukan sesuatu']","['tidak membeda bedakan suku ras agama', 'toleransi', 'saling menghargai dan menghormati', 'tidak mencari kelemahan dari pendapat teman']",30,50,"6,00",C,3
81,1,"['ada empat macam karakter atau olah yang diusulkan oleh ki hajar dewantara untuk membangun kerja sama dan gotong royong', 'jelaskan karakter karakter tersebut']","['olah pikir adalah berpikiran kritis dalam segala situasi yang terjadi', 'olah hati adalah melakukan suatu kegiatan berdasarkan hati nurani kita', 'olah raga adalah memiliki sifat dan mental yang kuat', 'olah hati dan karsa adalah kreatif dalam melakukan sesuatu']","['saling peduli', 'saling membantu', 'tidak membedakan suku antar lain', 'mau toleransi kepada orang lain']",30,50,"6,00",C,3
82,1,"['ada empat macam karakter atau olah yang diusulkan oleh ki hajar dewantara untuk membangun kerja sama dan gotong royong', 'jelaskan karakter karakter tersebut']","['olah pikir adalah berpikiran kritis dalam segala situasi yang terjadi', 'olah hati adalah melakukan suatu kegiatan berdasarkan hati nurani kita', 'olah raga adalah memiliki sifat dan mental yang kuat', 'olah hati dan karsa adalah kreatif dalam melakukan sesuatu']","['biru adalah disiplin', 'merah adalah suka damai', 'hijau adalah kreatif', 'kuning adalah olah hati']",50,50,"10,00",A,5
83,1,"['ada empat macam karakter atau olah yang diusulkan oleh ki hajar dewantara untuk membangun kerja sama dan gotong royong', 'jelaskan karakter karakter tersebut']","['olah pikir adalah berpikiran kritis dalam segala situasi yang terjadi', 'olah hati adalah melakukan suatu kegiatan berdasarkan hati nurani kita', 'olah raga adalah memiliki sifat dan mental yang kuat', 'olah hati dan karsa adalah kreatif dalam melakukan sesuatu']","['olah pikir', 'karakter yang membuat kita berpikir sebelum bertindak', 'olah hati', 'karakter yang membuat kita agar selalu memiliki sikap baik hati', 'olah raga', 'karakter yang membuat kita agar tetap selalu menjaga kesehatan dan jiwa raga kita', '4 olah rasa', 'karakter agar kita selalu memiliki perasaan yang baik dan tidak sombong terhadap yang kita miliki']",50,50,"10,00",A,5
84,1,"['ada empat macam karakter atau olah yang diusulkan oleh ki hajar dewantara untuk membangun kerja sama dan gotong royong', 'jelaskan karakter karakter tersebut']","['olah pikir adalah berpikiran kritis dalam segala situasi yang terjadi', 'olah hati adalah melakukan suatu kegiatan berdasarkan hati nurani kita', 'olah raga adalah memiliki sifat dan mental yang kuat', 'olah hati dan karsa adalah kreatif dalam melakukan sesuatu']","['olah hati adalah karakter yang cinta damai serta kehidupan harmonis', 'berwarna adalah biru', 'olah pikir adalah karakter yang penuh pertimbangan dan teliti', 'berwarna', 'hijau', 'olah raga adalah karakter yang tekun dan disiplin', 'berwarna adalah kuning', 'olah rasa dan karsa adalah karakter yang penuh perasaan yang baik', 'berwarna adalah merah']",50,50,"10,00",A,5
85,1,"['ada empat macam karakter atau olah yang diusulkan oleh ki hajar dewantara untuk membangun kerja sama dan gotong royong', 'jelaskan karakter karakter tersebut']","['olah pikir adalah berpikiran kritis dalam segala situasi yang terjadi', 'olah hati adalah melakukan suatu kegiatan berdasarkan hati nurani kita', 'olah raga adalah memiliki sifat dan mental yang kuat', 'olah hati dan karsa adalah kreatif dalam melakukan sesuatu']","['olah hati adalah mengolah hati kita supaya bisa melakukan kerja sama dan gotong royong', 'olah rasa adalah', 'olah fisik adalah tidak hanya olahr', 'olah karakter adalah']",40,50,"8,00",B,4
86,1,"['ada empat macam karakter atau olah yang diusulkan oleh ki hajar dewantara untuk membangun kerja sama dan gotong royong', 'jelaskan karakter karakter tersebut']","['olah pikir adalah berpikiran kritis dalam segala situasi yang terjadi', 'olah hati adalah melakukan suatu kegiatan berdasarkan hati nurani kita', 'olah raga adalah memiliki sifat dan mental yang kuat', 'olah hati dan karsa adalah kreatif dalam melakukan sesuatu']",['karakter yang dibangun ki hajar dewantara adalah berani menghargai satu sama lain tidak membeda bedakan orang lain'],30,50,"6,00",C,3
87,1,"['ada empat macam karakter atau olah yang diusulkan oleh ki hajar dewantara untuk membangun kerja sama dan gotong royong', 'jelaskan karakter karakter tersebut']","['olah pikir adalah berpikiran kritis dalam segala situasi yang terjadi', 'olah hati adalah melakukan suatu kegiatan berdasarkan hati nurani kita', 'olah raga adalah memiliki sifat dan mental yang kuat', 'olah hati dan karsa adalah kreatif dalam melakukan sesuatu']","['olah hati', 'olah hati adalah mengolah hati kita menjadi hati yang lembut', 'olah pikir', 'olah pikir adalah mengolah pemikiran kita menjadi pemikiran yang baik dan positif', 'olah raga', 'olah raga adalah mengolah tubuh menjadi lebih sehat dan kuat', 'olah rasa', 'olah rasa adalah mengolah perasaan kita agar menjadi baik']",50,50,"10,00",A,5
88,1,"['ada empat macam karakter atau olah yang diusulkan oleh ki hajar dewantara untuk membangun kerja sama dan gotong royong', 'jelaskan karakter karakter tersebut']","['olah pikir adalah berpikiran kritis dalam segala situasi yang terjadi', 'olah hati adalah melakukan suatu kegiatan berdasarkan hati nurani kita', 'olah raga adalah memiliki sifat dan mental yang kuat', 'olah hati dan karsa adalah kreatif dalam melakukan sesuatu']",['kosong'],0,50,"0,00",E,1
89,1,"['ada empat macam karakter atau olah yang diusulkan oleh ki hajar dewantara untuk membangun kerja sama dan gotong royong', 'jelaskan karakter karakter tersebut']","['olah pikir adalah berpikiran kritis dalam segala situasi yang terjadi', 'olah hati adalah melakukan suatu kegiatan berdasarkan hati nurani kita', 'olah raga adalah memiliki sifat dan mental yang kuat', 'olah hati dan karsa adalah kreatif dalam melakukan sesuatu']","['olah hati yang dimana menjelaskan sebuah karakter yang memiliki sifat rendah hati didalam kelompok bukan rendah diri', 'olah pikir sebuah karakter yang cenderung berpikir sebelum bertindak', 'biasanya karakter ini lebih teliti', 'olah raga bukanlah sebuah olahraga dalam tubuh namun adanya pikiran di dalam raga seseorang didalam suatu kelompok', 'olah seni dan budaya sebuah karakter yang cenderung memberikan ide ide dan wawasan yang bagus dalam kelompok', 'olah tanggung jawab sebuah karakter yang mempertanggung jawabkan semua perilaku di dalam kelompok']",45,50,"9,00",A,5
90,1,"['ada empat macam karakter atau olah yang diusulkan oleh ki hajar dewantara untuk membangun kerja sama dan gotong royong', 'jelaskan karakter karakter tersebut']","['olah pikir adalah berpikiran kritis dalam segala situasi yang terjadi', 'olah hati adalah melakukan suatu kegiatan berdasarkan hati nurani kita', 'olah raga adalah memiliki sifat dan mental yang kuat', 'olah hati dan karsa adalah kreatif dalam melakukan sesuatu']","['olah hati merupakan rasa cinta yang harmonis', 'olah raga merupakan kemampuan orang lain', 'olah rasa merupakan rasa harmonis', 'olah pikir merupakan kebahagiaan hati hati serta teliti']",50,50,"10,00",A,5
91,1,"['ada empat macam karakter atau olah yang diusulkan oleh ki hajar dewantara untuk membangun kerja sama dan gotong royong', 'jelaskan karakter karakter tersebut']","['olah pikir adalah berpikiran kritis dalam segala situasi yang terjadi', 'olah hati adalah melakukan suatu kegiatan berdasarkan hati nurani kita', 'olah raga adalah memiliki sifat dan mental yang kuat', 'olah hati dan karsa adalah kreatif dalam melakukan sesuatu']",['kosong'],0,50,"0,00",E,1
92,1,"['ada empat macam karakter atau olah yang diusulkan oleh ki hajar dewantara untuk membangun kerja sama dan gotong royong', 'jelaskan karakter karakter tersebut']","['olah pikir adalah berpikiran kritis dalam segala situasi yang terjadi', 'olah hati adalah melakukan suatu kegiatan berdasarkan hati nurani kita', 'olah raga adalah memiliki sifat dan mental yang kuat', 'olah hati dan karsa adalah kreatif dalam melakukan sesuatu']",['olah tubuh olah olahan'],5,50,"1,00",E,1
93,1,"['ada empat macam karakter atau olah yang diusulkan oleh ki hajar dewantara untuk membangun kerja sama dan gotong royong', 'jelaskan karakter karakter tersebut']","['olah pikir adalah berpikiran kritis dalam segala situasi yang terjadi', 'olah hati adalah melakukan suatu kegiatan berdasarkan hati nurani kita', 'olah raga adalah memiliki sifat dan mental yang kuat', 'olah hati dan karsa adalah kreatif dalam melakukan sesuatu']",['suka menolong suka membantu memasak dan lain lain'],2,50,"0,40",E,1
94,1,"['ada empat macam karakter atau olah yang diusulkan oleh ki hajar dewantara untuk membangun kerja sama dan gotong royong', 'jelaskan karakter karakter tersebut']","['olah pikir adalah berpikiran kritis dalam segala situasi yang terjadi', 'olah hati adalah melakukan suatu kegiatan berdasarkan hati nurani kita', 'olah raga adalah memiliki sifat dan mental yang kuat', 'olah hati dan karsa adalah kreatif dalam melakukan sesuatu']",['dewi kumalasari melatih diri bertapa di tepi sungai gangga'],2,50,"0,40",E,1
95,1,"['ada empat macam karakter atau olah yang diusulkan oleh ki hajar dewantara untuk membangun kerja sama dan gotong royong', 'jelaskan karakter karakter tersebut']","['olah pikir adalah berpikiran kritis dalam segala situasi yang terjadi', 'olah hati adalah melakukan suatu kegiatan berdasarkan hati nurani kita', 'olah raga adalah memiliki sifat dan mental yang kuat', 'olah hati dan karsa adalah kreatif dalam melakukan sesuatu']",['karakter yang tenan berbudi luhur suka membantu dan suka menolong'],2,50,"0,40",E,1
96,1,"['ada empat macam karakter atau olah yang diusulkan oleh ki hajar dewantara untuk membangun kerja sama dan gotong royong', 'jelaskan karakter karakter tersebut']","['olah pikir adalah berpikiran kritis dalam segala situasi yang terjadi', 'olah hati adalah melakukan suatu kegiatan berdasarkan hati nurani kita', 'olah raga adalah memiliki sifat dan mental yang kuat', 'olah hati dan karsa adalah kreatif dalam melakukan sesuatu']",['untuk mendapatkan lingkungan yang bersih dan indah penting untuk mengelola sampah dengan baik melalui pemisahan dan daur ulang serta mengurangi penggunaan plastik sekali pakai'],20,50,"4,00",D,2
97,1,"['ada empat macam karakter atau olah yang diusulkan oleh ki hajar dewantara untuk membangun kerja sama dan gotong royong', 'jelaskan karakter karakter tersebut']","['olah pikir adalah berpikiran kritis dalam segala situasi yang terjadi', 'olah hati adalah melakukan suatu kegiatan berdasarkan hati nurani kita', 'olah raga adalah memiliki sifat dan mental yang kuat', 'olah hati dan karsa adalah kreatif dalam melakukan sesuatu']",['olahraga merupakan aktivitas fisik yang dilakukan secara teratur dan terencana untuk meningkatkan kebugaran tubuh kesehatan mental dan kesejahteraan secara keseluruhan'],21,50,"4,20",D,2
98,1,"['ada empat macam karakter atau olah yang diusulkan oleh ki hajar dewantara untuk membangun kerja sama dan gotong royong', 'jelaskan karakter karakter tersebut']","['olah pikir adalah berpikiran kritis dalam segala situasi yang terjadi', 'olah hati adalah melakukan suatu kegiatan berdasarkan hati nurani kita', 'olah raga adalah memiliki sifat dan mental yang kuat', 'olah hati dan karsa adalah kreatif dalam melakukan sesuatu']",['karakter yang lincah dengan olah raga yang senang berbagi juga'],"22,5",50,"4,50",D,2
99,1,"['ada empat macam karakter atau olah yang diusulkan oleh ki hajar dewantara untuk membangun kerja sama dan gotong royong', 'jelaskan karakter karakter tersebut']","['olah pikir adalah berpikiran kritis dalam segala situasi yang terjadi', 'olah hati adalah melakukan suatu kegiatan berdasarkan hati nurani kita', 'olah raga adalah memiliki sifat dan mental yang kuat', 'olah hati dan karsa adalah kreatif dalam melakukan sesuatu']",['karakter yang tumbuh dan berkembang menjadi menyenangkan karena olah rasa yang baik'],"22,5",50,"4,50",D,2
100,1,"['ada empat macam karakter atau olah yang diusulkan oleh ki hajar dewantara untuk membangun kerja sama dan gotong royong', 'jelaskan karakter karakter tersebut']","['olah pikir adalah berpikiran kritis dalam segala situasi yang terjadi', 'olah hati adalah melakukan suatu kegiatan berdasarkan hati nurani kita', 'olah raga adalah memiliki sifat dan mental yang kuat', 'olah hati dan karsa adalah kreatif dalam melakukan sesuatu']",['karakter yang tumbuh dan berkembang memiliki kemampuan untuk mengolah rasa dengan baik sehingga dapat menghadapi berbagai situasi dengan bijak dan penuh kesadaran'],"22,5",50,"4,50",D,2
101,1,"['ada empat macam karakter atau olah yang diusulkan oleh ki hajar dewantara untuk membangun kerja sama dan gotong royong', 'jelaskan karakter karakter tersebut']","['olah pikir adalah berpikiran kritis dalam segala situasi yang terjadi', 'olah hati adalah melakukan suatu kegiatan berdasarkan hati nurani kita', 'olah raga adalah memiliki sifat dan mental yang kuat', 'olah hati dan karsa adalah kreatif dalam melakukan sesuatu']",['karakter yang baik bisa dibentuk juga dengan berolah raga karena membuat tubuh menjadi bugar dan sehat'],"22,5",50,"4,50",D,2
102,2,['apakah perbedaan not responding dengan hang'],"['not responding berarti proses tidak merespon panggilan sistem operasi setelah batas waktu tertentu sifatnya recoverable', 'hang berarti terjadi deadlock sifatnya non recoverable']",['not responding yaitu software mengalami kegagalan perintah sedangkan hang sistem tidak dapat menanggapi perintah'],3,10,"3,00",E,1
103,2,['apakah perbedaan not responding dengan hang'],"['not responding berarti proses tidak merespon panggilan sistem operasi setelah batas waktu tertentu sifatnya recoverable', 'hang berarti terjadi deadlock sifatnya non recoverable']",['not responding adalah suatu keadaan dimana software yang dugunakan mengalami kegagalan perintah sedangkan hang adalah sistem atau os yang tidak dapat menanggapi segala perintah yang dimasukkan yang mengarah pada kerusakan komputer'],3,10,"3,00",E,1
104,2,['apakah perbedaan not responding dengan hang'],"['not responding berarti proses tidak merespon panggilan sistem operasi setelah batas waktu tertentu sifatnya recoverable', 'hang berarti terjadi deadlock sifatnya non recoverable']","['not responding adalah sistem operasi memberikan sebuah perintah pada proses kemudian proses tersebut gagal menjalankannya dalam batas waktu tertentu', 'hang adalah sebuah proses tidak pernah keluar dari kondisi not responding kemudian besar terjadi deadlock kemudian proses akan hang']",8,10,"8,00",B,4
105,2,['apakah perbedaan not responding dengan hang'],"['not responding berarti proses tidak merespon panggilan sistem operasi setelah batas waktu tertentu sifatnya recoverable', 'hang berarti terjadi deadlock sifatnya non recoverable']","['not respon recoverable jika proses gagal menjalankannya dalam batas waktu tertentu masih ada tanda akan kembali normal', 'hang unrecoverable jika proses tidak pernah keluar dari kondisi not responding gajelas']",8,10,"8,00",B,4
106,2,['apakah perbedaan not responding dengan hang'],"['not responding berarti proses tidak merespon panggilan sistem operasi setelah batas waktu tertentu sifatnya recoverable', 'hang berarti terjadi deadlock sifatnya non recoverable']",['not responding adalah suatu keadaan dimana software yang dugunakan mengalami kegagalan perintah dan mengakibatkan software tersebut tidak dapat memahami apa yang diperintahkan sedangkan adalah suatu sistem atau os yang tidak dapat menanggapi segala perintah yang dimasukkan tentunya mengarah pada kerusakan komputer'],3,10,"3,00",E,1
107,2,['apakah perbedaan not responding dengan hang'],"['not responding berarti proses tidak merespon panggilan sistem operasi setelah batas waktu tertentu sifatnya recoverable', 'hang berarti terjadi deadlock sifatnya non recoverable']","['not responding adalah terjadi ketika aplikasi berhenti merespons karena kesalahan koneksi internet', 'hang adalah tidak pernah keluar dari not responding']",5,10,"5,00",D,2
108,2,['apakah perbedaan not responding dengan hang'],"['not responding berarti proses tidak merespon panggilan sistem operasi setelah batas waktu tertentu sifatnya recoverable', 'hang berarti terjadi deadlock sifatnya non recoverable']",['not responding adalah aplikasi tidak merespons karena gangguan di ram hang adalah ketika program tidak bisa kembali normal berjalan di latar belakang'],5,10,"5,00",D,2
109,2,['apakah perbedaan not responding dengan hang'],"['not responding berarti proses tidak merespon panggilan sistem operasi setelah batas waktu tertentu sifatnya recoverable', 'hang berarti terjadi deadlock sifatnya non recoverable']",['not responding adalah terjadi karena beban cpu yang terlalu tinggi hang adalah mengakibatkan sistem perlu dimatikan secara paksa'],5,10,"5,00",D,2
110,2,['apakah perbedaan not responding dengan hang'],"['not responding berarti proses tidak merespon panggilan sistem operasi setelah batas waktu tertentu sifatnya recoverable', 'hang berarti terjadi deadlock sifatnya non recoverable']",['not responding adalah peristiwa yang terjadi ketika sistem operasi memberikan sebuah perintah pada proses misalnya menutup sebuah jendela kemudian proses gagal menjalankannya dalam batas waktu tertentu not responding dapat dikatakan jika sistem operasinya recoverable'],5,10,"5,00",D,2
111,2,['apakah perbedaan not responding dengan hang'],"['not responding berarti proses tidak merespon panggilan sistem operasi setelah batas waktu tertentu sifatnya recoverable', 'hang berarti terjadi deadlock sifatnya non recoverable']","['not responding adalah kondisi pada software yang digunakan mengalami kegagalan perintah jadi software tidak memahami perintah yang diberikan', 'sedangkan hang adalah kondisi pada komputer yang tidak merespon semua perintah yang diberikan dari keyboard maupun mouse']",3,10,"3,00",E,1
112,2,['apakah perbedaan not responding dengan hang'],"['not responding berarti proses tidak merespon panggilan sistem operasi setelah batas waktu tertentu sifatnya recoverable', 'hang berarti terjadi deadlock sifatnya non recoverable']",['not responding adalah suatu keadaan ketika os meminta software atau program untuk menjalankan suatu perintah dan program gagal untuk menjalankan permintaan tersebut dalam waktu tertentu maka program akan mengalami not responding sedangkan jika program tersebut tidak pernah keluar dari keadaan tersebut maka program tersebut mengalami hung'],8,10,"8,00",B,4
113,2,['apakah perbedaan not responding dengan hang'],"['not responding berarti proses tidak merespon panggilan sistem operasi setelah batas waktu tertentu sifatnya recoverable', 'hang berarti terjadi deadlock sifatnya non recoverable']","['not responding adalah suatu keadaan dimana software yang dugunakan mengalami kegagalan perintah dan mengakibatkan software tersebut tidak dapat memahami apa yang diperintahkan', 'hang adalah os yang tidak dapat menanggapi segala perintah yang dimasukkan tentunya mengarah pada kerusakan komputer']",3,10,"3,00",E,1
114,2,['apakah perbedaan not responding dengan hang'],"['not responding berarti proses tidak merespon panggilan sistem operasi setelah batas waktu tertentu sifatnya recoverable', 'hang berarti terjadi deadlock sifatnya non recoverable']","['not responding suatu keadaan dimana software yang dugunakan mengalami kegagalan perintah dan mengakibatkan software tersebut tidak dapat memahami apa yang diperintahkan dan komputer pun akan memberikan sebuah pertanyaan apakan mau menunggu atau mengakhiri secara paksa', 'sedangkan hang komputer tidak dapat menerima perintah yang dimasukan komputer dan mengarah kepada kerusakan komputer']",3,10,"3,00",E,1
115,2,['apakah perbedaan not responding dengan hang'],"['not responding berarti proses tidak merespon panggilan sistem operasi setelah batas waktu tertentu sifatnya recoverable', 'hang berarti terjadi deadlock sifatnya non recoverable']","['not responding merupakan suatu keadaan yang mengarah pada keadaan di mana software yang digunakan mengalami kegagalan perintah sedangkan', 'hang itu dimaksudkan ketika suatu sistem atau os tidak dapat menanggapi segala perintah yang di masukan ini berarti mengarah kepada kerusakan komputer tersebut']",3,10,"3,00",E,1
116,2,['apakah perbedaan not responding dengan hang'],"['not responding berarti proses tidak merespon panggilan sistem operasi setelah batas waktu tertentu sifatnya recoverable', 'hang berarti terjadi deadlock sifatnya non recoverable']",['perbedaannya yaitu pengertian secara umum hang adalah no respond sedangkan dalam bidang komputer hang dimaksudkan suatu sistem atau os yang tidak dapat menanggapi segala perintah yang dimasukkan tentunya mengarah pada kerusakan komputer namun kalau kondisi hang komputer tidak dapat merespon segala perintah yang diberikan dari mouse maupun keyboard'],3,10,"3,00",E,1
117,2,['apakah perbedaan not responding dengan hang'],"['not responding berarti proses tidak merespon panggilan sistem operasi setelah batas waktu tertentu sifatnya recoverable', 'hang berarti terjadi deadlock sifatnya non recoverable']",['perbedaan not responding dan hang adalah apabila not responding adalah keadaan dimana software mengalami kegagalan perintah sehingga software tidak memahami apa yang diperintahkan dan komputer akan memberikan pertanyaan apakah user ingin menunggu atau mengakhiri aplikasi secara paksa sedangkan hang adalah keadaan dimana sistem operasi tidak dapat menanggapi segala perintah yang dimasukkan dimana mengarah pada kerusakan komputer keadaan hang ini mengakibatkan komputer tidak dapat merespon perintah dari mouse ataupun keyboard sedangkan not responding dapat merespon perintah dari mouse ataupun keyboard'],3,10,"3,00",E,1
118,2,['apakah perbedaan not responding dengan hang'],"['not responding berarti proses tidak merespon panggilan sistem operasi setelah batas waktu tertentu sifatnya recoverable', 'hang berarti terjadi deadlock sifatnya non recoverable']",['hang yaitu jika proses tidak pernah keluar dari kondisi not responding kemungkinan besar terjadi deadlock kemudian proses akan unrecoverable sedangkan not responding adalah jika sistem operasi memberikan sebuah perintah pada proses misal adalah membaca keystroke atau menutup sebuah jendela kemudian proses gagal menjalankannya dalam batas waktu tertentu'],8,10,"8,00",B,4
119,2,['apakah perbedaan not responding dengan hang'],"['not responding berarti proses tidak merespon panggilan sistem operasi setelah batas waktu tertentu sifatnya recoverable', 'hang berarti terjadi deadlock sifatnya non recoverable']","['not responding adalah program tidak responsive dikarenakan sedang menunggu resource yang akan di gunakan', 'hang adalah program mengalami deadlock dimana program mengalami proses menunggu tidak henti dikarenakan peristiwa deadlock']",5,10,"5,00",D,2
120,2,['apakah perbedaan not responding dengan hang'],"['not responding berarti proses tidak merespon panggilan sistem operasi setelah batas waktu tertentu sifatnya recoverable', 'hang berarti terjadi deadlock sifatnya non recoverable']",['hang adalah no respond sedangkan dalam bidang komputer hang dimaksudkan suatu sistem atau os yang tidak dapat menanggapi segala perintah yang dimasukkan tentunya mengarah pada kerusakan komputer'],3,10,"3,00",E,1
121,2,['apakah perbedaan not responding dengan hang'],"['not responding berarti proses tidak merespon panggilan sistem operasi setelah batas waktu tertentu sifatnya recoverable', 'hang berarti terjadi deadlock sifatnya non recoverable']",['perbedaan utamanya adalah not responding masih ada kemungkinan untuk bisa dijalankan atau keluar dari deadlock sedangkan hang sudah tidak bisa lagi keluar cara satu satunya adalah mematikan komputer dan booting ulang'],8,10,"8,00",B,4
122,2,['apakah perbedaan not responding dengan hang'],"['not responding berarti proses tidak merespon panggilan sistem operasi setelah batas waktu tertentu sifatnya recoverable', 'hang berarti terjadi deadlock sifatnya non recoverable']","['not responding adalah suatu keadaan dimana software yang digunakan mengalami kegagalan perintah dan mengakibatkan software tersebut tidak dapat memahami apa yang diperintahkan dan komputer akan memeberikan sebuah pertanyaan apakah mau menunggu atau mengakhiri aplikasi tersebut secara paksa', 'hang adalah kondisi suatu sistem atau os yang tidak dapat menanggapi segala perintah yang dimasukkan tentunya mengarah pada kerusakan komputer', 'pada kondisi hang komputer tidak dapat merespon segala perintah yang diberikan dari mouse maupun keyboard']",3,10,"3,00",E,1
123,2,['apakah perbedaan not responding dengan hang'],"['not responding berarti proses tidak merespon panggilan sistem operasi setelah batas waktu tertentu sifatnya recoverable', 'hang berarti terjadi deadlock sifatnya non recoverable']","['not responding adalah suatu keadaan dimana software yang mengalami kegagalan perintah dan mengakibatkan software tidak dapat memahami apa yang diperintahkan kemudian komputer pun akan memberikan sebuah pertanyaan apakah mau menunggu atau mengakhiri aplikasi sofware secara paksa', 'sedangkan hang adalah sebuah sistem tidak dapat menanggapi semua perintah yang ingin dimasukkan dan bisa jadi mengarah kepada kerusakan pada komputer tersebut']",3,10,"3,00",E,1
124,2,['apakah perbedaan not responding dengan hang'],"['not responding berarti proses tidak merespon panggilan sistem operasi setelah batas waktu tertentu sifatnya recoverable', 'hang berarti terjadi deadlock sifatnya non recoverable']","['apabila sistem operasi meminta program untuk mengerjakan sesuatu namun tidak dapat memahami perintahnya sehingga tidak menjalankannya dalam beberapa waktu yang telah ditentukan maka akan terjadi not responding', 'apabila program tidak dapat keluar dari permasalahan tersebut maka kejadian tersebut disebut hang']",8,10,"8,00",B,4
125,2,['apakah perbedaan not responding dengan hang'],"['not responding berarti proses tidak merespon panggilan sistem operasi setelah batas waktu tertentu sifatnya recoverable', 'hang berarti terjadi deadlock sifatnya non recoverable']","['not responding adalah software mengalami kegagalan perintah sehingga tidak dapat memahami apa yang diperintahkan', 'hang adalah sistem operasi tidak bisa menanggapi segala perintah yang ada']",3,10,"3,00",E,1
126,2,['apakah perbedaan not responding dengan hang'],"['not responding berarti proses tidak merespon panggilan sistem operasi setelah batas waktu tertentu sifatnya recoverable', 'hang berarti terjadi deadlock sifatnya non recoverable']",['not responding terjadi jika dalam suatu aplikasi terdapat kekurangan data pada sistem sedangkan hang hanya merupakan suatu perintah bahwa komputer nge freeze atau berhenti sejenak'],0,10,"0,00",E,1
127,2,['apakah perbedaan not responding dengan hang'],"['not responding berarti proses tidak merespon panggilan sistem operasi setelah batas waktu tertentu sifatnya recoverable', 'hang berarti terjadi deadlock sifatnya non recoverable']","['jika sistem operasi memberikan sebuah perintah pada proses kemudian proses tersebut gagal menjalankannya dalam batas waktu tertentu ini', 'disebut not responding', 'recoverable', 'sedangkan jika proses tidak pernah keluar dari kondisi not responding kemungkinan besar terjadi deadlock kemudian proses akan hang atau unrecoverable']",10,10,"10,00",A,5
128,2,['apakah perbedaan not responding dengan hang'],"['not responding berarti proses tidak merespon panggilan sistem operasi setelah batas waktu tertentu sifatnya recoverable', 'hang berarti terjadi deadlock sifatnya non recoverable']","['not responding recoverable kondisi dimana proses gagal berjalan dalam rentang waktu tertentu tetapi kondisi ini masih dapat kembali normal', 'hang unrecoverable kondisi diamna proses tidak dapat berjalan lagi dari kondisi not responding kondisi ini sudah tidak dapat berjalan kembali']",10,10,"10,00",A,5
129,2,['apakah perbedaan not responding dengan hang'],"['not responding berarti proses tidak merespon panggilan sistem operasi setelah batas waktu tertentu sifatnya recoverable', 'hang berarti terjadi deadlock sifatnya non recoverable']","['not responding itu masih recoverable yang berarti proses gagal menjalankannya dalam batas waktu tertentu', 'hang sifatnya unrecoverable yang artinya sistem pada komputer yang tidak dapat merespon atau menanggapi semua perintah yang telah dimasukkan']",8,10,"8,00",B,4
130,2,['apakah perbedaan not responding dengan hang'],"['not responding berarti proses tidak merespon panggilan sistem operasi setelah batas waktu tertentu sifatnya recoverable', 'hang berarti terjadi deadlock sifatnya non recoverable']","['not responding adalah jika sistem operasi memberikan sebuah perintah pada proses kemudian gagal menjalankannya dalam batas waktu tertentu', 'hang adalah jika proses tidak pernah keluar dari kondisi not responding dan terjadi deadlock']",8,10,"8,00",B,4
131,2,['apakah perbedaan not responding dengan hang'],"['not responding berarti proses tidak merespon panggilan sistem operasi setelah batas waktu tertentu sifatnya recoverable', 'hang berarti terjadi deadlock sifatnya non recoverable']","['not responding merupakan kondisi di mana perintah yang diberikan oleh sistem operasi kepada suatu proses gagal dilakukan sehingga terjadilah not responding', 'sedangkan hang merupakan kondisi di mana sebuah proses sudah dalam kondisi not respoding yang lama dan kemungkinan terjadi deadlock sehingga proses menajadi hang', 'kondisi not responding terkadang masih bisa diatasi namun hang tidak bisa diatasi lagi']",8,10,"8,00",B,4
132,2,['apakah perbedaan not responding dengan hang'],"['not responding berarti proses tidak merespon panggilan sistem operasi setelah batas waktu tertentu sifatnya recoverable', 'hang berarti terjadi deadlock sifatnya non recoverable']",['not responding adalah kejadian dimana sistem operasi memberikan sebuah perintah pada proses kemudian proses gagal menjalankannya dalam batas waktu tertentu sedangkan hang adalah proses dimana proses tidak pernah keluar dari kondisi not responding dan akan terjadi deadlock'],8,10,"8,00",B,4
133,2,['apakah perbedaan not responding dengan hang'],"['not responding berarti proses tidak merespon panggilan sistem operasi setelah batas waktu tertentu sifatnya recoverable', 'hang berarti terjadi deadlock sifatnya non recoverable']","['not responding merupakan suatu keadaan dimana software yang digunakan mengalami gagal dalam memahami perintah sehingga komputer akan memberikan pilihan apakah ingin menunggu atau memberhentikan secara paksa', 'sedangkan hang merupakan keadaan dimana sistem operasi tidak menanggapi semua perintah dari hardware pada kondisi ini dapat disimpulkan bahwa terdapat kerusakan pada komponen komputer']",3,10,"3,00",E,1
134,2,['apakah perbedaan not responding dengan hang'],"['not responding berarti proses tidak merespon panggilan sistem operasi setelah batas waktu tertentu sifatnya recoverable', 'hang berarti terjadi deadlock sifatnya non recoverable']","['hang adalah os yang tidak dapat menanggapi segala perintah yang dimasukkan', 'not responding adalah adalah suatu keadaan dimana software yang dugunakan mengalami kegagalan perintah']",3,10,"3,00",E,1
135,2,['apakah perbedaan not responding dengan hang'],"['not responding berarti proses tidak merespon panggilan sistem operasi setelah batas waktu tertentu sifatnya recoverable', 'hang berarti terjadi deadlock sifatnya non recoverable']","['perbedaan antara not responding dan hang terletak pada tingkat kegagalan aplikasi', 'not responding terjadi ketika aplikasi berhenti merespons sementara biasanya karena proses yang sedang berjalan memakan waktu lama atau terbebani tetapi aplikasi masih aktif dan mungkin pulih setelah beberapa waktu', 'sementara itu hang adalah kondisi di mana aplikasi benar benar berhenti bekerja tanpa ada kemungkinan pemulihan sehingga memerlukan penutupan paksa atau restart']",10,10,"10,00",A,5
136,2,['apakah perbedaan not responding dengan hang'],"['not responding berarti proses tidak merespon panggilan sistem operasi setelah batas waktu tertentu sifatnya recoverable', 'hang berarti terjadi deadlock sifatnya non recoverable']","['perbedaan antara not responding dan hang terletak pada sifat dan durasi masalah yang dialami oleh aplikasi', 'not responding biasanya menunjukkan bahwa aplikasi tidak merespons input pengguna untuk sementara waktu tetapi masih dapat pulih dan melanjutkan operasi setelah beban kerja selesai', 'sebaliknya hang merujuk pada keadaan di mana aplikasi sepenuhnya terhenti dan tidak dapat berfungsi lagi sehingga memerlukan penutupan paksa atau restart untuk kembali beroperasi', 'dengan kata lain not responding bersifat sementara sementara hang menunjukkan keadaan yang lebih permanen']",10,10,"10,00",A,5
137,2,['apakah perbedaan not responding dengan hang'],"['not responding berarti proses tidak merespon panggilan sistem operasi setelah batas waktu tertentu sifatnya recoverable', 'hang berarti terjadi deadlock sifatnya non recoverable']","['not responding biasanya merujuk pada aplikasi yang tidak memberikan respons terhadap input pengguna untuk sementara waktu tetapi masih berjalan di latar belakang', 'ini bisa terjadi ketika aplikasi sibuk dengan tugas yang berat atau mengalami deadlock sementara', 'sedangkan hang mengacu pada kondisi di mana aplikasi benar benar berhenti bekerja dan tidak dapat melanjutkan operasi sering kali membutuhkan pemaksaan untuk menutup aplikasi tersebut karena sistem tidak bisa memulihkan keadaannya secara otomatis']",10,10,"10,00",A,5
138,2,['apakah perbedaan not responding dengan hang'],"['not responding berarti proses tidak merespon panggilan sistem operasi setelah batas waktu tertentu sifatnya recoverable', 'hang berarti terjadi deadlock sifatnya non recoverable']",['not responding bersifat recoverable sedangkan hang bersifat non recoverable'],6,10,"6,00",C,3
139,2,['apakah perbedaan not responding dengan hang'],"['not responding berarti proses tidak merespon panggilan sistem operasi setelah batas waktu tertentu sifatnya recoverable', 'hang berarti terjadi deadlock sifatnya non recoverable']",['not responding berarti sistem tidak bisa merespon dan mungkin pulih dalam beberapa saat sedangkan hang tidak'],6,10,"6,00",C,3
140,2,['apakah perbedaan not responding dengan hang'],"['not responding berarti proses tidak merespon panggilan sistem operasi setelah batas waktu tertentu sifatnya recoverable', 'hang berarti terjadi deadlock sifatnya non recoverable']",['not responding berarti sistem tidak dapat memberikan respons dan mungkin akan pulih setelah beberapa saat sementara hang tidak menunjukkan kemungkinan pemulihan'],6,10,"6,00",C,3
141,2,['apakah perbedaan not responding dengan hang'],"['not responding berarti proses tidak merespon panggilan sistem operasi setelah batas waktu tertentu sifatnya recoverable', 'hang berarti terjadi deadlock sifatnya non recoverable']",['not responding berarti sistem tidak mampu memberikan respons dan ada kemungkinan untuk pulih setelah sementara waktu sedangkan hang tidak menunjukkan harapan untuk kembali berfungsi'],6,10,"6,00",C,3
142,2,['apakah perbedaan not responding dengan hang'],"['not responding berarti proses tidak merespon panggilan sistem operasi setelah batas waktu tertentu sifatnya recoverable', 'hang berarti terjadi deadlock sifatnya non recoverable']","['not responding adalah situasi di mana sistem operasi tidak dapat menjalankan perintah yang diberikan kepada suatu proses', 'sementara itu hang adalah kondisi di mana suatu proses telah mengalami not responding dalam jangka waktu yang lama']",6,10,"6,00",C,3
143,3,['apakah yang disebut dengan mounting sebuah partisi atau volume'],"['memasangkan sebuah storage volume partisi ke sebuah node yang dapat diakses pada sebuah sistem komputer', 'filesystem akan dibaca oleh sistem operasi untuk mengetahui informasi dan isi mengenai volume tersebut']",['perintah yang digunakan untuk membuka sebuah device yang akan digunakan'],0,10,"0,00",E,1
144,3,['apakah yang disebut dengan mounting sebuah partisi atau volume'],"['memasangkan sebuah storage volume partisi ke sebuah node yang dapat diakses pada sebuah sistem komputer', 'filesystem akan dibaca oleh sistem operasi untuk mengetahui informasi dan isi mengenai volume tersebut']",['proses mengkaitkan sebuah sistem berkas yang baru ditemukan pada sebuah piranti ke struktur direktori utama yang sedang dipakai'],10,10,"10,00",A,5
145,3,['apakah yang disebut dengan mounting sebuah partisi atau volume'],"['memasangkan sebuah storage volume partisi ke sebuah node yang dapat diakses pada sebuah sistem komputer', 'filesystem akan dibaca oleh sistem operasi untuk mengetahui informasi dan isi mengenai volume tersebut']",['mounting merupakan proses paling awal sebelum membuka sebuah direktori yaitu dengan membuat sebuah direktori baru yang menjadi sub tree dari tempat file system tersebut diletakan'],6,10,"6,00",C,3
146,3,['apakah yang disebut dengan mounting sebuah partisi atau volume'],"['memasangkan sebuah storage volume partisi ke sebuah node yang dapat diakses pada sebuah sistem komputer', 'filesystem akan dibaca oleh sistem operasi untuk mengetahui informasi dan isi mengenai volume tersebut']","['mounting tu memasang harddisk pak atau maksudnya settingannya kadang hdd awalnya kadang format raw atau mbr harus dipindah ke gpt biar enak', 'kalau urusan partisi atau volume berarti cuma antara mengatur ukuran hdd yang dialokasikan enable disable volume extend sama shrink']",0,10,"0,00",E,1
147,3,['apakah yang disebut dengan mounting sebuah partisi atau volume'],"['memasangkan sebuah storage volume partisi ke sebuah node yang dapat diakses pada sebuah sistem komputer', 'filesystem akan dibaca oleh sistem operasi untuk mengetahui informasi dan isi mengenai volume tersebut']",['mounting merupakan tindakan mengasosiasikan storage device flashdisk hdd cdrom dll ke lokasi tertentu pada directory tree linux dibawah root directory atau hal ini perlu dilakukan karena linux hanya mempunyai satu directory tree dengan induk atau root directory yang diberi simbol slash atau garis miring'],10,10,"10,00",A,5
148,3,['apakah yang disebut dengan mounting sebuah partisi atau volume'],"['memasangkan sebuah storage volume partisi ke sebuah node yang dapat diakses pada sebuah sistem komputer', 'filesystem akan dibaca oleh sistem operasi untuk mengetahui informasi dan isi mengenai volume tersebut']",['mounting adalah proses paling awal sebelum membuka direktori yaitu dengan membuat sebuah direktori baru yang menjadi sub tree dari tempat file system tersebut diletakkan dimana sistem operasi membuat file dan direktori pada perangkat penyimpanan seperti hard drive cd rom atau jaringan berbagi'],6,10,"6,00",C,3
149,3,['apakah yang disebut dengan mounting sebuah partisi atau volume'],"['memasangkan sebuah storage volume partisi ke sebuah node yang dapat diakses pada sebuah sistem komputer', 'filesystem akan dibaca oleh sistem operasi untuk mengetahui informasi dan isi mengenai volume tersebut']",['tidak ada jawaban'],0,10,"0,00",E,1
150,3,['apakah yang disebut dengan mounting sebuah partisi atau volume'],"['memasangkan sebuah storage volume partisi ke sebuah node yang dapat diakses pada sebuah sistem komputer', 'filesystem akan dibaca oleh sistem operasi untuk mengetahui informasi dan isi mengenai volume tersebut']",['mounting adalah sebuah proses dimana sistem operasi membentuk suatu direktori yang menjadi sub tree pada perangkat penyimpanan supaya pengguna bisa mengakses melalui sistem file komputer'],8,10,"8,00",B,4
151,3,['apakah yang disebut dengan mounting sebuah partisi atau volume'],"['memasangkan sebuah storage volume partisi ke sebuah node yang dapat diakses pada sebuah sistem komputer', 'filesystem akan dibaca oleh sistem operasi untuk mengetahui informasi dan isi mengenai volume tersebut']","['mount adalah sebuah partisi', 'mounting merupakan proses mengaitkan sebuah sistem berkas yang baru ditemukan pada sebuah piranti ke struktur diretori utama yang sedang di pakai']",10,10,"10,00",A,5
152,3,['apakah yang disebut dengan mounting sebuah partisi atau volume'],"['memasangkan sebuah storage volume partisi ke sebuah node yang dapat diakses pada sebuah sistem komputer', 'filesystem akan dibaca oleh sistem operasi untuk mengetahui informasi dan isi mengenai volume tersebut']",['mounting merupakan tindakan mengasosiasikan storage device flashdisk hdd dll ke lokasi tertentu pada directory partisi'],10,10,"10,00",A,5
153,3,['apakah yang disebut dengan mounting sebuah partisi atau volume'],"['memasangkan sebuah storage volume partisi ke sebuah node yang dapat diakses pada sebuah sistem komputer', 'filesystem akan dibaca oleh sistem operasi untuk mengetahui informasi dan isi mengenai volume tersebut']","['mounting adalah sebuah partisi adalah mounting atau mount adalah perintah yang digunakan untuk membuka sebuah device yang akan digunakan', 'di linux sebuah device disimpan sebagai folder di direktori atau dev dan untuk membukanya dilakukan proses mounting yakni proses mengaitkan sebuah sistem device pada sebuah struktur direktori utama yang sedang dipakai', 'device yang dimaksud disini adalah hardisk', 'penting diketahui tentang penamaan partisi hardisk pada os linux silahkan baca ini analogi partisi dengan struktur direktory linux']",10,10,"10,00",A,5
154,3,['apakah yang disebut dengan mounting sebuah partisi atau volume'],"['memasangkan sebuah storage volume partisi ke sebuah node yang dapat diakses pada sebuah sistem komputer', 'filesystem akan dibaca oleh sistem operasi untuk mengetahui informasi dan isi mengenai volume tersebut']",['mounting adalah tindakan membuat filesystem agar dapat diakses serta menyimpan lokasi mount volume dan membuat sub try baru'],8,10,"8,00",B,4
155,3,['apakah yang disebut dengan mounting sebuah partisi atau volume'],"['memasangkan sebuah storage volume partisi ke sebuah node yang dapat diakses pada sebuah sistem komputer', 'filesystem akan dibaca oleh sistem operasi untuk mengetahui informasi dan isi mengenai volume tersebut']","['mounting sebuah partisi atau volume adalah proses yang paling awal sebelum membuka', 'sebuah direktori atau tindakan mengasosiasikan storage device yaitu dengan membuat sebuah direktori baru yang menjadi sub tree dari tempat file system tersebut diletakkan']",6,10,"6,00",C,3
156,3,['apakah yang disebut dengan mounting sebuah partisi atau volume'],"['memasangkan sebuah storage volume partisi ke sebuah node yang dapat diakses pada sebuah sistem komputer', 'filesystem akan dibaca oleh sistem operasi untuk mengetahui informasi dan isi mengenai volume tersebut']",['proses paling awal sebelum membuka sebuah direktori yaitu dengan membuat sebuah direktori baru yang menjadi sub tree dari tempat file system tersebut diletakkan'],6,10,"6,00",C,3
157,3,['apakah yang disebut dengan mounting sebuah partisi atau volume'],"['memasangkan sebuah storage volume partisi ke sebuah node yang dapat diakses pada sebuah sistem komputer', 'filesystem akan dibaca oleh sistem operasi untuk mengetahui informasi dan isi mengenai volume tersebut']","['mounting adalah sebuah proses alokasi storage seperti flashdisk atau ssd atau hdd pada', 'sistem operasi agar file system dapat mengaksesnya pada directory dan diberi label contohnya seperti f adalah atau d adalah']",8,10,"8,00",B,4
158,3,['apakah yang disebut dengan mounting sebuah partisi atau volume'],"['memasangkan sebuah storage volume partisi ke sebuah node yang dapat diakses pada sebuah sistem komputer', 'filesystem akan dibaca oleh sistem operasi untuk mengetahui informasi dan isi mengenai volume tersebut']","['proses dimana sistem operasi membuat file dan direktori pada perangkat penyimpanan seperti hard drive cd rom atau jaringan berbagi tersedia bagi pengguna untuk mengakses melalui sistem file komputer', 'sebuah mount point adalah lokasi di partisi yang digunakan sebagai filesystem root']",6,10,"6,00",C,3
159,3,['apakah yang disebut dengan mounting sebuah partisi atau volume'],"['memasangkan sebuah storage volume partisi ke sebuah node yang dapat diakses pada sebuah sistem komputer', 'filesystem akan dibaca oleh sistem operasi untuk mengetahui informasi dan isi mengenai volume tersebut']","['mounting adalah proses menyambungkan sebuah partisi atau volume ke sebuah pointer yang bisa diakses oleh sebuah sistem operasi', 'sebagai contoh jika di windows proses mounting partisi akan disambung ke drive']",10,10,"10,00",A,5
160,3,['apakah yang disebut dengan mounting sebuah partisi atau volume'],"['memasangkan sebuah storage volume partisi ke sebuah node yang dapat diakses pada sebuah sistem komputer', 'filesystem akan dibaca oleh sistem operasi untuk mengetahui informasi dan isi mengenai volume tersebut']",['mounting adalah proses dimana sistem operasi membuat file dan direktori pada perangkat penyimpanan seperti hard drive cd rom atau jaringan berbagi tersedia bagi pengguna untuk mengakses melalui sistem file komputer'],6,10,"6,00",C,3
161,3,['apakah yang disebut dengan mounting sebuah partisi atau volume'],"['memasangkan sebuah storage volume partisi ke sebuah node yang dapat diakses pada sebuah sistem komputer', 'filesystem akan dibaca oleh sistem operasi untuk mengetahui informasi dan isi mengenai volume tersebut']",['mounting adalah proses mengaitkan sebuah sistem berkas yang baru ditemukan pada sebuah piranti ke struktur diretori utama yang sedang di pakai'],8,10,"8,00",B,4
162,3,['apakah yang disebut dengan mounting sebuah partisi atau volume'],"['memasangkan sebuah storage volume partisi ke sebuah node yang dapat diakses pada sebuah sistem komputer', 'filesystem akan dibaca oleh sistem operasi untuk mengetahui informasi dan isi mengenai volume tersebut']",['mounting merupakan proses sebelum membuka sebuah direktori yaitu dengan membuat sebuah direktori baru sebagai sub tree dari direktori yang akan dibuka'],6,10,"6,00",C,3
163,3,['apakah yang disebut dengan mounting sebuah partisi atau volume'],"['memasangkan sebuah storage volume partisi ke sebuah node yang dapat diakses pada sebuah sistem komputer', 'filesystem akan dibaca oleh sistem operasi untuk mengetahui informasi dan isi mengenai volume tersebut']",['mounting adalah proses mengaktifkan sebuah sistem device yang sedang dipakai'],0,10,"0,00",E,1
164,3,['apakah yang disebut dengan mounting sebuah partisi atau volume'],"['memasangkan sebuah storage volume partisi ke sebuah node yang dapat diakses pada sebuah sistem komputer', 'filesystem akan dibaca oleh sistem operasi untuk mengetahui informasi dan isi mengenai volume tersebut']",['mounting adalah sebuah partisi karena proses mounting ini yang membagikan atau mengkaitkan sebuah sistem berkas yang baru ditemukan pada sebuah piranti ke struktur direktori utama yang sedang dipakai'],5,10,"5,00",D,2
165,3,['apakah yang disebut dengan mounting sebuah partisi atau volume'],"['memasangkan sebuah storage volume partisi ke sebuah node yang dapat diakses pada sebuah sistem komputer', 'filesystem akan dibaca oleh sistem operasi untuk mengetahui informasi dan isi mengenai volume tersebut']","['merupakan proses awal sebelum dibukanya sebuah direktori yaitu dengan membuat', 'sebuah direktori baru yang menjadi sub tree dari tempat file system diletakkan']",6,10,"6,00",C,3
166,3,['apakah yang disebut dengan mounting sebuah partisi atau volume'],"['memasangkan sebuah storage volume partisi ke sebuah node yang dapat diakses pada sebuah sistem komputer', 'filesystem akan dibaca oleh sistem operasi untuk mengetahui informasi dan isi mengenai volume tersebut']",['mounting adalah adalah melakukan pengaturan terhadap os agar isi didalam partisi dapat berjalan di os dan menempati posisi drive di os'],4,10,"4,00",D,2
167,3,['apakah yang disebut dengan mounting sebuah partisi atau volume'],"['memasangkan sebuah storage volume partisi ke sebuah node yang dapat diakses pada sebuah sistem komputer', 'filesystem akan dibaca oleh sistem operasi untuk mengetahui informasi dan isi mengenai volume tersebut']","['mounting volume yang dinyatakan terbuka oleh so server kemudian dapat di mount pada struktur data so klien', 'secara lokal dianggap sebagai cabang dari struktur data setempat kemudian di mount pada mount point yang ditunjuk oleh so misalnya network drive di windows kemudian so klien menciptakan struktur data on memory lokal virtual file system']",10,10,"10,00",A,5
168,3,['apakah yang disebut dengan mounting sebuah partisi atau volume'],"['memasangkan sebuah storage volume partisi ke sebuah node yang dapat diakses pada sebuah sistem komputer', 'filesystem akan dibaca oleh sistem operasi untuk mengetahui informasi dan isi mengenai volume tersebut']","['mounting adalah sebuah proses memasukkan sebuah file jadi atau mentah kedalam mount table yang dilakukan melalui partisi sebuah file jadi atau mentah', 'kemudian pada saat pemasangan file akan diperiksa apakah metadatanya benar', 'jika tidak maka coba kembali dan jika iya maka file dimasukkan kedalam mount table dan access diberikan']",8,10,"8,00",B,4
169,3,['apakah yang disebut dengan mounting sebuah partisi atau volume'],"['memasangkan sebuah storage volume partisi ke sebuah node yang dapat diakses pada sebuah sistem komputer', 'filesystem akan dibaca oleh sistem operasi untuk mengetahui informasi dan isi mengenai volume tersebut']","['mounting adalah proses yang dilakukan ketika akan membuka sebuah direktori', 'proses yang dilakukan adalah membuat direktori baru direktori baru ini menjadi sub tree untuk tempat dari file sistem yang akan ditaruh']",6,10,"6,00",C,3
170,3,['apakah yang disebut dengan mounting sebuah partisi atau volume'],"['memasangkan sebuah storage volume partisi ke sebuah node yang dapat diakses pada sebuah sistem komputer', 'filesystem akan dibaca oleh sistem operasi untuk mengetahui informasi dan isi mengenai volume tersebut']",['proses paling awal sebelum membuka directory yaitu dengan membuat directory baru yang menjadi sub tree dari tempat file system tersebut diletakan'],6,10,"6,00",C,3
171,3,['apakah yang disebut dengan mounting sebuah partisi atau volume'],"['memasangkan sebuah storage volume partisi ke sebuah node yang dapat diakses pada sebuah sistem komputer', 'filesystem akan dibaca oleh sistem operasi untuk mengetahui informasi dan isi mengenai volume tersebut']",['mount adalah perintah untuk membuka sebuah device yang akan digunakan'],0,10,"0,00",E,1
172,3,['apakah yang disebut dengan mounting sebuah partisi atau volume'],"['memasangkan sebuah storage volume partisi ke sebuah node yang dapat diakses pada sebuah sistem komputer', 'filesystem akan dibaca oleh sistem operasi untuk mengetahui informasi dan isi mengenai volume tersebut']",['mounting berarti mengatur sistem operasi agar dapat mengakses isi partisi dan menempatkannya pada drive tertentu di sistem operasi tersebut'],4,10,"4,00",D,2
173,3,['apakah yang disebut dengan mounting sebuah partisi atau volume'],"['memasangkan sebuah storage volume partisi ke sebuah node yang dapat diakses pada sebuah sistem komputer', 'filesystem akan dibaca oleh sistem operasi untuk mengetahui informasi dan isi mengenai volume tersebut']",['mounting adalah sebuah partisi yang terkait dengan proses menghubungkan sistem berkas yang baru ditemukan pada perangkat tertentu ke dalam struktur direktori utama yang sedang aktif'],4,10,"4,00",D,2
174,3,['apakah yang disebut dengan mounting sebuah partisi atau volume'],"['memasangkan sebuah storage volume partisi ke sebuah node yang dapat diakses pada sebuah sistem komputer', 'filesystem akan dibaca oleh sistem operasi untuk mengetahui informasi dan isi mengenai volume tersebut']",['mounting adalah partisi baru yang ditambahkan dalam suatu sistem direktori'],4,10,"4,00",D,2
175,3,['apakah yang disebut dengan mounting sebuah partisi atau volume'],"['memasangkan sebuah storage volume partisi ke sebuah node yang dapat diakses pada sebuah sistem komputer', 'filesystem akan dibaca oleh sistem operasi untuk mengetahui informasi dan isi mengenai volume tersebut']","['mounting adalah melakukan setting terhadap os agar isi didalam partisi dapat berjalan di os dan menempati posisi drive di os', 'biasanya terjadi di dalam menginstall game seperti ingin menginstall game cyberpunk 2077 bajakan jika bentuk partisinya harus dibuka menjadi drive harus melakukan mounting terlebih dahulu']",8,10,"8,00",B,4
176,4,"['apakah representasi fisik dalam konsep penyimpanan berkas di komputer', 'dan apa pula yang dimaksudkan dengan representasi logis', 'dalam penjelasan kedua konsep penyimpanan ini berikan contoh contoh yang memperjelas perbedaan antara penyimpanan logis dan penyimpanan fisik']","['representasi fisik adalah cara pengkodean alamat yang menunjukkan lokasi data di hard disk pc laptop maupun ponsel kita yang direpresentasikan dengan menggunakan bilangan biner atau hexadesimal', 'representasi fisik dibuat untuk sistem komputer dalam menyimpan dan menemukan kembali sebuah data sedangkan representasi logis ditujukan untuk manusia sebagai pengguna', 'representasi logis juga menunjukkan lokasi data disimpan dengan menggunakan nama jalur drive folder dan subfolder', 'contoh representasi logis adalah c adalah atau lectures atau genap24 atau namafile docx', 'sedangkan contoh representasi fisik dengan bilangan biner 8 bit adalah 10010111']","['representasi fisik dalam konsep penyimpanan berkas di computer yaitu keadaan ketika komputer mengakses data tertentu yang disimpan di media penyimpanan dengan menggunakan dan melihat lokasi atau lokasi fisiknya', 'contohnya ketika computer sedang membaca file pada sebuah hard disk', 'representasi logis yaitu ketika kita atau seseorang melihat file atau dokumen yang disimpan dalam folder tertentu pada drive atau partisi tertentu', 'contohnya ketika kita sedang membuka dan melihat file yang berada pada suatu folder di partisi d']",5,5,"10,00",A,5
177,4,"['apakah representasi fisik dalam konsep penyimpanan berkas di komputer', 'dan apa pula yang dimaksudkan dengan representasi logis', 'dalam penjelasan kedua konsep penyimpanan ini berikan contoh contoh yang memperjelas perbedaan antara penyimpanan logis dan penyimpanan fisik']","['representasi fisik adalah cara pengkodean alamat yang menunjukkan lokasi data di hard disk pc laptop maupun ponsel kita yang direpresentasikan dengan menggunakan bilangan biner atau hexadesimal', 'representasi fisik dibuat untuk sistem komputer dalam menyimpan dan menemukan kembali sebuah data sedangkan representasi logis ditujukan untuk manusia sebagai pengguna', 'representasi logis juga menunjukkan lokasi data disimpan dengan menggunakan nama jalur drive folder dan subfolder', 'contoh representasi logis adalah c adalah atau lectures atau genap24 atau namafile docx', 'sedangkan contoh representasi fisik dengan bilangan biner 8 bit adalah 10010112']","['penyimpanan fisik adalah media penyimpanan merupakan peralatan fisik yang menyimpan representasi data dan terbagi dalam 2 golongan ya itu penyimpanan primer dan penyimpanan sekunder', 'contoh adalah harddisk flaskdisk', 'representasi logis adalah adalah proses yang membentuk kesimpulan dan menarik suatu inferensi berdasarkan fakta yang sudah ada', 'contoh adalah script informasi']",2,5,"4,00",D,2
178,4,"['apakah representasi fisik dalam konsep penyimpanan berkas di komputer', 'dan apa pula yang dimaksudkan dengan representasi logis', 'dalam penjelasan kedua konsep penyimpanan ini berikan contoh contoh yang memperjelas perbedaan antara penyimpanan logis dan penyimpanan fisik']","['representasi fisik adalah cara pengkodean alamat yang menunjukkan lokasi data di hard disk pc laptop maupun ponsel kita yang direpresentasikan dengan menggunakan bilangan biner atau hexadesimal', 'representasi fisik dibuat untuk sistem komputer dalam menyimpan dan menemukan kembali sebuah data sedangkan representasi logis ditujukan untuk manusia sebagai pengguna', 'representasi logis juga menunjukkan lokasi data disimpan dengan menggunakan nama jalur drive folder dan subfolder', 'contoh representasi logis adalah c adalah atau lectures atau genap24 atau namafile docx', 'sedangkan contoh representasi fisik dengan bilangan biner 8 bit adalah 10010113']","['penyimpanan representasi fisik adalah media penyimpanan peralatan fisik yang menyimpan representasi data dan terbagi dalam 2 golongan yaitu primer dan sekunder', 'penyimpanan representasi logis adalah menggunakan logis formal untuk merepresentasikan basis pengetahuan', 'representasi yang menggunakan logis yang paling banyak digunakan adalah representasi yang menggunakan kalkulus predikat orde pertama', 'penyimpanan fisik adalah harddisk', 'penyimpanan logis adalah data dan informasi']",2,5,"4,00",D,2
179,4,"['apakah representasi fisik dalam konsep penyimpanan berkas di komputer', 'dan apa pula yang dimaksudkan dengan representasi logis', 'dalam penjelasan kedua konsep penyimpanan ini berikan contoh contoh yang memperjelas perbedaan antara penyimpanan logis dan penyimpanan fisik']","['representasi fisik adalah cara pengkodean alamat yang menunjukkan lokasi data di hard disk pc laptop maupun ponsel kita yang direpresentasikan dengan menggunakan bilangan biner atau hexadesimal', 'representasi fisik dibuat untuk sistem komputer dalam menyimpan dan menemukan kembali sebuah data sedangkan representasi logis ditujukan untuk manusia sebagai pengguna', 'representasi logis juga menunjukkan lokasi data disimpan dengan menggunakan nama jalur drive folder dan subfolder', 'contoh representasi logis adalah c adalah atau lectures atau genap24 atau namafile docx', 'sedangkan contoh representasi fisik dengan bilangan biner 8 bit adalah 10010114']","['representasi fisik dalam konsep penyimpanan berkas adalah penyimpanan yang bersifat fisik dan dapat digunakan untuk menyimpan berkas berkas dalam jangka waktu lama', 'contohnya adalah harddisk dan memori internal', 'sedangkan representasi logis adalah penyimpanan yang bersifat volatile dan dapat di reset sewaktu waktu', 'contohnya adalah ram dan penyimpanan cache di komputer']",2,5,"4,00",D,2
180,4,"['apakah representasi fisik dalam konsep penyimpanan berkas di komputer', 'dan apa pula yang dimaksudkan dengan representasi logis', 'dalam penjelasan kedua konsep penyimpanan ini berikan contoh contoh yang memperjelas perbedaan antara penyimpanan logis dan penyimpanan fisik']","['representasi fisik adalah cara pengkodean alamat yang menunjukkan lokasi data di hard disk pc laptop maupun ponsel kita yang direpresentasikan dengan menggunakan bilangan biner atau hexadesimal', 'representasi fisik dibuat untuk sistem komputer dalam menyimpan dan menemukan kembali sebuah data sedangkan representasi logis ditujukan untuk manusia sebagai pengguna', 'representasi logis juga menunjukkan lokasi data disimpan dengan menggunakan nama jalur drive folder dan subfolder', 'contoh representasi logis adalah c adalah atau lectures atau genap24 atau namafile docx', 'sedangkan contoh representasi fisik dengan bilangan biner 8 bit adalah 10010115']","['representasi fisik adalah spesifikasi dari struktur data sesuai dengan implementasinya dalam memori komputer dan kesediaan dalam bahasa pemrograman', 'representasi jenis ini menggunakan ekspresi ekspresi dalam logila formal untuk merepresentasikan basis pengetahuan pada dasarnya proses logika adalah proses membentuk kesimpulan dan menarik suatu inferensi berdasarkan fakta yang telah ada']",2,5,"4,00",D,2
181,4,"['apakah representasi fisik dalam konsep penyimpanan berkas di komputer', 'dan apa pula yang dimaksudkan dengan representasi logis', 'dalam penjelasan kedua konsep penyimpanan ini berikan contoh contoh yang memperjelas perbedaan antara penyimpanan logis dan penyimpanan fisik']","['representasi fisik adalah cara pengkodean alamat yang menunjukkan lokasi data di hard disk pc laptop maupun ponsel kita yang direpresentasikan dengan menggunakan bilangan biner atau hexadesimal', 'representasi fisik dibuat untuk sistem komputer dalam menyimpan dan menemukan kembali sebuah data sedangkan representasi logis ditujukan untuk manusia sebagai pengguna', 'representasi logis juga menunjukkan lokasi data disimpan dengan menggunakan nama jalur drive folder dan subfolder', 'contoh representasi logis adalah c adalah atau lectures atau genap24 atau namafile docx', 'sedangkan contoh representasi fisik dengan bilangan biner 8 bit adalah 10010116']","['representasi fisik itu bersifat selamanya dan representasi logis itu bersifat volitile atau sementara', 'contoh adalah hard disk memory internal dan lain lain']","1,5",5,"3,00",E,1
182,4,"['apakah representasi fisik dalam konsep penyimpanan berkas di komputer', 'dan apa pula yang dimaksudkan dengan representasi logis', 'dalam penjelasan kedua konsep penyimpanan ini berikan contoh contoh yang memperjelas perbedaan antara penyimpanan logis dan penyimpanan fisik']","['representasi fisik adalah cara pengkodean alamat yang menunjukkan lokasi data di hard disk pc laptop maupun ponsel kita yang direpresentasikan dengan menggunakan bilangan biner atau hexadesimal', 'representasi fisik dibuat untuk sistem komputer dalam menyimpan dan menemukan kembali sebuah data sedangkan representasi logis ditujukan untuk manusia sebagai pengguna', 'representasi logis juga menunjukkan lokasi data disimpan dengan menggunakan nama jalur drive folder dan subfolder', 'contoh representasi logis adalah c adalah atau lectures atau genap24 atau namafile docx', 'sedangkan contoh representasi fisik dengan bilangan biner 8 bit adalah 10010117']","['representasi fisik adalah media penyimpanan merupakan peralatan fisik yang menyimpan representasi data terbagi menjadi 2 golongan yakni adalah penyimpanan primer adalah kecepatan akses tinggi kapasitas lebih kecil dan harganya relatif mahal', 'penyimpanan sekunder adalah kecepatan akses rendah kapasitas besar dan harganya relatif murah', 'representasi logis adalah penggambaran data menggunakan mode entity relationship e r model objek model semantik dan lain lain']",2,5,"4,00",D,2
183,4,"['apakah representasi fisik dalam konsep penyimpanan berkas di komputer', 'dan apa pula yang dimaksudkan dengan representasi logis', 'dalam penjelasan kedua konsep penyimpanan ini berikan contoh contoh yang memperjelas perbedaan antara penyimpanan logis dan penyimpanan fisik']","['representasi fisik adalah cara pengkodean alamat yang menunjukkan lokasi data di hard disk pc laptop maupun ponsel kita yang direpresentasikan dengan menggunakan bilangan biner atau hexadesimal', 'representasi fisik dibuat untuk sistem komputer dalam menyimpan dan menemukan kembali sebuah data sedangkan representasi logis ditujukan untuk manusia sebagai pengguna', 'representasi logis juga menunjukkan lokasi data disimpan dengan menggunakan nama jalur drive folder dan subfolder', 'contoh representasi logis adalah c adalah atau lectures atau genap24 atau namafile docx', 'sedangkan contoh representasi fisik dengan bilangan biner 8 bit adalah 10010118']","['representasi fisik adalah penyimpanan yang memiliki sifat fisik dan menyimpan data yang besar dan banyak', 'contoh adalah flashdisk hardisk dll', 'representasi logis adalah penyimpanan yang bersifat tidak permanen dan volatile', 'contoh adalah ram cache dll']",2,5,"4,00",D,2
184,4,"['apakah representasi fisik dalam konsep penyimpanan berkas di komputer', 'dan apa pula yang dimaksudkan dengan representasi logis', 'dalam penjelasan kedua konsep penyimpanan ini berikan contoh contoh yang memperjelas perbedaan antara penyimpanan logis dan penyimpanan fisik']","['representasi fisik adalah cara pengkodean alamat yang menunjukkan lokasi data di hard disk pc laptop maupun ponsel kita yang direpresentasikan dengan menggunakan bilangan biner atau hexadesimal', 'representasi fisik dibuat untuk sistem komputer dalam menyimpan dan menemukan kembali sebuah data sedangkan representasi logis ditujukan untuk manusia sebagai pengguna', 'representasi logis juga menunjukkan lokasi data disimpan dengan menggunakan nama jalur drive folder dan subfolder', 'contoh representasi logis adalah c adalah atau lectures atau genap24 atau namafile docx', 'sedangkan contoh representasi fisik dengan bilangan biner 8 bit adalah 10010119']",['penyimpanan logis merupakan penyimpanan yang dihasilkan suatu program sedangkan penyimpanan fisik itu merupakan penyimpanan yang dapat dilihat oleh unit memori contoh penyimpanan logis itu tipe file blob sedangkan contoh penyimpanan fisik seperti folder yang berisi file2'],"1,5",5,"3,00",E,1
185,4,"['apakah representasi fisik dalam konsep penyimpanan berkas di komputer', 'dan apa pula yang dimaksudkan dengan representasi logis', 'dalam penjelasan kedua konsep penyimpanan ini berikan contoh contoh yang memperjelas perbedaan antara penyimpanan logis dan penyimpanan fisik']","['representasi fisik adalah cara pengkodean alamat yang menunjukkan lokasi data di hard disk pc laptop maupun ponsel kita yang direpresentasikan dengan menggunakan bilangan biner atau hexadesimal', 'representasi fisik dibuat untuk sistem komputer dalam menyimpan dan menemukan kembali sebuah data sedangkan representasi logis ditujukan untuk manusia sebagai pengguna', 'representasi logis juga menunjukkan lokasi data disimpan dengan menggunakan nama jalur drive folder dan subfolder', 'contoh representasi logis adalah c adalah atau lectures atau genap24 atau namafile docx', 'sedangkan contoh representasi fisik dengan bilangan biner 8 bit adalah 10010120']","['memori merupakan istilah generik yang merujuk pada media penyimpanan data sementara pada komputer', 'setiap program dan data yang sedang diproses oleh prosesor akan disimpan di dalam memori fisik', 'data yang disimpan dalam memori fisik bersifat sementara karena data yang disimpan di dalamnya akan tersimpan selama komputer tersebut masih dialiri daya', 'ketika komputer itu direset atau dimatikan data yang disimpan dalam memori fisik akan hilang', 'oleh karena itulah sebelum mematikan komputer semua data yang belum disimpan ke dalam media penyimpanan permanen sehingga data tersebut dapat dibuka kembali di lain kesempatan contohya alamat logis dihasilkan oleh cpu menurut buku', 'saya berasumsi ketika kode dikompilasi untuk suatu program program memiliki tidak ide di mana kode akan dimuat dalam memori', 'semua yang dikompilasi dilakukan adalah membuat sketsa umum tata letak program dan bagaimana gambar harus ditata tetapi tidak menetapkan alamat nyata untuk itu', 'ketika program dijalankan cpu mengambil gambar tata letak ini yang dibuat oleh kompiler dan membagikan beberapa alamat yang logis ke yang dihasilkan dari kode']",1,5,"2,00",E,1
186,4,"['apakah representasi fisik dalam konsep penyimpanan berkas di komputer', 'dan apa pula yang dimaksudkan dengan representasi logis', 'dalam penjelasan kedua konsep penyimpanan ini berikan contoh contoh yang memperjelas perbedaan antara penyimpanan logis dan penyimpanan fisik']","['representasi fisik adalah cara pengkodean alamat yang menunjukkan lokasi data di hard disk pc laptop maupun ponsel kita yang direpresentasikan dengan menggunakan bilangan biner atau hexadesimal', 'representasi fisik dibuat untuk sistem komputer dalam menyimpan dan menemukan kembali sebuah data sedangkan representasi logis ditujukan untuk manusia sebagai pengguna', 'representasi logis juga menunjukkan lokasi data disimpan dengan menggunakan nama jalur drive folder dan subfolder', 'contoh representasi logis adalah c adalah atau lectures atau genap24 atau namafile docx', 'sedangkan contoh representasi fisik dengan bilangan biner 8 bit adalah 10010121']","['representasi fisik adalah bagaimana komputer menyimpan data dalam tempat atau medium penyimpanan', 'misalnya adalah ketika komputer menyimpan suatu file diletakkan pada sektor sektor harddisk sehingga ketika mengakses suatu file menggunakan lokasi fisik sektor sektor file tersebut di medium penyimpanan bisa secara random maupun sequential', 'representasi logis adalah bagaimana user melihat penyimpanan yang telah terorganisir', 'misalnya adalah ketika user menyimpan dan mengakses suatu file sebagai satu unit yang terlihat adalah filename juga folder dan drive tempat file tersebut disimpan']",5,5,"10,00",A,5
187,4,"['apakah representasi fisik dalam konsep penyimpanan berkas di komputer', 'dan apa pula yang dimaksudkan dengan representasi logis', 'dalam penjelasan kedua konsep penyimpanan ini berikan contoh contoh yang memperjelas perbedaan antara penyimpanan logis dan penyimpanan fisik']","['representasi fisik adalah cara pengkodean alamat yang menunjukkan lokasi data di hard disk pc laptop maupun ponsel kita yang direpresentasikan dengan menggunakan bilangan biner atau hexadesimal', 'representasi fisik dibuat untuk sistem komputer dalam menyimpan dan menemukan kembali sebuah data sedangkan representasi logis ditujukan untuk manusia sebagai pengguna', 'representasi logis juga menunjukkan lokasi data disimpan dengan menggunakan nama jalur drive folder dan subfolder', 'contoh representasi logis adalah c adalah atau lectures atau genap24 atau namafile docx', 'sedangkan contoh representasi fisik dengan bilangan biner 8 bit adalah 10010122']","['komputer mengaskses dokumen tertentu yang disimpan pada media penyimpanan menggunakan lokasi atau lokasi fisiknya sedangkan representasi logis adalah individu melihat dokumen yang disimpan sebagai satu unit lengkap dalam folder tertentu pada drive tertentu', 'contoh untuk penyimpanan logis yaitu kita menyimpan file di folder tertentu sedangkan penyimpanan fisik itu lokasi tempat menyimpan suatu file seperti disc c dan lain lain']","4,5",5,"9,00",A,5
188,4,"['apakah representasi fisik dalam konsep penyimpanan berkas di komputer', 'dan apa pula yang dimaksudkan dengan representasi logis', 'dalam penjelasan kedua konsep penyimpanan ini berikan contoh contoh yang memperjelas perbedaan antara penyimpanan logis dan penyimpanan fisik']","['representasi fisik adalah cara pengkodean alamat yang menunjukkan lokasi data di hard disk pc laptop maupun ponsel kita yang direpresentasikan dengan menggunakan bilangan biner atau hexadesimal', 'representasi fisik dibuat untuk sistem komputer dalam menyimpan dan menemukan kembali sebuah data sedangkan representasi logis ditujukan untuk manusia sebagai pengguna', 'representasi logis juga menunjukkan lokasi data disimpan dengan menggunakan nama jalur drive folder dan subfolder', 'contoh representasi logis adalah c adalah atau lectures atau genap24 atau namafile docx', 'sedangkan contoh representasi fisik dengan bilangan biner 8 bit adalah 10010123']","['penyimpanan logis adalah jenis penyimpanan yang bersifat volatile dan tidak permanen', 'contohnya adalah cache ram', 'penyimpanan fisik adalah penyimpanan yang tempatnya bersifat fisik dan bisa menyimpan banyak data', 'contohnya adalah hdd flashdisk']",2,5,"4,00",D,2
189,4,"['apakah representasi fisik dalam konsep penyimpanan berkas di komputer', 'dan apa pula yang dimaksudkan dengan representasi logis', 'dalam penjelasan kedua konsep penyimpanan ini berikan contoh contoh yang memperjelas perbedaan antara penyimpanan logis dan penyimpanan fisik']","['representasi fisik adalah cara pengkodean alamat yang menunjukkan lokasi data di hard disk pc laptop maupun ponsel kita yang direpresentasikan dengan menggunakan bilangan biner atau hexadesimal', 'representasi fisik dibuat untuk sistem komputer dalam menyimpan dan menemukan kembali sebuah data sedangkan representasi logis ditujukan untuk manusia sebagai pengguna', 'representasi logis juga menunjukkan lokasi data disimpan dengan menggunakan nama jalur drive folder dan subfolder', 'contoh representasi logis adalah c adalah atau lectures atau genap24 atau namafile docx', 'sedangkan contoh representasi fisik dengan bilangan biner 8 bit adalah 10010124']","['penyimpanan logis adalah penyimpanan yang terdapat dalam laptop atau komputer sebagai contohnya adalah file dokumen', 'sedangkan penyimpanan fisik adalah penyimpanan yang dapat di bawa kemana mana sebagai contohnya adalah flashdisk']","1,5",5,"3,00",E,1
190,4,"['apakah representasi fisik dalam konsep penyimpanan berkas di komputer', 'dan apa pula yang dimaksudkan dengan representasi logis', 'dalam penjelasan kedua konsep penyimpanan ini berikan contoh contoh yang memperjelas perbedaan antara penyimpanan logis dan penyimpanan fisik']","['representasi fisik adalah cara pengkodean alamat yang menunjukkan lokasi data di hard disk pc laptop maupun ponsel kita yang direpresentasikan dengan menggunakan bilangan biner atau hexadesimal', 'representasi fisik dibuat untuk sistem komputer dalam menyimpan dan menemukan kembali sebuah data sedangkan representasi logis ditujukan untuk manusia sebagai pengguna', 'representasi logis juga menunjukkan lokasi data disimpan dengan menggunakan nama jalur drive folder dan subfolder', 'contoh representasi logis adalah c adalah atau lectures atau genap24 atau namafile docx', 'sedangkan contoh representasi fisik dengan bilangan biner 8 bit adalah 10010125']",['representasi fisik menunjukkan lokasi data di penyimpanan dengan alamat fisik sementara representasi logis adalah nama jalur file yang mudah dipahami pengguna'],3,5,"6,00",C,3
191,4,"['apakah representasi fisik dalam konsep penyimpanan berkas di komputer', 'dan apa pula yang dimaksudkan dengan representasi logis', 'dalam penjelasan kedua konsep penyimpanan ini berikan contoh contoh yang memperjelas perbedaan antara penyimpanan logis dan penyimpanan fisik']","['representasi fisik adalah cara pengkodean alamat yang menunjukkan lokasi data di hard disk pc laptop maupun ponsel kita yang direpresentasikan dengan menggunakan bilangan biner atau hexadesimal', 'representasi fisik dibuat untuk sistem komputer dalam menyimpan dan menemukan kembali sebuah data sedangkan representasi logis ditujukan untuk manusia sebagai pengguna', 'representasi logis juga menunjukkan lokasi data disimpan dengan menggunakan nama jalur drive folder dan subfolder', 'contoh representasi logis adalah c adalah atau lectures atau genap24 atau namafile docx', 'sedangkan contoh representasi fisik dengan bilangan biner 8 bit adalah 10010126']","['penyimpanan logis mengacu pada cara pengguna mengorganisir dan mengakses file di komputer', 'penyimpanan fisik berfokus pada bagaimana data sebenarnya disimpan di media penyimpanan']",3,5,"6,00",C,3
192,4,"['apakah representasi fisik dalam konsep penyimpanan berkas di komputer', 'dan apa pula yang dimaksudkan dengan representasi logis', 'dalam penjelasan kedua konsep penyimpanan ini berikan contoh contoh yang memperjelas perbedaan antara penyimpanan logis dan penyimpanan fisik']","['representasi fisik adalah cara pengkodean alamat yang menunjukkan lokasi data di hard disk pc laptop maupun ponsel kita yang direpresentasikan dengan menggunakan bilangan biner atau hexadesimal', 'representasi fisik dibuat untuk sistem komputer dalam menyimpan dan menemukan kembali sebuah data sedangkan representasi logis ditujukan untuk manusia sebagai pengguna', 'representasi logis juga menunjukkan lokasi data disimpan dengan menggunakan nama jalur drive folder dan subfolder', 'contoh representasi logis adalah c adalah atau lectures atau genap24 atau namafile docx', 'sedangkan contoh representasi fisik dengan bilangan biner 8 bit adalah 10010127']","['representasi fisik adalah informasi yang disimpan dalam format biner di media penyimpanan', 'representasi logis adalah cara data ditampilkan kepada pengguna seperti melalui folder dan subfolder']",3,5,"6,00",C,3
193,4,"['apakah representasi fisik dalam konsep penyimpanan berkas di komputer', 'dan apa pula yang dimaksudkan dengan representasi logis', 'dalam penjelasan kedua konsep penyimpanan ini berikan contoh contoh yang memperjelas perbedaan antara penyimpanan logis dan penyimpanan fisik']","['representasi fisik adalah cara pengkodean alamat yang menunjukkan lokasi data di hard disk pc laptop maupun ponsel kita yang direpresentasikan dengan menggunakan bilangan biner atau hexadesimal', 'representasi fisik dibuat untuk sistem komputer dalam menyimpan dan menemukan kembali sebuah data sedangkan representasi logis ditujukan untuk manusia sebagai pengguna', 'representasi logis juga menunjukkan lokasi data disimpan dengan menggunakan nama jalur drive folder dan subfolder', 'contoh representasi logis adalah c adalah atau lectures atau genap24 atau namafile docx', 'sedangkan contoh representasi fisik dengan bilangan biner 8 bit adalah 10010128']","['penyimpanan fisik melibatkan struktur data di perangkat keras seperti ssd atau hdd', 'penyimpanan logis adalah representasi data yang ditangani oleh pengguna melalui antarmuka sistem operasi']",3,5,"6,00",C,3
194,4,"['apakah representasi fisik dalam konsep penyimpanan berkas di komputer', 'dan apa pula yang dimaksudkan dengan representasi logis', 'dalam penjelasan kedua konsep penyimpanan ini berikan contoh contoh yang memperjelas perbedaan antara penyimpanan logis dan penyimpanan fisik']","['representasi fisik adalah cara pengkodean alamat yang menunjukkan lokasi data di hard disk pc laptop maupun ponsel kita yang direpresentasikan dengan menggunakan bilangan biner atau hexadesimal', 'representasi fisik dibuat untuk sistem komputer dalam menyimpan dan menemukan kembali sebuah data sedangkan representasi logis ditujukan untuk manusia sebagai pengguna', 'representasi logis juga menunjukkan lokasi data disimpan dengan menggunakan nama jalur drive folder dan subfolder', 'contoh representasi logis adalah c adalah atau lectures atau genap24 atau namafile docx', 'sedangkan contoh representasi fisik dengan bilangan biner 8 bit adalah 10010129']",['representasi fisik mencakup informasi tentang di mana data disimpan secara fisik sedangkan representasi logis adalah bagaimana data tersebut diorganisir dan diakses oleh pengguna dalam bentuk yang lebih mudah dipahami'],3,5,"6,00",C,3
195,4,"['apakah representasi fisik dalam konsep penyimpanan berkas di komputer', 'dan apa pula yang dimaksudkan dengan representasi logis', 'dalam penjelasan kedua konsep penyimpanan ini berikan contoh contoh yang memperjelas perbedaan antara penyimpanan logis dan penyimpanan fisik']","['representasi fisik adalah cara pengkodean alamat yang menunjukkan lokasi data di hard disk pc laptop maupun ponsel kita yang direpresentasikan dengan menggunakan bilangan biner atau hexadesimal', 'representasi fisik dibuat untuk sistem komputer dalam menyimpan dan menemukan kembali sebuah data sedangkan representasi logis ditujukan untuk manusia sebagai pengguna', 'representasi logis juga menunjukkan lokasi data disimpan dengan menggunakan nama jalur drive folder dan subfolder', 'contoh representasi logis adalah c adalah atau lectures atau genap24 atau namafile docx', 'sedangkan contoh representasi fisik dengan bilangan biner 8 bit adalah 10010130']","['penyimpanan logis adalah dokumen yang disimpan sebagai satu unit lengkap dalam folder tertentu pada drive tertentu', 'penyimpanan fisik adalah komputer yang mengakses dokumen tertentu yang disimpan pada media penyimpanan mengunakan lokasi atau lokasi fisik']","3,5",5,"7,00",B,4
196,4,"['apakah representasi fisik dalam konsep penyimpanan berkas di komputer', 'dan apa pula yang dimaksudkan dengan representasi logis', 'dalam penjelasan kedua konsep penyimpanan ini berikan contoh contoh yang memperjelas perbedaan antara penyimpanan logis dan penyimpanan fisik']","['representasi fisik adalah cara pengkodean alamat yang menunjukkan lokasi data di hard disk pc laptop maupun ponsel kita yang direpresentasikan dengan menggunakan bilangan biner atau hexadesimal', 'representasi fisik dibuat untuk sistem komputer dalam menyimpan dan menemukan kembali sebuah data sedangkan representasi logis ditujukan untuk manusia sebagai pengguna', 'representasi logis juga menunjukkan lokasi data disimpan dengan menggunakan nama jalur drive folder dan subfolder', 'contoh representasi logis adalah c adalah atau lectures atau genap24 atau namafile docx', 'sedangkan contoh representasi fisik dengan bilangan biner 8 bit adalah 10010131']","['representasi fisik yaitu komputer mengakses dokumen tertentu yang disimpan pada media penyimpanan menggunakan lokasi atau lokasi fisiknya', 'contohnya adalah flashdisk hard drive', 'resprentasi logis yaitu individu melihat dokumen yang disimpan sebagai satu unit lengkap dalam folder tertentu pada drive tertentu', 'contohnya adalah ram cache']","3,5",5,"7,00",B,4
197,4,"['apakah representasi fisik dalam konsep penyimpanan berkas di komputer', 'dan apa pula yang dimaksudkan dengan representasi logis', 'dalam penjelasan kedua konsep penyimpanan ini berikan contoh contoh yang memperjelas perbedaan antara penyimpanan logis dan penyimpanan fisik']","['representasi fisik adalah cara pengkodean alamat yang menunjukkan lokasi data di hard disk pc laptop maupun ponsel kita yang direpresentasikan dengan menggunakan bilangan biner atau hexadesimal', 'representasi fisik dibuat untuk sistem komputer dalam menyimpan dan menemukan kembali sebuah data sedangkan representasi logis ditujukan untuk manusia sebagai pengguna', 'representasi logis juga menunjukkan lokasi data disimpan dengan menggunakan nama jalur drive folder dan subfolder', 'contoh representasi logis adalah c adalah atau lectures atau genap24 atau namafile docx', 'sedangkan contoh representasi fisik dengan bilangan biner 8 bit adalah 10010132']","['representasi fisik adalah komputer mengakses dokumen tertentu yang disimpan pada media penyimpanan menggunakan lokasi atau lokasi fisiknya', 'struktur fisik sebenarnya dari data memori urutan bit dalam memori', 'berbentuk bit bit dalam memori yang hanya dapat dibaca oleh komputer', 'representasi logis adalah individu dapat melihat dokumen yang disimpan sebagai satu unit lengkap dalam folder tertentu pada drive tertentu', 'cara abstrak agar program computer dapat mengakses data', 'berbentuk folder folder yang berisi file dapat terlihat langsung pada layar monitor oleh pengguna']",5,5,"10,00",A,5
198,4,"['apakah representasi fisik dalam konsep penyimpanan berkas di komputer', 'dan apa pula yang dimaksudkan dengan representasi logis', 'dalam penjelasan kedua konsep penyimpanan ini berikan contoh contoh yang memperjelas perbedaan antara penyimpanan logis dan penyimpanan fisik']","['representasi fisik adalah cara pengkodean alamat yang menunjukkan lokasi data di hard disk pc laptop maupun ponsel kita yang direpresentasikan dengan menggunakan bilangan biner atau hexadesimal', 'representasi fisik dibuat untuk sistem komputer dalam menyimpan dan menemukan kembali sebuah data sedangkan representasi logis ditujukan untuk manusia sebagai pengguna', 'representasi logis juga menunjukkan lokasi data disimpan dengan menggunakan nama jalur drive folder dan subfolder', 'contoh representasi logis adalah c adalah atau lectures atau genap24 atau namafile docx', 'sedangkan contoh representasi fisik dengan bilangan biner 8 bit adalah 10010133']","['representasi fisik merupakan penyimpanan data di dalam hardware atau alat penyimpanan yang berbentuk fisik contoh harddisk', 'representasi logika menggunakan logika formal untuk merepresentasikan basis pengetahuan untuk menyimpan data contoh cloud', 'alamat logis memberikan lebih banyak kebebasan untuk aplikasi', 'jika alamat fisik hard coded maka keberhasilan program akan sangat bergantung pada mesin komputer fisik tersedia ram alamat']",2,5,"4,00",D,2
199,4,"['apakah representasi fisik dalam konsep penyimpanan berkas di komputer', 'dan apa pula yang dimaksudkan dengan representasi logis', 'dalam penjelasan kedua konsep penyimpanan ini berikan contoh contoh yang memperjelas perbedaan antara penyimpanan logis dan penyimpanan fisik']","['representasi fisik adalah cara pengkodean alamat yang menunjukkan lokasi data di hard disk pc laptop maupun ponsel kita yang direpresentasikan dengan menggunakan bilangan biner atau hexadesimal', 'representasi fisik dibuat untuk sistem komputer dalam menyimpan dan menemukan kembali sebuah data sedangkan representasi logis ditujukan untuk manusia sebagai pengguna', 'representasi logis juga menunjukkan lokasi data disimpan dengan menggunakan nama jalur drive folder dan subfolder', 'contoh representasi logis adalah c adalah atau lectures atau genap24 atau namafile docx', 'sedangkan contoh representasi fisik dengan bilangan biner 8 bit adalah 10010134']","['representasi fisik adalah penyimpanan yang berwujud fisik contoh adalah hard drive flash drive ram', 'sedangkan representasi logis adalah yang ada di dalam system pemrosesan contohnya adalah cache rom', 'representasi fisik bisa diubah dan berwujud fisik representasi logis tidak dapat diubah']",2,5,"4,00",D,2
200,4,"['apakah representasi fisik dalam konsep penyimpanan berkas di komputer', 'dan apa pula yang dimaksudkan dengan representasi logis', 'dalam penjelasan kedua konsep penyimpanan ini berikan contoh contoh yang memperjelas perbedaan antara penyimpanan logis dan penyimpanan fisik']","['representasi fisik adalah cara pengkodean alamat yang menunjukkan lokasi data di hard disk pc laptop maupun ponsel kita yang direpresentasikan dengan menggunakan bilangan biner atau hexadesimal', 'representasi fisik dibuat untuk sistem komputer dalam menyimpan dan menemukan kembali sebuah data sedangkan representasi logis ditujukan untuk manusia sebagai pengguna', 'representasi logis juga menunjukkan lokasi data disimpan dengan menggunakan nama jalur drive folder dan subfolder', 'contoh representasi logis adalah c adalah atau lectures atau genap24 atau namafile docx', 'sedangkan contoh representasi fisik dengan bilangan biner 8 bit adalah 10010135']","['representasi fisik adalah spesifikasi dari struktur data sesuai dengan implementasinya dalam memori komputer dan kesediaan dalam bahasa pemrograman', 'representasi jenis ini menggunakan ekspresi ekspresi dalam logika formal untuk merepresentasikan basis pengetahuan', 'pada dasarnya proses logika adalah proses membentuk kesimpulan dan menarik suatu interensi berdasarkan fakta yang telah ada']",2,5,"4,00",D,2
201,4,"['apakah representasi fisik dalam konsep penyimpanan berkas di komputer', 'dan apa pula yang dimaksudkan dengan representasi logis', 'dalam penjelasan kedua konsep penyimpanan ini berikan contoh contoh yang memperjelas perbedaan antara penyimpanan logis dan penyimpanan fisik']","['representasi fisik adalah cara pengkodean alamat yang menunjukkan lokasi data di hard disk pc laptop maupun ponsel kita yang direpresentasikan dengan menggunakan bilangan biner atau hexadesimal', 'representasi fisik dibuat untuk sistem komputer dalam menyimpan dan menemukan kembali sebuah data sedangkan representasi logis ditujukan untuk manusia sebagai pengguna', 'representasi logis juga menunjukkan lokasi data disimpan dengan menggunakan nama jalur drive folder dan subfolder', 'contoh representasi logis adalah c adalah atau lectures atau genap24 atau namafile docx', 'sedangkan contoh representasi fisik dengan bilangan biner 8 bit adalah 10010136']","['penyimpanan fisik adalah media penyimpanan yang menyimpan data secara fisik contohnya hard disk', 'penyimpanan logis adalah cara melihat data yang tersimpan dalam struktur folder tertentu']","3,5",5,"7,00",B,4
202,4,"['apakah representasi fisik dalam konsep penyimpanan berkas di komputer', 'dan apa pula yang dimaksudkan dengan representasi logis', 'dalam penjelasan kedua konsep penyimpanan ini berikan contoh contoh yang memperjelas perbedaan antara penyimpanan logis dan penyimpanan fisik']","['representasi fisik adalah cara pengkodean alamat yang menunjukkan lokasi data di hard disk pc laptop maupun ponsel kita yang direpresentasikan dengan menggunakan bilangan biner atau hexadesimal', 'representasi fisik dibuat untuk sistem komputer dalam menyimpan dan menemukan kembali sebuah data sedangkan representasi logis ditujukan untuk manusia sebagai pengguna', 'representasi logis juga menunjukkan lokasi data disimpan dengan menggunakan nama jalur drive folder dan subfolder', 'contoh representasi logis adalah c adalah atau lectures atau genap24 atau namafile docx', 'sedangkan contoh representasi fisik dengan bilangan biner 8 bit adalah 10010137']","['representasi fisik adalah lokasi data di perangkat penyimpanan menggunakan alamat fisik', 'representasi logis adalah cara pengguna mengakses data melalui struktur folder seperti c adalah atau dokumen atau namafile txt']","3,5",5,"7,00",B,4
203,4,"['apakah representasi fisik dalam konsep penyimpanan berkas di komputer', 'dan apa pula yang dimaksudkan dengan representasi logis', 'dalam penjelasan kedua konsep penyimpanan ini berikan contoh contoh yang memperjelas perbedaan antara penyimpanan logis dan penyimpanan fisik']","['representasi fisik adalah cara pengkodean alamat yang menunjukkan lokasi data di hard disk pc laptop maupun ponsel kita yang direpresentasikan dengan menggunakan bilangan biner atau hexadesimal', 'representasi fisik dibuat untuk sistem komputer dalam menyimpan dan menemukan kembali sebuah data sedangkan representasi logis ditujukan untuk manusia sebagai pengguna', 'representasi logis juga menunjukkan lokasi data disimpan dengan menggunakan nama jalur drive folder dan subfolder', 'contoh representasi logis adalah c adalah atau lectures atau genap24 atau namafile docx', 'sedangkan contoh representasi fisik dengan bilangan biner 8 bit adalah 10010138']","['penyimpanan logis adalah cara pengguna melihat dokumen di dalam folder tertentu pada drive', 'penyimpanan fisik adalah lokasi data di media penyimpanan seperti hard drive atau flashdisk']","3,5",5,"7,00",B,4
204,4,"['apakah representasi fisik dalam konsep penyimpanan berkas di komputer', 'dan apa pula yang dimaksudkan dengan representasi logis', 'dalam penjelasan kedua konsep penyimpanan ini berikan contoh contoh yang memperjelas perbedaan antara penyimpanan logis dan penyimpanan fisik']","['representasi fisik adalah cara pengkodean alamat yang menunjukkan lokasi data di hard disk pc laptop maupun ponsel kita yang direpresentasikan dengan menggunakan bilangan biner atau hexadesimal', 'representasi fisik dibuat untuk sistem komputer dalam menyimpan dan menemukan kembali sebuah data sedangkan representasi logis ditujukan untuk manusia sebagai pengguna', 'representasi logis juga menunjukkan lokasi data disimpan dengan menggunakan nama jalur drive folder dan subfolder', 'contoh representasi logis adalah c adalah atau lectures atau genap24 atau namafile docx', 'sedangkan contoh representasi fisik dengan bilangan biner 8 bit adalah 10010139']",['representasi fisik dalam konsep penyimpanan berkas adalah penyimpanan yang bersifat fisik dan dapat digunakan untuk menyimpan berkas berkas dalam jangka panjang contohnnya hardis dan memori internal'],1,5,"2,00",E,1
205,4,"['apakah representasi fisik dalam konsep penyimpanan berkas di komputer', 'dan apa pula yang dimaksudkan dengan representasi logis', 'dalam penjelasan kedua konsep penyimpanan ini berikan contoh contoh yang memperjelas perbedaan antara penyimpanan logis dan penyimpanan fisik']","['representasi fisik adalah cara pengkodean alamat yang menunjukkan lokasi data di hard disk pc laptop maupun ponsel kita yang direpresentasikan dengan menggunakan bilangan biner atau hexadesimal', 'representasi fisik dibuat untuk sistem komputer dalam menyimpan dan menemukan kembali sebuah data sedangkan representasi logis ditujukan untuk manusia sebagai pengguna', 'representasi logis juga menunjukkan lokasi data disimpan dengan menggunakan nama jalur drive folder dan subfolder', 'contoh representasi logis adalah c adalah atau lectures atau genap24 atau namafile docx', 'sedangkan contoh representasi fisik dengan bilangan biner 8 bit adalah 10010140']","['representasi fisik adalah spesifikasi dari struktur data sesuai dengan implementasinya dalam memori komputer dan kesediaan dalam bahasa pemrograman', 'representasi jenis ini menggunakan ekspresi ekspresi dalam logika formal untuk merepresentasikan basis pengetahuan', 'pada dasarnya proses logika adalah proses membentuk kesimpulan dan menarik suatu inferensi berdasarkan fakta yang telah ada', 'penyimpanan logis adalah']",2,5,"4,00",D,2
206,4,"['apakah representasi fisik dalam konsep penyimpanan berkas di komputer', 'dan apa pula yang dimaksudkan dengan representasi logis', 'dalam penjelasan kedua konsep penyimpanan ini berikan contoh contoh yang memperjelas perbedaan antara penyimpanan logis dan penyimpanan fisik']","['representasi fisik adalah cara pengkodean alamat yang menunjukkan lokasi data di hard disk pc laptop maupun ponsel kita yang direpresentasikan dengan menggunakan bilangan biner atau hexadesimal', 'representasi fisik dibuat untuk sistem komputer dalam menyimpan dan menemukan kembali sebuah data sedangkan representasi logis ditujukan untuk manusia sebagai pengguna', 'representasi logis juga menunjukkan lokasi data disimpan dengan menggunakan nama jalur drive folder dan subfolder', 'contoh representasi logis adalah c adalah atau lectures atau genap24 atau namafile docx', 'sedangkan contoh representasi fisik dengan bilangan biner 8 bit adalah 10010141']","['representasi fisik dalam konsep penyimpanan berkas adalah penyimpanan yang bersifat yang dapat digunakan untuk menyimpan berkas dalam jangka panjang contohnya adalah harddisk dan memori internal', 'sedangkan representasi logis adalah penyimpanan yang bersifat volatile dan dapat di ubah kapan saja', 'contohnya adalah ram dan penyimpanan cache di komputer']","2,5",5,"5,00",D,2
207,4,"['apakah representasi fisik dalam konsep penyimpanan berkas di komputer', 'dan apa pula yang dimaksudkan dengan representasi logis', 'dalam penjelasan kedua konsep penyimpanan ini berikan contoh contoh yang memperjelas perbedaan antara penyimpanan logis dan penyimpanan fisik']","['representasi fisik adalah cara pengkodean alamat yang menunjukkan lokasi data di hard disk pc laptop maupun ponsel kita yang direpresentasikan dengan menggunakan bilangan biner atau hexadesimal', 'representasi fisik dibuat untuk sistem komputer dalam menyimpan dan menemukan kembali sebuah data sedangkan representasi logis ditujukan untuk manusia sebagai pengguna', 'representasi logis juga menunjukkan lokasi data disimpan dengan menggunakan nama jalur drive folder dan subfolder', 'contoh representasi logis adalah c adalah atau lectures atau genap24 atau namafile docx', 'sedangkan contoh representasi fisik dengan bilangan biner 8 bit adalah 10010142']","['representasi fisik dalam konsep penyimpanan berkas di komputer merujuk pada bagaimana data benar benar disimpan pada perangkat keras seperti lokasi data pada blok blok di hard drive atau ssd', 'contohnya data disimpan dalam sektor dan track pada disk', 'representasi logis sebaliknya adalah bagaimana sistem operasi dan pengguna melihat dan mengelola data melalui struktur file dan direktori', 'misalnya saat kita melihat file document txt dalam folder di desktop itu adalah representasi logis sementara secara fisik file tersebut dipecah menjadi blok blok data tersebar di berbagai lokasi pada disk', 'perbedaan utamanya adalah bahwa representasi fisik berhubungan dengan bagaimana data tersimpan secara fisik sementara representasi logis adalah tampilan abstraksi yang memudahkan akses dan manajemen data']",5,5,"10,00",A,5
208,5,['apa yang dimaksud dengan critical section'],['critical section adalah sebuah bagian atau segmen kode atau instruksi proses yang mengakses shared memory dan dapat mengakibatkan race condition serta data yang tidak valid jika dieksekusi secara bersamaan'],['desain sebuah protokol di mana proses proses dapat menggunakannya secara bersama sama'],0,10,"0,00",E,1
209,5,['apa yang dimaksud dengan critical section'],['critical section adalah sebuah bagian atau segmen kode atau instruksi proses yang mengakses shared memory dan dapat mengakibatkan race condition serta data yang tidak valid jika dieksekusi secara bersamaan'],['sebuah segmen kode dari sebuah proses yang sumber dayanya diakses bersamaan'],3,10,"3,00",E,1
210,5,['apa yang dimaksud dengan critical section'],['critical section adalah sebuah bagian atau segmen kode atau instruksi proses yang mengakses shared memory dan dapat mengakibatkan race condition serta data yang tidak valid jika dieksekusi secara bersamaan'],['critical section merupakan sebuah segmen kode dari sebuah proses yang dimana terdapat hanya satu proses yang dapat dieksekusi pada satu waktu'],0,10,"0,00",E,1
211,5,['apa yang dimaksud dengan critical section'],['critical section adalah sebuah bagian atau segmen kode atau instruksi proses yang mengakses shared memory dan dapat mengakibatkan race condition serta data yang tidak valid jika dieksekusi secara bersamaan'],['urutan instruksi yang mungkin mendapatkan hasil yang salah jika dieksekusi secara bersamaan'],5,10,"5,00",D,2
212,5,['apa yang dimaksud dengan critical section'],['critical section adalah sebuah bagian atau segmen kode atau instruksi proses yang mengakses shared memory dan dapat mengakibatkan race condition serta data yang tidak valid jika dieksekusi secara bersamaan'],['critical section adalah sebuah segmen kode dari sebuah proses yang mana sumber daya diakses bersamaan dan critical section adalah bagian dari suatu proses yang akan melakukan akses dan manipulasi data'],5,10,"5,00",D,2
213,5,['apa yang dimaksud dengan critical section'],['critical section adalah sebuah bagian atau segmen kode atau instruksi proses yang mengakses shared memory dan dapat mengakibatkan race condition serta data yang tidak valid jika dieksekusi secara bersamaan'],['critical section adalah sebuah peristiwa yang terjadi ketika lebih dari satu proses atau intruksi mengakses satu segmen code yang sama sedangkan program hanya dapat menyelesaikan satu proses yang dieksekusi pada satu waktu ketika proses atau intruksi tersebut dijalankan disaat yang bersamaan memungkinkan terjadi suatu kesalahan pada sistem'],8,10,"8,00",B,4
214,5,['apa yang dimaksud dengan critical section'],['critical section adalah sebuah bagian atau segmen kode atau instruksi proses yang mengakses shared memory dan dapat mengakibatkan race condition serta data yang tidak valid jika dieksekusi secara bersamaan'],['urutan instruksi yang mungkin mendapatkan hasil yang salah jika dieksekusi secara bersamaan'],5,10,"5,00",D,2
215,5,['apa yang dimaksud dengan critical section'],['critical section adalah sebuah bagian atau segmen kode atau instruksi proses yang mengakses shared memory dan dapat mengakibatkan race condition serta data yang tidak valid jika dieksekusi secara bersamaan'],['critical section adalah bagian dalam suatu proses yang akan digunakan untuk melakukan akses dan manipulasi data prosedur critical section di program computer tidak bisa dilakukan secara bersamaan dengan critical section terkait dari prosedur lain'],3,10,"3,00",E,1
216,5,['apa yang dimaksud dengan critical section'],['critical section adalah sebuah bagian atau segmen kode atau instruksi proses yang mengakses shared memory dan dapat mengakibatkan race condition serta data yang tidak valid jika dieksekusi secara bersamaan'],"['critical section adalah bagian dari suatu proses yang akan melakukan akses dan manipulasi data', 'ketika sebuah proses sedang dijalankan dalam critical section nya tidak ada proses lain yang boleh dijalankan dalam critical section tersebut']",3,10,"3,00",E,1
217,5,['apa yang dimaksud dengan critical section'],['critical section adalah sebuah bagian atau segmen kode atau instruksi proses yang mengakses shared memory dan dapat mengakibatkan race condition serta data yang tidak valid jika dieksekusi secara bersamaan'],['critical section adalah sebuah segmen kode dari sebuah proses yang mana sumber daya diakses bersamaan yang dapat membawa proses itu ke dalam race condition'],8,10,"8,00",B,4
218,5,['apa yang dimaksud dengan critical section'],['critical section adalah sebuah bagian atau segmen kode atau instruksi proses yang mengakses shared memory dan dapat mengakibatkan race condition serta data yang tidak valid jika dieksekusi secara bersamaan'],"['critical section adalah desai sebuah protokol dimana proses proses dapat dijalankan secara bersama sama juga dimana setiap proses tersebut harus meminta ijin untuk memasuki critical section', 'code yang yang mengimplementasi ijin disebut entry section dan akhir dari critical section disebut exit section']",0,10,"0,00",E,1
219,5,['apa yang dimaksud dengan critical section'],['critical section adalah sebuah bagian atau segmen kode atau instruksi proses yang mengakses shared memory dan dapat mengakibatkan race condition serta data yang tidak valid jika dieksekusi secara bersamaan'],"['critical section adalah suatu system terdiri dari n proses dimana semuanya berkompetisi menggunakan data yang digunakan bersama sama', 'masing masing proses mempunyai sebuah kode segmen dimana proses memungkinkan untuk', 'mengubah variabel umum mengubah sebuah tabel menulis file dan lain sebagainya']",0,10,"0,00",E,1
220,5,['apa yang dimaksud dengan critical section'],['critical section adalah sebuah bagian atau segmen kode atau instruksi proses yang mengakses shared memory dan dapat mengakibatkan race condition serta data yang tidak valid jika dieksekusi secara bersamaan'],['critical section adalah sebuah protokol yang di desain dimana proses proses dapat menggunakannya secara bersama sama dan setiap proses harus meminta izin jika ingin memasuki critical sectionnya'],0,10,"0,00",E,1
221,5,['apa yang dimaksud dengan critical section'],['critical section adalah sebuah bagian atau segmen kode atau instruksi proses yang mengakses shared memory dan dapat mengakibatkan race condition serta data yang tidak valid jika dieksekusi secara bersamaan'],"['critical section adalah dengan mendesain sebuah protokol di mana proses proses dapat menggunakannya secara bersama sama', 'setiap proses harus â€˜meminta izinâ€™ untuk memasuki critical section nya', 'bagian dari kode yang mengimplementasikan izin ini disebut entry section', 'akhir dari critical section itu disebut exit section', 'bagian kode selanjutnya disebut remainder section']",0,10,"0,00",E,1
222,5,['apa yang dimaksud dengan critical section'],['critical section adalah sebuah bagian atau segmen kode atau instruksi proses yang mengakses shared memory dan dapat mengakibatkan race condition serta data yang tidak valid jika dieksekusi secara bersamaan'],['critical section adalah kondisi dimana instruksi dilakukan secara bersama dan memiliki kemungkinan bahwa hasilnya salah atau berbeda'],5,10,"5,00",D,2
223,5,['apa yang dimaksud dengan critical section'],['critical section adalah sebuah bagian atau segmen kode atau instruksi proses yang mengakses shared memory dan dapat mengakibatkan race condition serta data yang tidak valid jika dieksekusi secara bersamaan'],"['critical section adalah dengan mendesain sebuah protokol di mana proses proses dapat menggunakannya secara bersama sama', 'setiap proses harus meminta izin untuk memasuki critical section nya']",0,10,"0,00",E,1
224,5,['apa yang dimaksud dengan critical section'],['critical section adalah sebuah bagian atau segmen kode atau instruksi proses yang mengakses shared memory dan dapat mengakibatkan race condition serta data yang tidak valid jika dieksekusi secara bersamaan'],['critical section adalah sekumpulan instruksi atau kode yang menjadi tempat untuk berbagai proses atau thread menjalankan operasinya dimana setiap operasi harus diselesaikan hingga tuntas dulu baru menyerahkan hak aksesnya ke proses atau thread lain'],0,10,"0,00",E,1
225,5,['apa yang dimaksud dengan critical section'],['critical section adalah sebuah bagian atau segmen kode atau instruksi proses yang mengakses shared memory dan dapat mengakibatkan race condition serta data yang tidak valid jika dieksekusi secara bersamaan'],"['critical section adalah sebuah segmen kode dari sebuah proses yang mana sumber daya diakses bersamaan', 'terdiri dari adalah', 'entry section adalah kode yang digunakan untuk masuk ke dalam critical section', 'critical section adalah kode di mana hanya ada satu proses yang dapat dieksekusi pada satu waktu', 'exit section adalah akhir dari critical section mengizinkan proses lain', 'remainder section adalah kode istirahat setelah masuk ke critical section']",0,10,"0,00",E,1
226,5,['apa yang dimaksud dengan critical section'],['critical section adalah sebuah bagian atau segmen kode atau instruksi proses yang mengakses shared memory dan dapat mengakibatkan race condition serta data yang tidak valid jika dieksekusi secara bersamaan'],"['critical section adalah bagian dari suatu proses yang akan melakukan akses dan manipulasi data', 'critical section memiliki kode segmen dari proses proses dapat menimbulkan terjadinya race condition dan kode segmen tersebut hanya dapat dieksekusi pada satu waktu']",8,10,"8,00",B,4
227,5,['apa yang dimaksud dengan critical section'],['critical section adalah sebuah bagian atau segmen kode atau instruksi proses yang mengakses shared memory dan dapat mengakibatkan race condition serta data yang tidak valid jika dieksekusi secara bersamaan'],['lebih dari satu proses akan berlomba untuk menggunakan sebuah data namun hanya satu proses yang dapat masuk ke dalam critical section'],0,10,"0,00",E,1
228,5,['apa yang dimaksud dengan critical section'],['critical section adalah sebuah bagian atau segmen kode atau instruksi proses yang mengakses shared memory dan dapat mengakibatkan race condition serta data yang tidak valid jika dieksekusi secara bersamaan'],['critical section adalah kode si mana satu proses yang dapat dieksekusi dalam satu waktu'],0,10,"0,00",E,1
229,5,['apa yang dimaksud dengan critical section'],['critical section adalah sebuah bagian atau segmen kode atau instruksi proses yang mengakses shared memory dan dapat mengakibatkan race condition serta data yang tidak valid jika dieksekusi secara bersamaan'],['critical section merupakan proses yang akan melakukan pengaksesan dan manipulasi data'],0,10,"0,00",E,1
230,5,['apa yang dimaksud dengan critical section'],['critical section adalah sebuah bagian atau segmen kode atau instruksi proses yang mengakses shared memory dan dapat mengakibatkan race condition serta data yang tidak valid jika dieksekusi secara bersamaan'],['critical section adalah saat thread menggunakan proses yang dapat diakses oleh thread lainnya tetapi prosesnya tidak boleh digunakan pada waktu yang bersamaan'],0,10,"0,00",E,1
231,5,['apa yang dimaksud dengan critical section'],['critical section adalah sebuah bagian atau segmen kode atau instruksi proses yang mengakses shared memory dan dapat mengakibatkan race condition serta data yang tidak valid jika dieksekusi secara bersamaan'],"['bagian dari suatu proses yang akan melakukan akses dan melakukan manipulasi data', 'kondisinya adalah ketika sebuah proses sedang dijalankan dalam critical section nya tidak ada proses lain yang boleh dijalankan dalam critical section tersebut karena akan menyebabkan keadaan mutually exclusive']",3,10,"3,00",E,1
232,5,['apa yang dimaksud dengan critical section'],['critical section adalah sebuah bagian atau segmen kode atau instruksi proses yang mengakses shared memory dan dapat mengakibatkan race condition serta data yang tidak valid jika dieksekusi secara bersamaan'],"['bagian dari suatu proses yang akan melakukan akses dan manipulasi data', 'ketika sebuah proses sedang dijalankan dalam critical section nya tidak ada proses lain yang boleh dijalankan dalam critical section tersebut']",0,10,"0,00",E,1
233,5,['apa yang dimaksud dengan critical section'],['critical section adalah sebuah bagian atau segmen kode atau instruksi proses yang mengakses shared memory dan dapat mengakibatkan race condition serta data yang tidak valid jika dieksekusi secara bersamaan'],['urutan instruksi yang mungkin mendapatkan hasil yang salah jika dieksekusi secara bersamaan'],5,10,"5,00",D,2
234,5,['apa yang dimaksud dengan critical section'],['critical section adalah sebuah bagian atau segmen kode atau instruksi proses yang mengakses shared memory dan dapat mengakibatkan race condition serta data yang tidak valid jika dieksekusi secara bersamaan'],['critical section adalah segmen kode yang digunakan untuk mengakses data yang sama dalam saat bersamaan'],3,10,"3,00",E,1
235,5,['apa yang dimaksud dengan critical section'],['critical section adalah sebuah bagian atau segmen kode atau instruksi proses yang mengakses shared memory dan dapat mengakibatkan race condition serta data yang tidak valid jika dieksekusi secara bersamaan'],"['critical section adalah kondisi dimana proses nya dapat dilakukan secara bersamaan', 'terdapat beberapa tahap adalah entry section critical section exit section remainder section']",0,10,"0,00",E,1
236,5,['apa yang dimaksud dengan critical section'],['critical section adalah sebuah bagian atau segmen kode atau instruksi proses yang mengakses shared memory dan dapat mengakibatkan race condition serta data yang tidak valid jika dieksekusi secara bersamaan'],['critical section adalah segmen kode dimana sebuah proses mengakses sumber daya secara bersama dimana critical section memiliki beberapa kode yaitu adalah entry section critical section exit section dan reminder section'],0,10,"0,00",E,1
237,5,['apa yang dimaksud dengan critical section'],['critical section adalah sebuah bagian atau segmen kode atau instruksi proses yang mengakses shared memory dan dapat mengakibatkan race condition serta data yang tidak valid jika dieksekusi secara bersamaan'],"['critcal section adalah yang mendesain sebuah protokol di mana proses proses dapat menggunakannya secara bersamaan', 'setiap proses harus meminta ijin untuk memasuki critical section nya']",0,10,"0,00",E,1
238,5,['apa yang dimaksud dengan critical section'],['critical section adalah sebuah bagian atau segmen kode atau instruksi proses yang mengakses shared memory dan dapat mengakibatkan race condition serta data yang tidak valid jika dieksekusi secara bersamaan'],"['critical section adalah bagian dari kode program yang hanya boleh diakses oleh satu thread atau proses pada satu waktu untuk mencegah kondisi race atau konflik akses data bersama shared resources', 'ini penting dalam pemrograman paralel atau multithreading agar tidak terjadi inkonsistensi atau kesalahan ketika beberapa proses mencoba mengakses atau memodifikasi data secara bersamaan', 'mekanisme seperti mutex semaphores atau locks biasanya digunakan untuk mengatur akses ke critical section']",10,10,"10,00",A,5
239,5,['apa yang dimaksud dengan critical section'],['critical section adalah sebuah bagian atau segmen kode atau instruksi proses yang mengakses shared memory dan dapat mengakibatkan race condition serta data yang tidak valid jika dieksekusi secara bersamaan'],"['critical section adalah bagian dari kode dalam program yang diakses secara bersamaan oleh beberapa proses atau thread dan di mana operasi yang dilakukan harus dilakukan secara eksklusif untuk mencegah konflik', 'jika lebih dari satu proses mencoba mengakses critical section pada saat yang sama bisa terjadi kondisi race yang menyebabkan data tidak konsisten atau kesalahan lainnya', 'untuk menghindarinya mekanisme sinkronisasi seperti mutex semaphore atau monitor digunakan untuk mengontrol akses ke critical section dan memastikan bahwa hanya satu proses yang mengaksesnya pada waktu tertentu']",10,10,"10,00",A,5
240,5,['apa yang dimaksud dengan critical section'],['critical section adalah sebuah bagian atau segmen kode atau instruksi proses yang mengakses shared memory dan dapat mengakibatkan race condition serta data yang tidak valid jika dieksekusi secara bersamaan'],"['critical section adalah bagian dari kode dalam sebuah program yang diakses secara bersamaan oleh beberapa proses atau thread dan hanya satu entitas yang boleh mengaksesnya pada satu waktu untuk menghindari kondisi race', 'ini penting dalam lingkungan pemrograman multithreading atau multiproses di mana beberapa proses dapat mengakses data bersama secara bersamaan', 'mekanisme sinkronisasi seperti locks semaphores atau mutex digunakan untuk memastikan bahwa hanya satu proses yang bisa berada di dalam critical section pada satu waktu sehingga mencegah inkonsistensi data atau perilaku yang tidak terduga']",10,10,"10,00",A,5
241,5,['apa yang dimaksud dengan critical section'],['critical section adalah sebuah bagian atau segmen kode atau instruksi proses yang mengakses shared memory dan dapat mengakibatkan race condition serta data yang tidak valid jika dieksekusi secara bersamaan'],"['critical section adalah bagian dari program yang mengakses dan memodifikasi data bersama shared data yang dapat diakses oleh beberapa thread atau proses secara bersamaan', 'dalam konteks pemrograman dan sistem operasi critical section harus dijaga agar hanya satu thread atau proses yang dapat mengaksesnya pada satu waktu untuk mencegah kondisi balapan race condition yang dapat menyebabkan data korupsi atau perilaku tidak terduga', 'untuk mengelola akses ke critical section mekanisme seperti semaphore mutex atau monitor sering digunakan untuk memastikan eksklusi mutual mutual exclusion dan sinkronisasi antar thread']",10,10,"10,00",A,5
242,5,['apa yang dimaksud dengan critical section'],['critical section adalah sebuah bagian atau segmen kode atau instruksi proses yang mengakses shared memory dan dapat mengakibatkan race condition serta data yang tidak valid jika dieksekusi secara bersamaan'],"['critical section adalah bagian dari kode dalam program yang mengakses dan memanipulasi sumber daya bersama seperti variabel file atau perangkat keras yang dapat diakses oleh beberapa proses atau thread secara bersamaan', 'ketika satu proses atau thread berada dalam critical section proses atau thread lain tidak diizinkan untuk memasuki bagian tersebut hingga proses pertama selesai', 'hal ini bertujuan untuk mencegah kondisi balapan race condition dan memastikan integritas data serta menjaga konsistensi sistem dengan menggunakan teknik sinkronisasi seperti mutex semaphores atau locks']",10,10,"10,00",A,5
243,5,['apa yang dimaksud dengan critical section'],['critical section adalah sebuah bagian atau segmen kode atau instruksi proses yang mengakses shared memory dan dapat mengakibatkan race condition serta data yang tidak valid jika dieksekusi secara bersamaan'],['critical section adalah bagian instruksi dari sebuah proses yang mengakses shared memory'],7,10,"7,00",B,4
244,5,['apa yang dimaksud dengan critical section'],['critical section adalah sebuah bagian atau segmen kode atau instruksi proses yang mengakses shared memory dan dapat mengakibatkan race condition serta data yang tidak valid jika dieksekusi secara bersamaan'],['critical section merupakan bagian dari segmen kode yang menggunakan sumber daya dari shared memory'],7,10,"7,00",B,4
245,5,['apa yang dimaksud dengan critical section'],['critical section adalah sebuah bagian atau segmen kode atau instruksi proses yang mengakses shared memory dan dapat mengakibatkan race condition serta data yang tidak valid jika dieksekusi secara bersamaan'],['critical section adalah kode program sebuah proses yang terjadi race condition'],6,10,"6,00",C,3
246,5,['apa yang dimaksud dengan critical section'],['critical section adalah sebuah bagian atau segmen kode atau instruksi proses yang mengakses shared memory dan dapat mengakibatkan race condition serta data yang tidak valid jika dieksekusi secara bersamaan'],['critical section adalah bagian kode dari proses yang akan error bila digunakan bersamaan'],6,10,"6,00",C,3
247,5,['apa yang dimaksud dengan critical section'],['critical section adalah sebuah bagian atau segmen kode atau instruksi proses yang mengakses shared memory dan dapat mengakibatkan race condition serta data yang tidak valid jika dieksekusi secara bersamaan'],['critical section adalah memory yang tidak bisa diakses secara bersamaan karena akan terjadi race condition'],6,10,"6,00",C,3
248,5,['apa yang dimaksud dengan critical section'],['critical section adalah sebuah bagian atau segmen kode atau instruksi proses yang mengakses shared memory dan dapat mengakibatkan race condition serta data yang tidak valid jika dieksekusi secara bersamaan'],['critical section merupakan bagian dari kode dalam proses yang akan menyebabkan kesalahan jika diakses secara bersamaan'],6,10,"6,00",C,3
249,5,['apa yang dimaksud dengan critical section'],['critical section adalah sebuah bagian atau segmen kode atau instruksi proses yang mengakses shared memory dan dapat mengakibatkan race condition serta data yang tidak valid jika dieksekusi secara bersamaan'],['critical section adalah instruksi dalam proses yang menghasilkan output yang tidak valid jika dieksekusi bersamaan dengan instruksi dari proses lain'],6,10,"6,00",C,3
250,6,['mengapa algoritma peterson dapat digunakan untuk mengatasi masalah penjadwalan'],['karena algoritma peterson menjamin adanya mutual exclusion mutex progress dan bounded waiting'],"['dengan algoritma peterson proses proses dapat masuk critical section dengan aman tanpa terganggu proses lain', 'penyelesaian peterson dapat digeneralisasi untuk banyak proses kongkuren']",0,10,"0,00",E,1
251,6,['mengapa algoritma peterson dapat digunakan untuk mengatasi masalah penjadwalan'],['karena algoritma peterson menjamin adanya mutual exclusion mutex progress dan bounded waiting'],['dengan algoritma peterson prosesâ€“proses dapat masuk critical section dengan aman tanpa terganggu proses lain'],0,10,"0,00",E,1
252,6,['mengapa algoritma peterson dapat digunakan untuk mengatasi masalah penjadwalan'],['karena algoritma peterson menjamin adanya mutual exclusion mutex progress dan bounded waiting'],['karena algoritma peterson dapat digunakan untuk 2 atau lebih proses kongkuren sehingga dapat mengatasi penjadwalan di masing masing setiap file selain itu karena adanya permasalahn penjadwalan juga dapat menggabungkan antara 2 algortima yaitu algoritma turn dan algoritma flag'],0,10,"0,00",E,1
253,6,['mengapa algoritma peterson dapat digunakan untuk mengatasi masalah penjadwalan'],['karena algoritma peterson menjamin adanya mutual exclusion mutex progress dan bounded waiting'],"['karena gabungan dari algoritma turn dan flag yang mengkombinasikan antara shared varianble turn dan flag dimana variabel turn menunjukkan giliran proses mana yang diperbolehkan memasuki critical section dan variabel flag menunjukkan apakah suatu proses membutuhkan akses ke critical section atau tidak', 'kebutuhan mutual exclusion progress dan bounded waiting dan dapat memecahkan permasalahan critical section untuk dua proses']",10,10,"10,00",A,5
254,6,['mengapa algoritma peterson dapat digunakan untuk mengatasi masalah penjadwalan'],['karena algoritma peterson menjamin adanya mutual exclusion mutex progress dan bounded waiting'],['karena algorintma peterson dapat menggunakan intruksi setlock dan juga menggunakan mesin yang khusus untuk dapat mengatasi masalah penjadwalan'],0,10,"0,00",E,1
255,6,['mengapa algoritma peterson dapat digunakan untuk mengatasi masalah penjadwalan'],['karena algoritma peterson menjamin adanya mutual exclusion mutex progress dan bounded waiting'],"['karena algoritma peterson dapat mengatasi masalah critical section sehingga algoritma ini dapat menjamin mutual exclusion mutex', 'progress dan bounded waiting']",10,10,"10,00",A,5
256,6,['mengapa algoritma peterson dapat digunakan untuk mengatasi masalah penjadwalan'],['karena algoritma peterson menjamin adanya mutual exclusion mutex progress dan bounded waiting'],['karena algoritma peterson dapat digunakan untuk mnegempingkan dan memungkinkan dua proses untuk berbagi satu sumber pengguna tanpa terjadinya konflik dan algoritma peterson hanya menggunakan memori bersama untuk komunikasi'],0,10,"0,00",E,1
257,6,['mengapa algoritma peterson dapat digunakan untuk mengatasi masalah penjadwalan'],['karena algoritma peterson menjamin adanya mutual exclusion mutex progress dan bounded waiting'],"['karena dalam algoritma peterson ada 2 proses yaitu variabel turn dan variabel flag i', 'urutan proses yang akan masuk ke critical section ditandakan dengan variabel turn sebagai integer', 'untuk menentukan suatu proses sudah siap masuk atau belum ke dalam critical section ditandakan dengan variabel flag i sebagai boolean']",0,10,"0,00",E,1
258,6,['mengapa algoritma peterson dapat digunakan untuk mengatasi masalah penjadwalan'],['karena algoritma peterson menjamin adanya mutual exclusion mutex progress dan bounded waiting'],['algoritma peterson terdapat 2 proses sebagai 2 variabel yaitu variabel turn sebagai integer yang menunjukan urutan proses yang akan masuk ke dalam critical section dan variabel flag i sebagai boolean yang menunjukan apakah suatu proses siap masuk ke dalam critical section index mewakili satu proses'],0,10,"0,00",E,1
259,6,['mengapa algoritma peterson dapat digunakan untuk mengatasi masalah penjadwalan'],['karena algoritma peterson menjamin adanya mutual exclusion mutex progress dan bounded waiting'],['algoritma peterson menjamin mutual exclusion progress dan bounded waiting sehingga dapat mengatasi penjadwalan di masing masing setiap file'],7,10,"7,00",B,4
260,6,['mengapa algoritma peterson dapat digunakan untuk mengatasi masalah penjadwalan'],['karena algoritma peterson menjamin adanya mutual exclusion mutex progress dan bounded waiting'],['algoritma ini menggunakan variabel turn dan flag untuk memastikan hanya satu proses yang boleh masuk ke critical section mencegah konflik'],7,10,"7,00",B,4
261,6,['mengapa algoritma peterson dapat digunakan untuk mengatasi masalah penjadwalan'],['karena algoritma peterson menjamin adanya mutual exclusion mutex progress dan bounded waiting'],['dengan algoritma peterson proses proses dapat mengakses critical section tanpa gangguan dari proses lain sehingga meningkatkan efisiensi penjadwalan'],7,10,"7,00",B,4
262,6,['mengapa algoritma peterson dapat digunakan untuk mengatasi masalah penjadwalan'],['karena algoritma peterson menjamin adanya mutual exclusion mutex progress dan bounded waiting'],['peterson mengatasi masalah critical section dengan cara memastikan tidak ada dua proses yang mengakses data secara bersamaan'],7,10,"7,00",B,4
263,6,['mengapa algoritma peterson dapat digunakan untuk mengatasi masalah penjadwalan'],['karena algoritma peterson menjamin adanya mutual exclusion mutex progress dan bounded waiting'],['algoritma ini efektif untuk dua proses yang bersaing untuk akses ke sumber daya karena menjamin adanya mutual exclusion mutex memastikan keduanya dapat beroperasi secara teratur'],7,10,"7,00",B,4
264,6,['mengapa algoritma peterson dapat digunakan untuk mengatasi masalah penjadwalan'],['karena algoritma peterson menjamin adanya mutual exclusion mutex progress dan bounded waiting'],"['karena memecahkan masalah critical section pada dua proses yaitu menggabungkan variable turn dan flag', 'variabel turn menunjukkan giliran proses mana yang diperbolehkan memasuki critical section dan variabel flag menunjukkan apakah suatu proses membutuhkan akses ke critical section atau tidak']",0,10,"0,00",E,1
265,6,['mengapa algoritma peterson dapat digunakan untuk mengatasi masalah penjadwalan'],['karena algoritma peterson menjamin adanya mutual exclusion mutex progress dan bounded waiting'],['karena algoritma peterson adalah algoritma yang bersamaan untuk pengecualian bersama yang memungkinkan dua atau lebih proses untuk berbagi sumber daya sekali pakai tanpa terjadi waiting dan konflik'],0,10,"0,00",E,1
266,6,['mengapa algoritma peterson dapat digunakan untuk mengatasi masalah penjadwalan'],['karena algoritma peterson menjamin adanya mutual exclusion mutex progress dan bounded waiting'],['karena pada masalah penjadwalan terdapat penggabungan antara algoritma turn dan algoritma flag yang merupakan langkah2 atau proses dalam cara mengatasi masalah masalah penjadwalan'],0,10,"0,00",E,1
267,6,['mengapa algoritma peterson dapat digunakan untuk mengatasi masalah penjadwalan'],['karena algoritma peterson menjamin adanya mutual exclusion mutex progress dan bounded waiting'],"['karena pada algoritma peterson proses proses dapat masuk ke dalam critical section dengan aman tanpa terganggu proses lain', 'pada awal sebelum memasuki critical section algoritma peterson akan melakukan pengecekan hingga kondisi proses aman dan saat pekerjaan selesai akan mengizinkan proses lain untuk masuk sehingga akan efektif untuk mengatasi masalah penjadwalan dan algoritma ini juga dapat digeneralisasi untuk banyak proses tidak hanya untuk dua proses']",0,10,"0,00",E,1
268,6,['mengapa algoritma peterson dapat digunakan untuk mengatasi masalah penjadwalan'],['karena algoritma peterson menjamin adanya mutual exclusion mutex progress dan bounded waiting'],"['karena algoritma sangat di perlukan dalam pengatasan masalah dalam penjadawalan', 'algoritma ini juga dapat digunakan untuk 2 atau lebih proses kongkuren', 'dan mengatasi masalah cricital section']",0,10,"0,00",E,1
269,6,['mengapa algoritma peterson dapat digunakan untuk mengatasi masalah penjadwalan'],['karena algoritma peterson menjamin adanya mutual exclusion mutex progress dan bounded waiting'],['algoritma peterson adalah kombinasi dari turn dan flag yang membuat pengaturan akses menjadi lebih terstruktur'],6,10,"6,00",C,3
270,6,['mengapa algoritma peterson dapat digunakan untuk mengatasi masalah penjadwalan'],['karena algoritma peterson menjamin adanya mutual exclusion mutex progress dan bounded waiting'],['algoritma ini membolehkan proses untuk saling berkomunikasi dengan aman ketika mengakses sumber daya yang sama'],6,10,"6,00",C,3
271,6,['mengapa algoritma peterson dapat digunakan untuk mengatasi masalah penjadwalan'],['karena algoritma peterson menjamin adanya mutual exclusion mutex progress dan bounded waiting'],['peterson memberikan solusi yang efisien untuk masalah eksklusi mutual yang penting dalam sistem dengan banyak proses'],6,10,"6,00",C,3
272,6,['mengapa algoritma peterson dapat digunakan untuk mengatasi masalah penjadwalan'],['karena algoritma peterson menjamin adanya mutual exclusion mutex progress dan bounded waiting'],['dengan algoritma ini proses yang sedang tidak aktif tidak akan mengganggu proses yang sedang aktif menjaga stabilitas'],6,10,"6,00",C,3
273,6,['mengapa algoritma peterson dapat digunakan untuk mengatasi masalah penjadwalan'],['karena algoritma peterson menjamin adanya mutual exclusion mutex progress dan bounded waiting'],['algoritma peterson mengatur giliran proses melalui variabel turn yang membantu mencegah deadlock dan meningkatkan penjadwalan'],6,10,"6,00",C,3
274,6,['mengapa algoritma peterson dapat digunakan untuk mengatasi masalah penjadwalan'],['karena algoritma peterson menjamin adanya mutual exclusion mutex progress dan bounded waiting'],['mengatasi masalah critical section dan menjamin mutual exclussion progress dan bounded waitung'],10,10,"10,00",A,5
275,6,['mengapa algoritma peterson dapat digunakan untuk mengatasi masalah penjadwalan'],['karena algoritma peterson menjamin adanya mutual exclusion mutex progress dan bounded waiting'],['mebelum memasuki critical section proses memanggil enter critical section sebelum memasukinya proses memeriksa sampai kondisi aman untuk enter critical section terjadi busy waiting setelah selesai di critical section proses menandai pekerjaan telah selesai dan mengijinkan proses lain masuk'],0,10,"0,00",E,1
276,6,['mengapa algoritma peterson dapat digunakan untuk mengatasi masalah penjadwalan'],['karena algoritma peterson menjamin adanya mutual exclusion mutex progress dan bounded waiting'],['karena dengan algoritma peterson proses dapat masuk critical section dengan aman tanpa terganggu proses lain sehingga menjamin mutual exclusion sekaligus mengatasi masalah penjadwalan'],5,10,"5,00",D,2
277,6,['mengapa algoritma peterson dapat digunakan untuk mengatasi masalah penjadwalan'],['karena algoritma peterson menjamin adanya mutual exclusion mutex progress dan bounded waiting'],"['karna mekanisme kerja algoritma peterson ketika masuk critical section proses memanggil enter critical section untuk memeriksa sampai kondisi aman masuk ke critical section hal ini dinamakan bussy waiting', 'setelah selesai dipersika proses mengijinkan untuk masuk', 'hal inilah yang membuat masalah dari algoritma peterson terselesaikan']",0,10,"0,00",E,1
278,6,['mengapa algoritma peterson dapat digunakan untuk mengatasi masalah penjadwalan'],['karena algoritma peterson menjamin adanya mutual exclusion mutex progress dan bounded waiting'],"['karena dengan menggunakan algoritma peterson proses proses dapat masuk critical section dengan aman tanpa terganggu proses lain', 'penyelesaian peterson dapat digeneralisasi untuk banyak proses kongkuren secara mudah tidak hanya untuk dua proses']",0,10,"0,00",E,1
279,6,['mengapa algoritma peterson dapat digunakan untuk mengatasi masalah penjadwalan'],['karena algoritma peterson menjamin adanya mutual exclusion mutex progress dan bounded waiting'],['pada algoritma peterson terdapat 2 proses sebagai 2 variabel yaitu variabel turn sebagai integer yang mengindikasikan urutan proses mana yang akan masuk ke dalam critical section dan variabel flag i sebagai boolean yang mengindikasikan apakah suatu proses siap untuk masuk ke dalam critical section index pada variabel flag merepresentasikan satu proses'],0,10,"0,00",E,1
280,6,['mengapa algoritma peterson dapat digunakan untuk mengatasi masalah penjadwalan'],['karena algoritma peterson menjamin adanya mutual exclusion mutex progress dan bounded waiting'],['karena algoritma sebelum peterson mengalami kegagalan dalam menyelesaikan masalah penjadwalan'],0,10,"0,00",E,1
281,6,['mengapa algoritma peterson dapat digunakan untuk mengatasi masalah penjadwalan'],['karena algoritma peterson menjamin adanya mutual exclusion mutex progress dan bounded waiting'],['karena algoritma ini menggunakan instruksi test and set lock dan juga menggunakan instruksi mesin yang khusus seperti instruksi exchange atau xchg'],0,10,"0,00",E,1
282,6,['mengapa algoritma peterson dapat digunakan untuk mengatasi masalah penjadwalan'],['karena algoritma peterson menjamin adanya mutual exclusion mutex progress dan bounded waiting'],"['karena mampu mengatasi critical section serta ketiga masalah yaitu adalah', 'mutual exclusion', 'bounded waiting', 'progress']",10,10,"10,00",A,5
283,6,['mengapa algoritma peterson dapat digunakan untuk mengatasi masalah penjadwalan'],['karena algoritma peterson menjamin adanya mutual exclusion mutex progress dan bounded waiting'],"['penggunaan algoritma peterson membuat proses tersebut dapat masuk ke critical section secara aman tanpa halangan proses lain maka dari itu gabungan dari algoritma turn variabel turn menunjukkan giliran proses mana yang diperbolehkan memasuk critical section dan flag variable flag menunjukkan informasi proses kebutuhan akses ke critical section dari kombinasi antara shared varianble turn dan flag', 'kebutuhannya yaitu mutual exclusion progress dan bounded waiting', 'serta dapat memecahkan permasalahan critical section untuk dua proses']",10,10,"10,00",A,5
284,6,['mengapa algoritma peterson dapat digunakan untuk mengatasi masalah penjadwalan'],['karena algoritma peterson menjamin adanya mutual exclusion mutex progress dan bounded waiting'],['karena algoritma ini memungkinkan dua atau lebih proses untuk berbagi sumber daya sekali pakai tanpa konflik menggunakan hanya memori bersama untuk komunikasi'],0,10,"0,00",E,1
285,6,['mengapa algoritma peterson dapat digunakan untuk mengatasi masalah penjadwalan'],['karena algoritma peterson menjamin adanya mutual exclusion mutex progress dan bounded waiting'],['karena peterson merupakan algoritma gabungan dari turn dan flag'],0,10,"0,00",E,1
286,6,['mengapa algoritma peterson dapat digunakan untuk mengatasi masalah penjadwalan'],['karena algoritma peterson menjamin adanya mutual exclusion mutex progress dan bounded waiting'],"['karena pada algoritma peterson berhasil mengatasi untuk masalah mutual exclussion progress dan bounded waiting', 'sedangkan algoritma sebelumnya tidak mampu mengatasi ketiga masalah tersebut', 'pada mutex percobaan 1 atau algoritma 1 dan mutex percobaan 2 masalah bounded waiting dan progress tidak berhasil diatasi', 'sedangkan peterson berhasil mengatasi ketiga tiganya']",10,10,"10,00",A,5
287,6,['mengapa algoritma peterson dapat digunakan untuk mengatasi masalah penjadwalan'],['karena algoritma peterson menjamin adanya mutual exclusion mutex progress dan bounded waiting'],['mengatasi critical section dan menjamin mutual exclusion progress bounded waiting'],10,10,"10,00",A,5
288,6,['mengapa algoritma peterson dapat digunakan untuk mengatasi masalah penjadwalan'],['karena algoritma peterson menjamin adanya mutual exclusion mutex progress dan bounded waiting'],['pada algoritma peterson proses 0 akan masuk ke critical section untuk menandai array saat ingin masuk ke critical region karena proses 1 tidak berkepentingan element interested tidak ditandai maka prosedur enter critical section segera dilaksanakan'],0,10,"0,00",E,1
289,6,['mengapa algoritma peterson dapat digunakan untuk mengatasi masalah penjadwalan'],['karena algoritma peterson menjamin adanya mutual exclusion mutex progress dan bounded waiting'],"['karna menggunakan algoritma peterson proses proses dapat masuk critical section dengan aman tanpa terganggu proses lain', 'karna merupakan gabungan dari algoritma turn dan algoritma flag', 'sama seperti pada algoritma turn dan flag variabel turn menunjukkan giliran proses mana yang diperbolehkan memasuki critical section dan variable flag menunjukkan informasi proses kebutuhan akses ke critical section']",0,10,"0,00",E,1
290,6,['mengapa algoritma peterson dapat digunakan untuk mengatasi masalah penjadwalan'],['karena algoritma peterson menjamin adanya mutual exclusion mutex progress dan bounded waiting'],['melalui algoritma peterson proses dapat masuk critical section secara aman tanpa terganggu oleh proses lain yang menjamin mutual exclusion dan mengatasi masalah penjadwalan'],5,10,"5,00",D,2
291,6,['mengapa algoritma peterson dapat digunakan untuk mengatasi masalah penjadwalan'],['karena algoritma peterson menjamin adanya mutual exclusion mutex progress dan bounded waiting'],['peterson s algorithm memastikan bahwa proses dapat masuk ke critical section dengan aman tanpa diganggu oleh proses lain menjaga mutual exclusion dan menyelesaikan isu penjadwalan'],5,10,"5,00",D,2
292,6,['mengapa algoritma peterson dapat digunakan untuk mengatasi masalah penjadwalan'],['karena algoritma peterson menjamin adanya mutual exclusion mutex progress dan bounded waiting'],['algoritma peterson memungkinkan proses untuk masuk ke critical section dengan aman tanpa gangguan dari proses lain yang menjamin terjadinya mutual exclusion serta mengatasi masalah penjadwalan'],5,10,"5,00",D,2
293,6,['mengapa algoritma peterson dapat digunakan untuk mengatasi masalah penjadwalan'],['karena algoritma peterson menjamin adanya mutual exclusion mutex progress dan bounded waiting'],['dengan algoritma peterson proses dapat memasuki critical section dengan aman tanpa intervensi dari proses lain sehingga memastikan mutual exclusion dan menyelesaikan masalah penjadwalan'],5,10,"5,00",D,2
294,7,['apa yang disebut dengan system call dan melalui apa user program program aplikasi bisa berkomunikasi dengan sistem operasi untuk melakukan system call'],"['system call adalah peristiwa pemanggilan layanan sistem operasi oleh user program program aplikasi', 'layanan ini diakses melalui api application programming interface milik sistem operasi']","['penyedia antarmuka dari pelayanan palayanan yang tersedia dengan sistem operasi', 'â berkomunikasi dengan so adalah memasukkan nama file input dan menampilkannya pada layar menerima masukan seperti inputan data dari keyboard yang diketik dan nama file output hasil dari ketikkan', 'setelah dua nama file telah diperoleh program harus membuka file input dan membuat file output']",0,10,"0,00",E,1
295,7,['apa yang disebut dengan system call dan melalui apa user program program aplikasi bisa berkomunikasi dengan sistem operasi untuk melakukan system call'],"['system call adalah peristiwa pemanggilan layanan sistem operasi oleh user program program aplikasi', 'layanan ini diakses melalui api application programming interface milik sistem operasi']","['system call adalah cara sebuah program pada level user untuk meminta pada sistem operasi untuk menjalankan sesuatu untuknya', 'dan melalui set up argument untuk system call user program bisa berkomunikasi dengan sistem operasi untuk melakukan system call']",5,10,"5,00",D,2
296,7,['apa yang disebut dengan system call dan melalui apa user program program aplikasi bisa berkomunikasi dengan sistem operasi untuk melakukan system call'],"['system call adalah peristiwa pemanggilan layanan sistem operasi oleh user program program aplikasi', 'layanan ini diakses melalui api application programming interface milik sistem operasi']","['system call merupakan sebuah manajemen proses yang diperlukan untuk mengatur prose proses yang sedang berjalan', 'cara user berkomunikasi dengan cara menggunakan sebuah program yang melalui sebuah shell dan shell tersebut akan menangkap perintah dari user dan perintah perintah tersebut yang akan dikirimkan ke sistem operasi di kernel']",0,10,"0,00",E,1
297,7,['apa yang disebut dengan system call dan melalui apa user program program aplikasi bisa berkomunikasi dengan sistem operasi untuk melakukan system call'],"['system call adalah peristiwa pemanggilan layanan sistem operasi oleh user program program aplikasi', 'layanan ini diakses melalui api application programming interface milik sistem operasi']",['system call adalah peristiwa tata cara pemanggilan layanan os oleh program aplikasi meminta service dari kernel sistem operasi melalui api yang disediakan oleh os'],10,10,"10,00",A,5
298,7,['apa yang disebut dengan system call dan melalui apa user program program aplikasi bisa berkomunikasi dengan sistem operasi untuk melakukan system call'],"['system call adalah peristiwa pemanggilan layanan sistem operasi oleh user program program aplikasi', 'layanan ini diakses melalui api application programming interface milik sistem operasi']","['system call adalah sebuah instruksi mirip dengan instruksi add atau jump', 'pada tingkat tinggi sebuah system call adalah cara sebuah program pada level user untuk meminta pada sistem operasi untuk menjalankan sesuatu untuknya', 'dapat berkomunikasi dengan so dengan melalui sistem operasi dengan seperti pengiriman sebuah sinyal intrupsi ke sistem lain']",5,10,"5,00",D,2
299,7,['apa yang disebut dengan system call dan melalui apa user program program aplikasi bisa berkomunikasi dengan sistem operasi untuk melakukan system call'],"['system call adalah peristiwa pemanggilan layanan sistem operasi oleh user program program aplikasi', 'layanan ini diakses melalui api application programming interface milik sistem operasi']",['api application programming interface'],3,10,"3,00",E,1
300,7,['apa yang disebut dengan system call dan melalui apa user program program aplikasi bisa berkomunikasi dengan sistem operasi untuk melakukan system call'],"['system call adalah peristiwa pemanggilan layanan sistem operasi oleh user program program aplikasi', 'layanan ini diakses melalui api application programming interface milik sistem operasi']",['tidak ada jawaban alias kosong'],0,10,"0,00",E,1
301,7,['apa yang disebut dengan system call dan melalui apa user program program aplikasi bisa berkomunikasi dengan sistem operasi untuk melakukan system call'],"['system call adalah peristiwa pemanggilan layanan sistem operasi oleh user program program aplikasi', 'layanan ini diakses melalui api application programming interface milik sistem operasi']","['system call adalah tata cara pemanggilan di program aplikasi atau software untuk memperoleh layanan yang disediakan oleh os', 'program aplikasi dapat berkomunikasi dengan sistem operasi melalui application program interface api untuk melakukan system call']",10,10,"10,00",A,5
302,7,['apa yang disebut dengan system call dan melalui apa user program program aplikasi bisa berkomunikasi dengan sistem operasi untuk melakukan system call'],"['system call adalah peristiwa pemanggilan layanan sistem operasi oleh user program program aplikasi', 'layanan ini diakses melalui api application programming interface milik sistem operasi']","['system call adalah jembatan anatara program aplikasi dengan sistem operasi', 'program aplikasi akan melalui system call untuk berkomunikasi dengan sistem operasi']",3,10,"3,00",E,1
303,7,['apa yang disebut dengan system call dan melalui apa user program program aplikasi bisa berkomunikasi dengan sistem operasi untuk melakukan system call'],"['system call adalah peristiwa pemanggilan layanan sistem operasi oleh user program program aplikasi', 'layanan ini diakses melalui api application programming interface milik sistem operasi']","['system call merupakan cara bagi program atau perangkat lunak untuk meminta service dari kernel sistem operasi', 'parameter dapat dilewatkan dalam register', 'ketika ada lebih banyak parameter daripada register parameter dapat disimpan dalam blok dan alamat blok dapat diteruskan sebagai parameter ke register', 'parameter juga dapat didorong atau dikeluarkan dari tumpukan oleh sistem operasi']",0,10,"0,00",E,1
304,7,['apa yang disebut dengan system call dan melalui apa user program program aplikasi bisa berkomunikasi dengan sistem operasi untuk melakukan system call'],"['system call adalah peristiwa pemanggilan layanan sistem operasi oleh user program program aplikasi', 'layanan ini diakses melalui api application programming interface milik sistem operasi']","['system call adalah instruksi add atau jump system call juga adalah cara sebuah program pada level user untuk meminta pada sistem operasi untuk menjalankan sesuatu', 'contoh program aplikasinya adalah api application program interface']",5,10,"5,00",D,2
305,7,['apa yang disebut dengan system call dan melalui apa user program program aplikasi bisa berkomunikasi dengan sistem operasi untuk melakukan system call'],"['system call adalah peristiwa pemanggilan layanan sistem operasi oleh user program program aplikasi', 'layanan ini diakses melalui api application programming interface milik sistem operasi']","['system call adalah tata cara pemanggilan di program aplikasi untuk memperoleh layanan yang disediakan oleh sistem operasi', 'kemudian pada system call dilakukan melalui api yang disediakan oleh os di mana cara penggunaan api ini biasanya diabstraksi dalam direktif perintah yang dimiliki oleh bahasa pemrograman yang digunakan saat menulis program aplikasi tersebut bukan pemanggilan langsung']",10,10,"10,00",A,5
306,7,['apa yang disebut dengan system call dan melalui apa user program program aplikasi bisa berkomunikasi dengan sistem operasi untuk melakukan system call'],"['system call adalah peristiwa pemanggilan layanan sistem operasi oleh user program program aplikasi', 'layanan ini diakses melalui api application programming interface milik sistem operasi']","['system call adalah cara sebuah program pada level user untuk meminta pada sistem operasi untuk menjalankan sesuatu untuknya atau dengan kata lain system call adalah peristiwa pemanggilan layanan os oleh program aplikasi', 'user program dapat berkomunikasi dengan so untuk melakukan system call melalui api']",10,10,"10,00",A,5
307,7,['apa yang disebut dengan system call dan melalui apa user program program aplikasi bisa berkomunikasi dengan sistem operasi untuk melakukan system call'],"['system call adalah peristiwa pemanggilan layanan sistem operasi oleh user program program aplikasi', 'layanan ini diakses melalui api application programming interface milik sistem operasi']","['system call peristiwa pemanggilan layanan os oleh program aplikasi untuk menjalankan sesuatu', 'user program dapat berkomunikasi dengan so untuk melakukan system call melalui api']",10,10,"10,00",A,5
308,7,['apa yang disebut dengan system call dan melalui apa user program program aplikasi bisa berkomunikasi dengan sistem operasi untuk melakukan system call'],"['system call adalah peristiwa pemanggilan layanan sistem operasi oleh user program program aplikasi', 'layanan ini diakses melalui api application programming interface milik sistem operasi']","['system call adalah peristiwa pemanggilan layanan os oleh program aplikasi', 'program aplikasi berkomunikasi dengan so melalui api aplication programing interface']",10,10,"10,00",A,5
309,7,['apa yang disebut dengan system call dan melalui apa user program program aplikasi bisa berkomunikasi dengan sistem operasi untuk melakukan system call'],"['system call adalah peristiwa pemanggilan layanan sistem operasi oleh user program program aplikasi', 'layanan ini diakses melalui api application programming interface milik sistem operasi']","['system call untuk manajemen proses diperlukan untuk mengatur proses proses yang sedang berjalan', 'kita dapat melihat penggunaan system calls untuk manajemen proses pada sistem operasi unix', 'contoh yang paling baik untuk melihat bagaimana system call bekerja untuk manajemen proses adalah fork']",0,10,"0,00",E,1
310,7,['apa yang disebut dengan system call dan melalui apa user program program aplikasi bisa berkomunikasi dengan sistem operasi untuk melakukan system call'],"['system call adalah peristiwa pemanggilan layanan sistem operasi oleh user program program aplikasi', 'layanan ini diakses melalui api application programming interface milik sistem operasi']","['system call adalah pemanggilan layanan yang ada pada sistem operasi oleh program aplikasi', 'system call dilakukan melalui api yang di sediakan oleh sistem operasi yang penggunaannya biasanya diabstraksi dalam direktif perintah yang dimiliki oleh bahasa pemrograman yang digunakan program aplikasi']",10,10,"10,00",A,5
311,7,['apa yang disebut dengan system call dan melalui apa user program program aplikasi bisa berkomunikasi dengan sistem operasi untuk melakukan system call'],"['system call adalah peristiwa pemanggilan layanan sistem operasi oleh user program program aplikasi', 'layanan ini diakses melalui api application programming interface milik sistem operasi']","['ï‚§ layanan langsung sistem operasi ke pemrograman disebut dengan system', 'call atau pustaka library api application programming interface', 'ï‚§ system call adalah tata cara pemanggilan di program aplikasi untuk', 'memperoleh layanan yang disediakan oleh sistem operasi', 'ï‚§ system call berupa rutin sistem operasi untuk keperluan tertentu yang spesifik', 'ï‚§ umumnya berisi trap semacam sinyal interupsi perangkat lunak untuk', 'memanggil rutin tersebut', 'ï‚§ contoh unix ïƒ posix windows ïƒ win 32 api']",10,10,"10,00",A,5
312,7,['apa yang disebut dengan system call dan melalui apa user program program aplikasi bisa berkomunikasi dengan sistem operasi untuk melakukan system call'],"['system call adalah peristiwa pemanggilan layanan sistem operasi oleh user program program aplikasi', 'layanan ini diakses melalui api application programming interface milik sistem operasi']","['system call biasa dikenal sebagai syscall yang artinya sebuah instruksi mirip dengan instruksi add atau jump', 'pada tingkat tinggi sebuah system call adalah cara sebuah program pada level user untuk meminta pada sistem operasi untuk menjalankan sesuatu untuknya']",5,10,"5,00",D,2
313,7,['apa yang disebut dengan system call dan melalui apa user program program aplikasi bisa berkomunikasi dengan sistem operasi untuk melakukan system call'],"['system call adalah peristiwa pemanggilan layanan sistem operasi oleh user program program aplikasi', 'layanan ini diakses melalui api application programming interface milik sistem operasi']","['system call merupakan penghubung antara proses dengan sistem operasi dan diproses menggunakan application program interface api', 'untuk melakukan system call user program atau program aplikasi hanya perlu untuk mematuhi api dan memahami apa yang akan dilakukan oleh sistem operasi sebagai pemanggilan hasil']",3,10,"3,00",E,1
314,7,['apa yang disebut dengan system call dan melalui apa user program program aplikasi bisa berkomunikasi dengan sistem operasi untuk melakukan system call'],"['system call adalah peristiwa pemanggilan layanan sistem operasi oleh user program program aplikasi', 'layanan ini diakses melalui api application programming interface milik sistem operasi']",['system call digunakan untuk memanggil layanan so melalui api yang disediakan oleh so'],10,10,"10,00",A,5
315,7,['apa yang disebut dengan system call dan melalui apa user program program aplikasi bisa berkomunikasi dengan sistem operasi untuk melakukan system call'],"['system call adalah peristiwa pemanggilan layanan sistem operasi oleh user program program aplikasi', 'layanan ini diakses melalui api application programming interface milik sistem operasi']",['system call merupakan suatu instruksi yang kepada sistem untuk melakukan sesuatu sehingga kita dapat memanggil fungsi di kernel yang melakukan panggilan sistem secara langsung melalui mekanisme khusus sistem'],5,10,"5,00",D,2
316,7,['apa yang disebut dengan system call dan melalui apa user program program aplikasi bisa berkomunikasi dengan sistem operasi untuk melakukan system call'],"['system call adalah peristiwa pemanggilan layanan sistem operasi oleh user program program aplikasi', 'layanan ini diakses melalui api application programming interface milik sistem operasi']",['system call merupakan suatu instruksi yang memanggil perintah untuk sistem operasi dari program aplikasi untuk dapat berkomunikasi dengan sistem operasi maka membutuhkan api'],10,10,"10,00",A,5
317,7,['apa yang disebut dengan system call dan melalui apa user program program aplikasi bisa berkomunikasi dengan sistem operasi untuk melakukan system call'],"['system call adalah peristiwa pemanggilan layanan sistem operasi oleh user program program aplikasi', 'layanan ini diakses melalui api application programming interface milik sistem operasi']","['system call adalah cara bagi program atau perangkat lunak untuk meminta servis dari kernel sistem operasi', 'parameter dapat dilewatkan dalam register', 'ketika ada lebih banyak parameter daripada register parameter dapat disimpan dalam blok dan alamat blok dapat diteruskan sebagai parameter ke register', 'parameter juga dapat didorong atau dikeluarkan dari tumpukan oleh sistem operasi']",0,10,"0,00",E,1
318,7,['apa yang disebut dengan system call dan melalui apa user program program aplikasi bisa berkomunikasi dengan sistem operasi untuk melakukan system call'],"['system call adalah peristiwa pemanggilan layanan sistem operasi oleh user program program aplikasi', 'layanan ini diakses melalui api application programming interface milik sistem operasi']","['system call adalah cara dimana program komputer meminta layanan dari sistem operasi yang menjalankannya', 'dengan melalui shell maka user dapat memberi perintah perintah yang akan dikirim ke sistem operasi sehingga shell ini merupakan layer yang menerima interaksi dari user secara langsung']",5,10,"5,00",D,2
319,7,['apa yang disebut dengan system call dan melalui apa user program program aplikasi bisa berkomunikasi dengan sistem operasi untuk melakukan system call'],"['system call adalah peristiwa pemanggilan layanan sistem operasi oleh user program program aplikasi', 'layanan ini diakses melalui api application programming interface milik sistem operasi']","['system call merupakan peristiwa pemanggilan layanan os oleh program aplikasi', 'cara user program berkomunikasi dengan sistem operasi menggunakan api apllication programming interface']",10,10,"10,00",A,5
320,7,['apa yang disebut dengan system call dan melalui apa user program program aplikasi bisa berkomunikasi dengan sistem operasi untuk melakukan system call'],"['system call adalah peristiwa pemanggilan layanan sistem operasi oleh user program program aplikasi', 'layanan ini diakses melalui api application programming interface milik sistem operasi']","['system call dapat dikatakan sebagai sebuah jembatan yang menghubungkan antara sistem operasi dan program aplikasi', 'ketika sebuah program ingin menggunakan layanan dari os maka layanan itu dipanggil melalui system call', 'biasanya pemanggilan system call oleh aplikasi ini melalui api atau application programming interface']",10,10,"10,00",A,5
321,7,['apa yang disebut dengan system call dan melalui apa user program program aplikasi bisa berkomunikasi dengan sistem operasi untuk melakukan system call'],"['system call adalah peristiwa pemanggilan layanan sistem operasi oleh user program program aplikasi', 'layanan ini diakses melalui api application programming interface milik sistem operasi']","['system call adalah peristiwa pemanggilan layanan os oleh aplikasi untuk menjalankannya', 'user program adalah api win32 api di windows posix api untuk unix java api untuk jvm dll']",10,10,"10,00",A,5
322,7,['apa yang disebut dengan system call dan melalui apa user program program aplikasi bisa berkomunikasi dengan sistem operasi untuk melakukan system call'],"['system call adalah peristiwa pemanggilan layanan sistem operasi oleh user program program aplikasi', 'layanan ini diakses melalui api application programming interface milik sistem operasi']","['system call adalah sebuah instruksi yang mirip dengan instruksi add atau jump', 'system call pada level user akan meminta pada sistem operasi untuk menjalankan sesuatu untuknya', 'system call akan melakukan call function pada kernel untuk dapat berkomunikasi dengan sistem operasi']",5,10,"5,00",D,2
323,7,['apa yang disebut dengan system call dan melalui apa user program program aplikasi bisa berkomunikasi dengan sistem operasi untuk melakukan system call'],"['system call adalah peristiwa pemanggilan layanan sistem operasi oleh user program program aplikasi', 'layanan ini diakses melalui api application programming interface milik sistem operasi']","['system call adalah cara sebuah program atau perangkat lunak pada level user untuk meminta service dari kernel sistem operasi', 'contoh disaat kita membutuhkan atribut dari sebuah dari suatu folder disaat proses penggunaan memori pada os dan program']",5,10,"5,00",D,2
324,7,['apa yang disebut dengan system call dan melalui apa user program program aplikasi bisa berkomunikasi dengan sistem operasi untuk melakukan system call'],"['system call adalah peristiwa pemanggilan layanan sistem operasi oleh user program program aplikasi', 'layanan ini diakses melalui api application programming interface milik sistem operasi']",['system call terjadi ketika program aplikasi memanggil service dari sistem operasi'],7,10,"7,00",B,4
325,7,['apa yang disebut dengan system call dan melalui apa user program program aplikasi bisa berkomunikasi dengan sistem operasi untuk melakukan system call'],"['system call adalah peristiwa pemanggilan layanan sistem operasi oleh user program program aplikasi', 'layanan ini diakses melalui api application programming interface milik sistem operasi']",['system call adalah situasi dimana layanan dari sistem operasi dipanggil oleh program'],7,10,"7,00",B,4
326,7,['apa yang disebut dengan system call dan melalui apa user program program aplikasi bisa berkomunikasi dengan sistem operasi untuk melakukan system call'],"['system call adalah peristiwa pemanggilan layanan sistem operasi oleh user program program aplikasi', 'layanan ini diakses melalui api application programming interface milik sistem operasi']","['system call adalah kondisi di mana sebuah program memanggil layanan yang disediakan oleh sistem operasi untuk menjalankan suatu tugas', 'hal ini terjadi ketika program aplikasi memerlukan bantuan dari sistem operasi']",8,10,"8,00",B,4
327,7,['apa yang disebut dengan system call dan melalui apa user program program aplikasi bisa berkomunikasi dengan sistem operasi untuk melakukan system call'],"['system call adalah peristiwa pemanggilan layanan sistem operasi oleh user program program aplikasi', 'layanan ini diakses melalui api application programming interface milik sistem operasi']","['system call terjadi ketika sebuah program aplikasi meminta layanan dari sistem operasi', 'ini adalah kondisi di mana program memanggil fungsi yang disediakan oleh sistem operasi untuk menjalankan tugas tertentu']",8,10,"8,00",B,4
328,7,['apa yang disebut dengan system call dan melalui apa user program program aplikasi bisa berkomunikasi dengan sistem operasi untuk melakukan system call'],"['system call adalah peristiwa pemanggilan layanan sistem operasi oleh user program program aplikasi', 'layanan ini diakses melalui api application programming interface milik sistem operasi']","['system call terjadi ketika program aplikasi meminta layanan dari sistem operasi', 'ini merupakan kondisi di mana sebuah program mengakses fungsi atau layanan yang disediakan oleh sistem operasi']",8,10,"8,00",B,4
329,7,['apa yang disebut dengan system call dan melalui apa user program program aplikasi bisa berkomunikasi dengan sistem operasi untuk melakukan system call'],"['system call adalah peristiwa pemanggilan layanan sistem operasi oleh user program program aplikasi', 'layanan ini diakses melalui api application programming interface milik sistem operasi']",['system call terjadi ketika aplikasi memanggil api milik sistem operasi'],6,10,"6,00",C,3
330,7,['apa yang disebut dengan system call dan melalui apa user program program aplikasi bisa berkomunikasi dengan sistem operasi untuk melakukan system call'],"['system call adalah peristiwa pemanggilan layanan sistem operasi oleh user program program aplikasi', 'layanan ini diakses melalui api application programming interface milik sistem operasi']",['system call terjadi ketika aplikasi mengakses api yang disediakan oleh sistem operasi'],6,10,"6,00",C,3
331,7,['apa yang disebut dengan system call dan melalui apa user program program aplikasi bisa berkomunikasi dengan sistem operasi untuk melakukan system call'],"['system call adalah peristiwa pemanggilan layanan sistem operasi oleh user program program aplikasi', 'layanan ini diakses melalui api application programming interface milik sistem operasi']",['system call muncul ketika aplikasi menggunakan api yang disediakan oleh sistem operasi'],6,10,"6,00",C,3
332,7,['apa yang disebut dengan system call dan melalui apa user program program aplikasi bisa berkomunikasi dengan sistem operasi untuk melakukan system call'],"['system call adalah peristiwa pemanggilan layanan sistem operasi oleh user program program aplikasi', 'layanan ini diakses melalui api application programming interface milik sistem operasi']",['system call terjadi saat aplikasi melakukan panggilan ke api yang dimiliki oleh sistem operasi'],6,10,"6,00",C,3
333,7,['apa yang disebut dengan system call dan melalui apa user program program aplikasi bisa berkomunikasi dengan sistem operasi untuk melakukan system call'],"['system call adalah peristiwa pemanggilan layanan sistem operasi oleh user program program aplikasi', 'layanan ini diakses melalui api application programming interface milik sistem operasi']","['system call terjadi ketika aplikasi melakukan permintaan ke api yang dimiliki oleh sistem operasi', 'aplikasi berinteraksi dengan sistem operasi melalui system call']",6,10,"6,00",C,3
334,8,"['dalam pembelajaran agama kelas 8 kita mempelajari dan memahami tantang sakramen baptis', 'jelaskanlah tahapan tahapan yang harus dilalui dalam proses baptis dewasa']","['masa prakatekumenat', 'masa pemurnian motivasi calon', 'masa katekumenat', 'masa pengajaran dan pembinaan iman serta latihan hidup dalam jemaat', 'masa persiapan akhir', 'masa khusus untuk mempersiapkan diri menerima sakramen', 'masa mistagogi', 'masa pembinaan lanjutan setelah seseorang menerima sakramen baptis']","['masa prakatekumenat', 'masa pemurnian motivasi calon', 'masa katekumenat', 'masa pengajaran dan pembinaan iman serta latihan hidup dalam jemaat', 'masa persiapan akhir', 'masa khusus untuk mempersiapkan diri menerima sakramen', 'masa mistagogi', 'masa pembinaan lanjutan setelah seseorang menerima sakramen baptis']","33,33","33,33","10,00",A,5
335,8,"['dalam pembelajaran agama kelas 8 kita mempelajari dan memahami tantang sakramen baptis', 'jelaskanlah tahapan tahapan yang harus dilalui dalam proses baptis dewasa']","['masa prakatekumenat', 'masa pemurnian motivasi calon', 'masa katekumenat', 'masa pengajaran dan pembinaan iman serta latihan hidup dalam jemaat', 'masa persiapan akhir', 'masa khusus untuk mempersiapkan diri menerima sakramen', 'masa mistagogi', 'masa pembinaan lanjutan setelah seseorang menerima sakramen baptis']","['masa prakatekumenat masa pemurnian motivasi calon', 'masa katekumenat masa pembinaan', 'masa mistatogi masa persiapan seseorang untuk memperoleh sakramen inisiasi', 'masa pembinaan lanjutan masa pembinaan lanjutan setelah menerima sakramen']","26,67","33,33","8,00",B,4
336,8,"['dalam pembelajaran agama kelas 8 kita mempelajari dan memahami tantang sakramen baptis', 'jelaskanlah tahapan tahapan yang harus dilalui dalam proses baptis dewasa']","['masa prakatekumenat', 'masa pemurnian motivasi calon', 'masa katekumenat', 'masa pengajaran dan pembinaan iman serta latihan hidup dalam jemaat', 'masa persiapan akhir', 'masa khusus untuk mempersiapkan diri menerima sakramen', 'masa mistagogi', 'masa pembinaan lanjutan setelah seseorang menerima sakramen baptis']","['dalam proses pembaptisan dewasa ada tahapan tahapan yang harus dilalui yakni adalah', 'a masa prakatekumenat adalah masa pemurnian motivasi calon yang diakhiri dengan upacara tahap pertama adalah pelantikan menjadi katekumen', 'b masa katekumenat adalah masa pengajaran dan pembinaan iman serta latihan hidup dalam jemaat yang diakhiri dengan upacara tahap kedua adalah upacara pengukuhan katekumenat terpilih', 'c masa persiapan terakhir adalah yakni masa khusus untuk mempersiapkan diri menerima sakramen–sakramen inisiasi dan diakhiri dengan tahap ketiga upacara peneriman sakramen baptis', 'd masa mistagogi adalah masa pembinaan lanjutan setelah seseorang menerima sakramen baptis']","33,33","33,33","10,00",A,5
337,8,"['dalam pembelajaran agama kelas 8 kita mempelajari dan memahami tantang sakramen baptis', 'jelaskanlah tahapan tahapan yang harus dilalui dalam proses baptis dewasa']","['masa prakatekumenat', 'masa pemurnian motivasi calon', 'masa katekumenat', 'masa pengajaran dan pembinaan iman serta latihan hidup dalam jemaat', 'masa persiapan akhir', 'masa khusus untuk mempersiapkan diri menerima sakramen', 'masa mistagogi', 'masa pembinaan lanjutan setelah seseorang menerima sakramen baptis']","['masa pra katekumenat adalah masa pemurnian motivasi calon baptis', 'masa katekumenat adalah masa pembinaan dan pengajaran iman serta latihan hidup dalam jemaat', 'masa perispan terakhir merupakan masa khusus untuk mempersiapkan diri menerima sakramen inisiasi dan tahapan ini diakhiri dengan upacara pembaptisan', 'masa mistagogi adalah masa pembinaan lanjutan setelah seseorang menerima sakramen baptis']","33,33","33,33","10,00",A,5
338,8,"['dalam pembelajaran agama kelas 8 kita mempelajari dan memahami tantang sakramen baptis', 'jelaskanlah tahapan tahapan yang harus dilalui dalam proses baptis dewasa']","['masa prakatekumenat', 'masa pemurnian motivasi calon', 'masa katekumenat', 'masa pengajaran dan pembinaan iman serta latihan hidup dalam jemaat', 'masa persiapan akhir', 'masa khusus untuk mempersiapkan diri menerima sakramen', 'masa mistagogi', 'masa pembinaan lanjutan setelah seseorang menerima sakramen baptis']","['masa prakatekumenat adalah masa pemurnian motivasi calon', 'masa katekumenat adalah masa pengajaran dan pembinaan iman serta latihan hidup dalam jemaat', 'persiapan terakhir adalah masa khusus untuk mempersiapkan diri menerima sakramen sakramen inisiasi dan diakhiri dengan upacara tahap ke tiga yaitu upacara penerimaan sakramen baptis', 'masa mistagogi adalah masa pembinaan lanjutan setelah seorang menerima sakramen baptis']","33,33","33,33","10,00",A,5
339,8,"['dalam pembelajaran agama kelas 8 kita mempelajari dan memahami tantang sakramen baptis', 'jelaskanlah tahapan tahapan yang harus dilalui dalam proses baptis dewasa']","['masa prakatekumenat', 'masa pemurnian motivasi calon', 'masa katekumenat', 'masa pengajaran dan pembinaan iman serta latihan hidup dalam jemaat', 'masa persiapan akhir', 'masa khusus untuk mempersiapkan diri menerima sakramen', 'masa mistagogi', 'masa pembinaan lanjutan setelah seseorang menerima sakramen baptis']","['dalam baptis dewasa terdapat beberapa tahapan', 'masa pratekumenat diakhiri dengan upacara tahap pertama yaitu pelantikan katekumen', 'masa katekumenat diakhiri dengan upacara tahap kedua yaitu upacara pengukuhan katekumenat terpilih', 'masa persiapan terakhir diakhiri dengan upacara tahap ketiga yaitu penerimaan sakramen baptis', 'masa mistagogi yaitu masa pembinaan lanjutan setelah seseorang menerima sakramen baptis']","33,33","33,33","10,00",A,5
340,8,"['dalam pembelajaran agama kelas 8 kita mempelajari dan memahami tantang sakramen baptis', 'jelaskanlah tahapan tahapan yang harus dilalui dalam proses baptis dewasa']","['masa prakatekumenat', 'masa pemurnian motivasi calon', 'masa katekumenat', 'masa pengajaran dan pembinaan iman serta latihan hidup dalam jemaat', 'masa persiapan akhir', 'masa khusus untuk mempersiapkan diri menerima sakramen', 'masa mistagogi', 'masa pembinaan lanjutan setelah seseorang menerima sakramen baptis']","['masa prakatekumenat diakhiri dengan upacara tahap pertama yaitu pelantikan menjadi katekumen', 'masa katekumen diakhiri dengan upacara kedua yaitu pengukuhan katekumen terpilih', 'masa persiapan terakhir diakhiri dengan upacara ketiga yaitu upacara penerimaan sakramen baptis', 'masa mistagogi yaitu masa pembinaan lanjutan setelah seseorang menerima sakramen baptis']","33,33","33,33","10,00",A,5
341,8,"['dalam pembelajaran agama kelas 8 kita mempelajari dan memahami tantang sakramen baptis', 'jelaskanlah tahapan tahapan yang harus dilalui dalam proses baptis dewasa']","['masa prakatekumenat', 'masa pemurnian motivasi calon', 'masa katekumenat', 'masa pengajaran dan pembinaan iman serta latihan hidup dalam jemaat', 'masa persiapan akhir', 'masa khusus untuk mempersiapkan diri menerima sakramen', 'masa mistagogi', 'masa pembinaan lanjutan setelah seseorang menerima sakramen baptis']","['masa prakatekumenat', 'diakhiri dengan upacara tahap pertama', 'pelantikan katekumen', 'masa katekumenat', 'diakhiri dengan upacara tahap kedua', 'pengukuhan terhadap katekumenat terpilih', 'masa persiapan akhir', 'diakhiri dengan upacara tahap ketiga', 'penerimaan sakramen baptis', 'masa mistatogi', 'masa pembinaan lanjut bagi yang sudah menerimanya']","33,33","33,33","10,00",A,5
342,8,"['dalam pembelajaran agama kelas 8 kita mempelajari dan memahami tantang sakramen baptis', 'jelaskanlah tahapan tahapan yang harus dilalui dalam proses baptis dewasa']","['masa prakatekumenat', 'masa pemurnian motivasi calon', 'masa katekumenat', 'masa pengajaran dan pembinaan iman serta latihan hidup dalam jemaat', 'masa persiapan akhir', 'masa khusus untuk mempersiapkan diri menerima sakramen', 'masa mistagogi', 'masa pembinaan lanjutan setelah seseorang menerima sakramen baptis']","['masa pratakumenat adalah masa permuniaan motivasi calon', 'masa katakumenat adalah masa pengajaran dan juga pembinaan iman serta latihan hidup dalam jemaat', 'masa persiapan terakhir yaitu masa khusus untuk mempersiapkan diri menerima sakramen inisiasi dan diakhiri dengan penerimaan babtis', 'masa mistagogi adalah masa pembinaan lanjutan setelah seseorang menerima sakramen baptis']","33,33","33,33","10,00",A,5
343,8,"['dalam pembelajaran agama kelas 8 kita mempelajari dan memahami tantang sakramen baptis', 'jelaskanlah tahapan tahapan yang harus dilalui dalam proses baptis dewasa']","['masa prakatekumenat', 'masa pemurnian motivasi calon', 'masa katekumenat', 'masa pengajaran dan pembinaan iman serta latihan hidup dalam jemaat', 'masa persiapan akhir', 'masa khusus untuk mempersiapkan diri menerima sakramen', 'masa mistagogi', 'masa pembinaan lanjutan setelah seseorang menerima sakramen baptis']","['tahapan tahapan yang harus dilalui dalam proses baptis dewasa di antaranya adalah', 'masa prakatekumenat adalah masa pemurnian motivasi calon', 'masa katekumenat adalah persiapan terakhir yakni masa khusus untuk mempersiapkan diri menerima sakramen sakramen inisiasi', 'masa pembinaan lanjutan setelah sesorang menerima sakramen baptis', 'masa pengajaran dan pembinaan iman serta latihan hidup dalam jemaat']","26,67","33,33","8,00",B,4
344,8,"['dalam pembelajaran agama kelas 8 kita mempelajari dan memahami tantang sakramen baptis', 'jelaskanlah tahapan tahapan yang harus dilalui dalam proses baptis dewasa']","['masa prakatekumenat', 'masa pemurnian motivasi calon', 'masa katekumenat', 'masa pengajaran dan pembinaan iman serta latihan hidup dalam jemaat', 'masa persiapan akhir', 'masa khusus untuk mempersiapkan diri menerima sakramen', 'masa mistagogi', 'masa pembinaan lanjutan setelah seseorang menerima sakramen baptis']","['masa prakatekumenat', 'masa pemurnian motivasi calon', 'masa katekumenat', 'masa pengajaran dan pembinaan iman dan latihan hidup dalam jemaat', 'masa persiapan terakhir', 'masa khusus untuk mempersiapan diri menerima sakramen inisiasi dan diakhiri dengan penerimaan baptis', 'masa mistagogi', 'masa pembinaan lanjutan setelah seorang menerima sakramen baptis']","33,33","33,33","10,00",A,5
345,8,"['dalam pembelajaran agama kelas 8 kita mempelajari dan memahami tantang sakramen baptis', 'jelaskanlah tahapan tahapan yang harus dilalui dalam proses baptis dewasa']","['masa prakatekumenat', 'masa pemurnian motivasi calon', 'masa katekumenat', 'masa pengajaran dan pembinaan iman serta latihan hidup dalam jemaat', 'masa persiapan akhir', 'masa khusus untuk mempersiapkan diri menerima sakramen', 'masa mistagogi', 'masa pembinaan lanjutan setelah seseorang menerima sakramen baptis']","['masa prekatekumenat yaitu masa pengajaran pertama yaitu mendapatkan pengajaran dan pembinaan iman', 'masa katekumenat yaitu masa pembinaan kedua yaitu lanjutan setelah menlakukan sakramen baptis', 'masa mistagogi yaitu masa tahap ketiga terakhir yaitu masa khusus menerima sakramen sakramen inisiasi dan diakahiri dengan sakramen baptis']","26,67","33,33","8,00",B,4
346,8,"['dalam pembelajaran agama kelas 8 kita mempelajari dan memahami tantang sakramen baptis', 'jelaskanlah tahapan tahapan yang harus dilalui dalam proses baptis dewasa']","['masa prakatekumenat', 'masa pemurnian motivasi calon', 'masa katekumenat', 'masa pengajaran dan pembinaan iman serta latihan hidup dalam jemaat', 'masa persiapan akhir', 'masa khusus untuk mempersiapkan diri menerima sakramen', 'masa mistagogi', 'masa pembinaan lanjutan setelah seseorang menerima sakramen baptis']","['prakatekumenat', 'masa prakatekumenat adalah masa pemurniaan motivasi calon', 'katekumenat', 'masa katekumenat adalah masa pembinaan lanjutan seseorang menerima sakramen babtis', 'masa persiapan terakhir', 'masa khusus untuk mempersiapkan diri menerima sakramen inisiasi dan diakhiri dengan tahap ketiga penerimaan sakramen babtis', 'masa mistagogi', 'masa pengajaran iman dan pembinaan imam serta latihan hidup dalam jemaat']","33,33","33,33","10,00",A,5
347,8,"['dalam pembelajaran agama kelas 8 kita mempelajari dan memahami tantang sakramen baptis', 'jelaskanlah tahapan tahapan yang harus dilalui dalam proses baptis dewasa']","['masa prakatekumenat', 'masa pemurnian motivasi calon', 'masa katekumenat', 'masa pengajaran dan pembinaan iman serta latihan hidup dalam jemaat', 'masa persiapan akhir', 'masa khusus untuk mempersiapkan diri menerima sakramen', 'masa mistagogi', 'masa pembinaan lanjutan setelah seseorang menerima sakramen baptis']","['masa prakatekumenat adalah masa permunian motivasi calon', 'masa katemumenat adalah masa pengajaran dan pembinaan iman serta latihan hidup', 'masa persiapan terakhir adalah masa khusus untuk mempersiapkan diri menerima sakramen inisiasi', 'masa mistagogi adalah masa pembinaan lanjutan setelah seseorang menerima sakramen baptis']","33,33","33,33","10,00",A,5
348,8,"['dalam pembelajaran agama kelas 8 kita mempelajari dan memahami tantang sakramen baptis', 'jelaskanlah tahapan tahapan yang harus dilalui dalam proses baptis dewasa']","['masa prakatekumenat', 'masa pemurnian motivasi calon', 'masa katekumenat', 'masa pengajaran dan pembinaan iman serta latihan hidup dalam jemaat', 'masa persiapan akhir', 'masa khusus untuk mempersiapkan diri menerima sakramen', 'masa mistagogi', 'masa pembinaan lanjutan setelah seseorang menerima sakramen baptis']","['masa pra katekumenat 1 bulan', 'masa katekumenat 3 bulan', 'masa katekis 2 bulan', 'penerimaan sakramen babtis 1 bulan', 'masa pembinaan lanjutan setelah menerima sakramen baptis 5 bulan']","16,67","33,33","5,00",D,2
349,8,"['dalam pembelajaran agama kelas 8 kita mempelajari dan memahami tantang sakramen baptis', 'jelaskanlah tahapan tahapan yang harus dilalui dalam proses baptis dewasa']","['masa prakatekumenat', 'masa pemurnian motivasi calon', 'masa katekumenat', 'masa pengajaran dan pembinaan iman serta latihan hidup dalam jemaat', 'masa persiapan akhir', 'masa khusus untuk mempersiapkan diri menerima sakramen', 'masa mistagogi', 'masa pembinaan lanjutan setelah seseorang menerima sakramen baptis']",['edukasi didoakan dicelupin'],"10,00","33,33","3,00",E,1
350,8,"['dalam pembelajaran agama kelas 8 kita mempelajari dan memahami tantang sakramen baptis', 'jelaskanlah tahapan tahapan yang harus dilalui dalam proses baptis dewasa']","['masa prakatekumenat', 'masa pemurnian motivasi calon', 'masa katekumenat', 'masa pengajaran dan pembinaan iman serta latihan hidup dalam jemaat', 'masa persiapan akhir', 'masa khusus untuk mempersiapkan diri menerima sakramen', 'masa mistagogi', 'masa pembinaan lanjutan setelah seseorang menerima sakramen baptis']",['tahapan proses yang harus dilalui sebelum babtis dewasa adalah mengikuti masa katelumenat yakni masa katekumenat masa terakhir yakni masa khusus mempersiapkan diri untuk menerima sakramen sakramen inisiasi dan tahap ketiga upacara sakramen upacara pembaptisan'],"16,67","33,33","5,00",D,2
351,8,"['dalam pembelajaran agama kelas 8 kita mempelajari dan memahami tantang sakramen baptis', 'jelaskanlah tahapan tahapan yang harus dilalui dalam proses baptis dewasa']","['masa prakatekumenat', 'masa pemurnian motivasi calon', 'masa katekumenat', 'masa pengajaran dan pembinaan iman serta latihan hidup dalam jemaat', 'masa persiapan akhir', 'masa khusus untuk mempersiapkan diri menerima sakramen', 'masa mistagogi', 'masa pembinaan lanjutan setelah seseorang menerima sakramen baptis']","['masa prakatekumenat', 'masa ini adalah masa upacara tahap awal yaitu pelantikan menjadi katekumen atau calon baptis', 'masa katekumenat', 'masa ini adalah masa pembinaan dan pelajaran untuk calon baptis', 'masa persiapan terakhir', 'masa ini adalah diterimanya upacara terakhir yaitu penerimaan sakramen baptis', 'masa mistagogi', 'masa ini adalah masa pembinaan lanjutan setelah menerima sakramen baptis']","33,33","33,33","10,00",A,5
352,8,"['dalam pembelajaran agama kelas 8 kita mempelajari dan memahami tantang sakramen baptis', 'jelaskanlah tahapan tahapan yang harus dilalui dalam proses baptis dewasa']","['masa prakatekumenat', 'masa pemurnian motivasi calon', 'masa katekumenat', 'masa pengajaran dan pembinaan iman serta latihan hidup dalam jemaat', 'masa persiapan akhir', 'masa khusus untuk mempersiapkan diri menerima sakramen', 'masa mistagogi', 'masa pembinaan lanjutan setelah seseorang menerima sakramen baptis']","['masa prakatekumenat adalah masa pemurnian motivasi calon yang diakhiri dengan thap katekumen', 'masa katekumenat adalah masa pengajaran iman serta latihan hidup jemaat yang di selesaikan upacara pengukuhan ketekumenat yang terpilih', 'masa persiapan terakhir adalah masa yang khusus mempersiapkan diri menerima sakramen babtis', 'masa mistagogi adalah masa pengajaran atau pembinaan lanjuta setelah menerima sakramen babtis']","33,33","33,33","10,00",A,5
353,8,"['dalam pembelajaran agama kelas 8 kita mempelajari dan memahami tantang sakramen baptis', 'jelaskanlah tahapan tahapan yang harus dilalui dalam proses baptis dewasa']","['masa prakatekumenat', 'masa pemurnian motivasi calon', 'masa katekumenat', 'masa pengajaran dan pembinaan iman serta latihan hidup dalam jemaat', 'masa persiapan akhir', 'masa khusus untuk mempersiapkan diri menerima sakramen', 'masa mistagogi', 'masa pembinaan lanjutan setelah seseorang menerima sakramen baptis']","['masa prakatekumenat adalah masa pemurnian calon', 'masa katekumenat adalah masa pengajaran iman serta latihan hidup dalam jemaat', 'masa persiapan terakhir adalah masa khusus untuk mempersiapkan diri menerima sakramen baptis', 'upacara terakhir adalah upacara penerimaan sakramen baptis']","26,67","33,33","8,00",B,4
354,8,"['dalam pembelajaran agama kelas 8 kita mempelajari dan memahami tantang sakramen baptis', 'jelaskanlah tahapan tahapan yang harus dilalui dalam proses baptis dewasa']","['masa prakatekumenat', 'masa pemurnian motivasi calon', 'masa katekumenat', 'masa pengajaran dan pembinaan iman serta latihan hidup dalam jemaat', 'masa persiapan akhir', 'masa khusus untuk mempersiapkan diri menerima sakramen', 'masa mistagogi', 'masa pembinaan lanjutan setelah seseorang menerima sakramen baptis']","['masa prakatekumenat adalah masa pemurnian motivasi calon', 'masa katekumenat adalah masa pengajaran dan pembinaan iman serta latihan hidup dalam jemaat', 'masa persiapan terakhir yakni masa khusus untuk mempersiapkan diri menerima sakramen–sakramen inisiasi', 'masa mistagogi adalah masa pembinaan lanjutan setelah seseorang menerima sakramen baptis']","33,33","33,33","10,00",A,5
355,8,"['dalam pembelajaran agama kelas 8 kita mempelajari dan memahami tantang sakramen baptis', 'jelaskanlah tahapan tahapan yang harus dilalui dalam proses baptis dewasa']","['masa prakatekumenat', 'masa pemurnian motivasi calon', 'masa katekumenat', 'masa pengajaran dan pembinaan iman serta latihan hidup dalam jemaat', 'masa persiapan akhir', 'masa khusus untuk mempersiapkan diri menerima sakramen', 'masa mistagogi', 'masa pembinaan lanjutan setelah seseorang menerima sakramen baptis']","['masa prakatekumenat adalah', 'masa dimana calon baptis dimurnikan', 'masa katekumenat adalah', 'masa pengajaran dan pembinaan iman serta latihan hidup dalam jemaat', 'masa persiapan terakhir adalah', 'masa khusus untuk mempersiapkan diri menerima sakramen sakramen inisiasi dan di akhiri dengan upacara ketiga yaitu penerimaan sakramen baptis', 'masa mistagogi adalah', 'masa pembinaan lanjutan seseorang setelah penerimaan sakrmen baptis']","30,00","33,33","9,00",A,5
356,8,"['dalam pembelajaran agama kelas 8 kita mempelajari dan memahami tantang sakramen baptis', 'jelaskanlah tahapan tahapan yang harus dilalui dalam proses baptis dewasa']","['masa prakatekumenat', 'masa pemurnian motivasi calon', 'masa katekumenat', 'masa pengajaran dan pembinaan iman serta latihan hidup dalam jemaat', 'masa persiapan akhir', 'masa khusus untuk mempersiapkan diri menerima sakramen', 'masa mistagogi', 'masa pembinaan lanjutan setelah seseorang menerima sakramen baptis']","['masa pratakumenat', 'masa pemurnian motivasi calon', 'masa katekumenat', 'masa pengajaran dan pembinaan iman serta latihan hidup dalam jemaat', 'masa akhir', 'masa pembinaan lanjutan setelah seseorang menerima sakramen', 'masa lingutinal', 'peresiapan terakhir yakni masa khusus untuk mempersiapkan diri untuk menerima sakramen sakramen inisasi dan diakhiri dengan tahap ketiga upacara menerimaan sakramen baptis']","23,33","33,33","7,00",C,3
357,8,"['dalam pembelajaran agama kelas 8 kita mempelajari dan memahami tantang sakramen baptis', 'jelaskanlah tahapan tahapan yang harus dilalui dalam proses baptis dewasa']","['masa prakatekumenat', 'masa pemurnian motivasi calon', 'masa katekumenat', 'masa pengajaran dan pembinaan iman serta latihan hidup dalam jemaat', 'masa persiapan akhir', 'masa khusus untuk mempersiapkan diri menerima sakramen', 'masa mistagogi', 'masa pembinaan lanjutan setelah seseorang menerima sakramen baptis']","['tahap tahapan baptis dewasa adalah', 'masa praktekumenat adalah masa pemurnian motivasi calon yang diakhiri dengan upacara tahap pertama', 'masa katekumenat adalah masa pengajaran dan pembinaan iman serta latihan hidup dalam jemaat yang diakhiri dengan upacara tahap kedua', 'persiapan terakhir adalah masa khusus untuk mempersiapkan diri menerima sakramen sakramen inisiasi dan diakhiri dengan tahap ketiga upacara penerimaan sakramen baptis', 'masa mistagogi adalah masa pembinaan lanjutan setelah seseorang menerima sakramen baptis']","33,33","33,33","10,00",A,5
358,8,"['dalam pembelajaran agama kelas 8 kita mempelajari dan memahami tantang sakramen baptis', 'jelaskanlah tahapan tahapan yang harus dilalui dalam proses baptis dewasa']","['masa prakatekumenat', 'masa pemurnian motivasi calon', 'masa katekumenat', 'masa pengajaran dan pembinaan iman serta latihan hidup dalam jemaat', 'masa persiapan akhir', 'masa khusus untuk mempersiapkan diri menerima sakramen', 'masa mistagogi', 'masa pembinaan lanjutan setelah seseorang menerima sakramen baptis']","['masa pratekumenat adalah masa pemurnian motivasi calon dan diakhiri dengan upacara pelantikan', 'masa katekumenat adalah masa pengajaran dan pembinaan iman serta latihan hidup dalam jemaat', 'masa persiapan terakhir yakni masa khusus persiapan diri sendiri sebelum menerima sakramen sakramen inisiasi dan diakhiri dengan upacara pembaptisan', 'menerima sakramen baptis', 'masa mistagogi adalah masa pembinaan lanjutan setelah menerima sakramen baptis']","33,33","33,33","10,00",A,5
359,8,"['dalam pembelajaran agama kelas 8 kita mempelajari dan memahami tantang sakramen baptis', 'jelaskanlah tahapan tahapan yang harus dilalui dalam proses baptis dewasa']","['masa prakatekumenat', 'masa pemurnian motivasi calon', 'masa katekumenat', 'masa pengajaran dan pembinaan iman serta latihan hidup dalam jemaat', 'masa persiapan akhir', 'masa khusus untuk mempersiapkan diri menerima sakramen', 'masa mistagogi', 'masa pembinaan lanjutan setelah seseorang menerima sakramen baptis']","['kita harus masuk ke dalam tempat yang ada air seperti kolam renang atau sungai', 'kemudian kita meletakan kedua tangan kita bersilangan arah atau sampai membentung huruf x', 'kemudian kita akan di bacakan ayat ayat kudus', 'kemudian kita akan di masukan di celupkan ke dalam air', 'kemudian setelah itu kita akan di angkat oleh pastur untuk bangkit', 'setelah itu kita akan keluar dari air di sungai atau kolam renang itu', 'setelah itu kita suda dianggap telah melaksanakan babtis dewasa', 'dan dengan demikian babtis dewasa sudah selesai untuk di lakukan']","10,00","33,33","3,00",E,1
360,8,"['dalam pembelajaran agama kelas 8 kita mempelajari dan memahami tantang sakramen baptis', 'jelaskanlah tahapan tahapan yang harus dilalui dalam proses baptis dewasa']","['masa prakatekumenat', 'masa pemurnian motivasi calon', 'masa katekumenat', 'masa pengajaran dan pembinaan iman serta latihan hidup dalam jemaat', 'masa persiapan akhir', 'masa khusus untuk mempersiapkan diri menerima sakramen', 'masa mistagogi', 'masa pembinaan lanjutan setelah seseorang menerima sakramen baptis']","['masa prakatekumenat adalah masa pemurnian motivasi calon diakhiri dengan pelantikan menjadi katekumen', 'masa katekumenat adalah masa pengajaran dan pembinaan iman dalam jemaat diakhiri dengan pengukuhan katekumenat terpilih', 'masa persiapan terakhir adalah masa khusus persiapan menerima sakramen inisiasi diakhiri dengan penerimaan sakramen baptis', 'masa mistagogi adalah masa pembinaan lanjutan setelah menerima sakramen baptis']","33,33","33,33","10,00",A,5
361,8,"['dalam pembelajaran agama kelas 8 kita mempelajari dan memahami tantang sakramen baptis', 'jelaskanlah tahapan tahapan yang harus dilalui dalam proses baptis dewasa']","['masa prakatekumenat', 'masa pemurnian motivasi calon', 'masa katekumenat', 'masa pengajaran dan pembinaan iman serta latihan hidup dalam jemaat', 'masa persiapan akhir', 'masa khusus untuk mempersiapkan diri menerima sakramen', 'masa mistagogi', 'masa pembinaan lanjutan setelah seseorang menerima sakramen baptis']","['tahapan tahapan yang harus dilalui dalam proses baptis dewasa adalah', 'masa pratekumenat', 'di tahap ini diakhiri dengan upacara tahap pertama pelantikan katekumen', 'masa katekumenat', 'di tahap yang kedua ini diakhiri dengan upacara tahap kedua pengukuhan terhadap katekumenat terpilih', 'masa persiapan akhir', 'tahapan ini diakhiri dengan upacara tahap ketiga penerimaan sakramen baptis', 'masa mistatogi', 'tahap terakhir adalah masa pembinaan lanjut bagi yang sudah menerimannya']","33,33","33,33","10,00",A,5
362,8,"['dalam pembelajaran agama kelas 8 kita mempelajari dan memahami tantang sakramen baptis', 'jelaskanlah tahapan tahapan yang harus dilalui dalam proses baptis dewasa']","['masa prakatekumenat', 'masa pemurnian motivasi calon', 'masa katekumenat', 'masa pengajaran dan pembinaan iman serta latihan hidup dalam jemaat', 'masa persiapan akhir', 'masa khusus untuk mempersiapkan diri menerima sakramen', 'masa mistagogi', 'masa pembinaan lanjutan setelah seseorang menerima sakramen baptis']","['masa prakatekumenat adalah masa pemurnian motivasi calon', 'masa katekumenat adalah masa pengajaran dan pembinaan iman lewat latihan hidup dalam jemaat', 'masa upacara terakhir adalah masa khusus untuk mempersiapkan diri untuk menerima sakramen inisiasi', 'masa mistagogi adalah masa lanjutan setelah menerima sakramen baptis']","33,33","33,33","10,00",A,5
363,8,"['dalam pembelajaran agama kelas 8 kita mempelajari dan memahami tantang sakramen baptis', 'jelaskanlah tahapan tahapan yang harus dilalui dalam proses baptis dewasa']","['masa prakatekumenat', 'masa pemurnian motivasi calon', 'masa katekumenat', 'masa pengajaran dan pembinaan iman serta latihan hidup dalam jemaat', 'masa persiapan akhir', 'masa khusus untuk mempersiapkan diri menerima sakramen', 'masa mistagogi', 'masa pembinaan lanjutan setelah seseorang menerima sakramen baptis']","['prakatekumenat adalah masa pemurnian motivasi calon diakhiri dengan upacara tahap pertama adalah menjadi katukumen', 'katekumenat adalah masa pembinaan atau pengajaran iman diakhiri dengan upacara tahap kedua adalah pengukuhan katekumen terpilih', 'masa persiapan terakhir adalah masa mempersiapkan diri untuk menerima sakramen sakramen iniasi diakhiri dengan upacara tahap ketiga adalah penerimaan sakramen baptis', 'masa mistagogi adalah masa pembinaan lanjutan setelah menerima sakramen baptis']","33,33","33,33","10,00",A,5
364,8,"['dalam pembelajaran agama kelas 8 kita mempelajari dan memahami tantang sakramen baptis', 'jelaskanlah tahapan tahapan yang harus dilalui dalam proses baptis dewasa']","['masa prakatekumenat', 'masa pemurnian motivasi calon', 'masa katekumenat', 'masa pengajaran dan pembinaan iman serta latihan hidup dalam jemaat', 'masa persiapan akhir', 'masa khusus untuk mempersiapkan diri menerima sakramen', 'masa mistagogi', 'masa pembinaan lanjutan setelah seseorang menerima sakramen baptis']","['mengakui dengan jujur bahwa telah melakukan kesalahan atau dosa', 'berjanji untuk tidak mengulangi kesalahan atau dosa yang pernah dilakukan', 'melakukan pertobatan']","10,00","33,33","3,00",E,1
365,8,"['dalam pembelajaran agama kelas 8 kita mempelajari dan memahami tantang sakramen baptis', 'jelaskanlah tahapan tahapan yang harus dilalui dalam proses baptis dewasa']","['masa prakatekumenat', 'masa pemurnian motivasi calon', 'masa katekumenat', 'masa pengajaran dan pembinaan iman serta latihan hidup dalam jemaat', 'masa persiapan akhir', 'masa khusus untuk mempersiapkan diri menerima sakramen', 'masa mistagogi', 'masa pembinaan lanjutan setelah seseorang menerima sakramen baptis']","['tahapan tahapan yang harus dilalui dalam proses babtis dewasa adalah adalah', 'masa prakutemenat adalah masa untuk memotivasi calon babtis', 'masa katekumenat adalah masa untuk memberikan pembinaan dan pengajaran iman serta latihan hidup dalam jemaat', 'masa persiapan terakhir adalah masa yang secara khusus yang mempersiapkan diri menerima sakramen sakramen inisiasi', 'masa mistagogi adalah masa pembinaan lanjutan setelah menerima sakramen babtis']","33,33","33,33","10,00",A,5
366,8,"['dalam pembelajaran agama kelas 8 kita mempelajari dan memahami tantang sakramen baptis', 'jelaskanlah tahapan tahapan yang harus dilalui dalam proses baptis dewasa']","['masa prakatekumenat', 'masa pemurnian motivasi calon', 'masa katekumenat', 'masa pengajaran dan pembinaan iman serta latihan hidup dalam jemaat', 'masa persiapan akhir', 'masa khusus untuk mempersiapkan diri menerima sakramen', 'masa mistagogi', 'masa pembinaan lanjutan setelah seseorang menerima sakramen baptis']","['mengakui segala dosa atau kesalahan', 'diberkati dan berdoa', 'bebas dari dosa', 'tidak mengulangi dosa']","10,00","33,33","3,00",E,1
367,8,"['dalam pembelajaran agama kelas 8 kita mempelajari dan memahami tantang sakramen baptis', 'jelaskanlah tahapan tahapan yang harus dilalui dalam proses baptis dewasa']","['masa prakatekumenat', 'masa pemurnian motivasi calon', 'masa katekumenat', 'masa pengajaran dan pembinaan iman serta latihan hidup dalam jemaat', 'masa persiapan akhir', 'masa khusus untuk mempersiapkan diri menerima sakramen', 'masa mistagogi', 'masa pembinaan lanjutan setelah seseorang menerima sakramen baptis']","['tahapan yang harus di lakukan dalam proses baptis dewasa adalah', 'masa prakatekumenat adalah masa pemurnian motivasi calon baptis', 'masa katekumenat adalah masa pembinaan calon baptis', 'masa persiapan terakhir adalah masa terakhir sebelum menerima sakramen baptis', 'masa mistagogi adalah masa pembinaan lanjutan setelah menerima sakramen baptis']","33,33","33,33","10,00",A,5
368,8,"['dalam pembelajaran agama kelas 8 kita mempelajari dan memahami tantang sakramen baptis', 'jelaskanlah tahapan tahapan yang harus dilalui dalam proses baptis dewasa']","['masa prakatekumenat', 'masa pemurnian motivasi calon', 'masa katekumenat', 'masa pengajaran dan pembinaan iman serta latihan hidup dalam jemaat', 'masa persiapan akhir', 'masa khusus untuk mempersiapkan diri menerima sakramen', 'masa mistagogi', 'masa pembinaan lanjutan setelah seseorang menerima sakramen baptis']","['masa pra katekumenat adalah masa pemurnian motivasi calon', 'masa katekumenat adalah masa pengajaran dan peminaan iman serta latihan hidup dalam jemaat', 'masa akhir adalah masa khusus persiapan akhir untuk mempersiapkan diri menerima sakramen sakramen inisiasi dan diakhiri dengan tahap ke tiga upacara penerimaan sakramen baptis', 'mistagogi adalah masa pembinaan lanjutan setelah seseorang menerima sakramen baptis']","30,00","33,33","9,00",A,5
369,8,"['dalam pembelajaran agama kelas 8 kita mempelajari dan memahami tantang sakramen baptis', 'jelaskanlah tahapan tahapan yang harus dilalui dalam proses baptis dewasa']","['masa prakatekumenat', 'masa pemurnian motivasi calon', 'masa katekumenat', 'masa pengajaran dan pembinaan iman serta latihan hidup dalam jemaat', 'masa persiapan akhir', 'masa khusus untuk mempersiapkan diri menerima sakramen', 'masa mistagogi', 'masa pembinaan lanjutan setelah seseorang menerima sakramen baptis']","['masa prakatakumenat adalah masa pemurnian motivasi calon', 'masa katakumenat adalah masa pengajaran dan pembinaan iman serta latihan hidup dalam jemaat', 'masa persiapan terakhir adalah masa untuk mempersiapkan penerimaan sakramen sakramen inisiasi dan diakhiri dengan upaccara tahap ketiga yaitu upacara penerimaan sakramen baptis', 'masa mistagogi adalah masa pembinaan lanjutan setelah seseorang menerima sakramen baptis']","33,33","33,33","10,00",A,5
370,8,"['dalam pembelajaran agama kelas 8 kita mempelajari dan memahami tantang sakramen baptis', 'jelaskanlah tahapan tahapan yang harus dilalui dalam proses baptis dewasa']","['masa prakatekumenat', 'masa pemurnian motivasi calon', 'masa katekumenat', 'masa pengajaran dan pembinaan iman serta latihan hidup dalam jemaat', 'masa persiapan akhir', 'masa khusus untuk mempersiapkan diri menerima sakramen', 'masa mistagogi', 'masa pembinaan lanjutan setelah seseorang menerima sakramen baptis']","['masa prakatekumenat adalah', 'masa pemurnian motivasi calon', 'masa katekumenat adalah', 'masa pengajaran dan pembinaan iman serta latihan hidup dalam jemaat', 'masa persiapan terakhir adalah', 'masa khusus mempersiapkan diri menerima sakramen sakramen inisiasi', 'masa mistagogi adalah', 'masa pembinaan lanjutan setelah menerima sakramen baptis']","30,00","33,33","9,00",A,5
371,8,"['dalam pembelajaran agama kelas 8 kita mempelajari dan memahami tantang sakramen baptis', 'jelaskanlah tahapan tahapan yang harus dilalui dalam proses baptis dewasa']","['masa prakatekumenat', 'masa pemurnian motivasi calon', 'masa katekumenat', 'masa pengajaran dan pembinaan iman serta latihan hidup dalam jemaat', 'masa persiapan akhir', 'masa khusus untuk mempersiapkan diri menerima sakramen', 'masa mistagogi', 'masa pembinaan lanjutan setelah seseorang menerima sakramen baptis']","['proses baptis dewasa', 'masa praketekumenat lebih besar dari masa permunian motivasi untuk calon baptis', 'masa katekumenat lebih besar dari masa pengajaran untuk calon baptis agar siap untuk menerima sakramen baptis', 'masa persiapan terakhir lebih besar dari masa persiapan terakhir untuk menerima sakrameb baptis', 'masa ini di diakhiri dengan penerimaan baptisan', 'masa mistagogi lebih besar dari masa pembinaan lanjutan setelah menerima sakramen baptis']","33,33","33,33","10,00",A,5
372,8,"['dalam pembelajaran agama kelas 8 kita mempelajari dan memahami tantang sakramen baptis', 'jelaskanlah tahapan tahapan yang harus dilalui dalam proses baptis dewasa']","['masa prakatekumenat', 'masa pemurnian motivasi calon', 'masa katekumenat', 'masa pengajaran dan pembinaan iman serta latihan hidup dalam jemaat', 'masa persiapan akhir', 'masa khusus untuk mempersiapkan diri menerima sakramen', 'masa mistagogi', 'masa pembinaan lanjutan setelah seseorang menerima sakramen baptis']","['masa prakatekumenat masa pemurnian motivasi calon', 'masa katekumen masa pelajaran atau pengajaran untuk calon baptis', 'masa persiapan terakhir untuk menerima sakramen sakramen inisiasi dan ketiga diakhiri dengan upacara pembaptisan', 'masa mistagogi pembinaan lanjutan setelah menerima sakramen baptis']","33,33","33,33","10,00",A,5
373,8,"['dalam pembelajaran agama kelas 8 kita mempelajari dan memahami tantang sakramen baptis', 'jelaskanlah tahapan tahapan yang harus dilalui dalam proses baptis dewasa']","['masa prakatekumenat', 'masa pemurnian motivasi calon', 'masa katekumenat', 'masa pengajaran dan pembinaan iman serta latihan hidup dalam jemaat', 'masa persiapan akhir', 'masa khusus untuk mempersiapkan diri menerima sakramen', 'masa mistagogi', 'masa pembinaan lanjutan setelah seseorang menerima sakramen baptis']","['tahapan tahapan yang harus dilalui dalam proses baptis dewasa adalah', 'masa prakatekumenat adalah yaitu masa pemurnian motivasi calon baptis yang diakhiri upaca tahap pertama yaitu pelantikan menjadi katekumen', 'masa katekumenat adalah yaitu masa pembinaan dan pengajaran iman serta latihan hidup dalam jemaat yang diakhiri upacara tahap kedua yaitu pengukuhan katekumenat', 'masa persiapan terakhir adalah yaitu masa khusus bagi katekumenat untuk mempersiapkan diri menerima sakramen inisiasi yang diakhiri upacara tahap ketiga yaitu penerimaan sakramen baptis', 'masa mistagogi adalah yaitu masa pembinaan lanjutan setelah menerima sakramen baptis']","33,33","33,33","10,00",A,5
374,8,"['dalam pembelajaran agama kelas 8 kita mempelajari dan memahami tantang sakramen baptis', 'jelaskanlah tahapan tahapan yang harus dilalui dalam proses baptis dewasa']","['masa prakatekumenat', 'masa pemurnian motivasi calon', 'masa katekumenat', 'masa pengajaran dan pembinaan iman serta latihan hidup dalam jemaat', 'masa persiapan akhir', 'masa khusus untuk mempersiapkan diri menerima sakramen', 'masa mistagogi', 'masa pembinaan lanjutan setelah seseorang menerima sakramen baptis']","['masa prakatekumenat diakhiri dengan upacara pertama yaitu pelantikan menjadi katekumen', 'masa katekumen diakhiri dengan upacara kedua yaitu pengukuhan katekumen terpilih', 'masa persiapan terakhir diakhiri dengan upacara ketiga yaitu upacara penerimaan sakramen baptis', 'masa mistagogi yaitu masa pembinaan lanjutan setelah seseorang menerima sakramen baptis']","33,33","33,33","10,00",A,5
375,8,"['dalam pembelajaran agama kelas 8 kita mempelajari dan memahami tantang sakramen baptis', 'jelaskanlah tahapan tahapan yang harus dilalui dalam proses baptis dewasa']","['masa prakatekumenat', 'masa pemurnian motivasi calon', 'masa katekumenat', 'masa pengajaran dan pembinaan iman serta latihan hidup dalam jemaat', 'masa persiapan akhir', 'masa khusus untuk mempersiapkan diri menerima sakramen', 'masa mistagogi', 'masa pembinaan lanjutan setelah seseorang menerima sakramen baptis']","['masa katekumenet pemurnian motivasi calon', 'lalu upaca terakhir penyiraman air ke kepala lalu pastur']","16,67","33,33","5,00",D,2
376,8,"['dalam pembelajaran agama kelas 8 kita mempelajari dan memahami tantang sakramen baptis', 'jelaskanlah tahapan tahapan yang harus dilalui dalam proses baptis dewasa']","['masa prakatekumenat', 'masa pemurnian motivasi calon', 'masa katekumenat', 'masa pengajaran dan pembinaan iman serta latihan hidup dalam jemaat', 'masa persiapan akhir', 'masa khusus untuk mempersiapkan diri menerima sakramen', 'masa mistagogi', 'masa pembinaan lanjutan setelah seseorang menerima sakramen baptis']","['masa pratakumenat', 'masa kumenat', 'masa upacara pembaptisan', 'masa misagogi yaitu masa pelantikan setelah upacara pembaptisan']","16,67","33,33","5,00",D,2
377,8,"['dalam pembelajaran agama kelas 8 kita mempelajari dan memahami tantang sakramen baptis', 'jelaskanlah tahapan tahapan yang harus dilalui dalam proses baptis dewasa']","['masa prakatekumenat', 'masa pemurnian motivasi calon', 'masa katekumenat', 'masa pengajaran dan pembinaan iman serta latihan hidup dalam jemaat', 'masa persiapan akhir', 'masa khusus untuk mempersiapkan diri menerima sakramen', 'masa mistagogi', 'masa pembinaan lanjutan setelah seseorang menerima sakramen baptis']","['sebelum mengikuti proes baptis dewasa seorang calon akan melalui masa masa berikut yaitu adalah adalah', 'masa prakatekumenat adalah masa ini adalah masa memotivasi calon dan diakhiri dengan proses tahap 1', 'masa katekumenat adalah ini masa dimana seorang calon akan dibina imannya dan mengikuti latihan hidup didalam jemaat', 'proses ini akan diakhiri dengan proses tahap 2', 'masa persiapan akhir adalah ini merupakan masa dimana calon akan mempersiapkan diri nya sebelum menerima sakramen sakramen inisiasi dan sakramen baptis', 'masa mistagogi adalah adalah masa terakhir yaitu pembinaan iman lanjut kepada seorang calon yang telah dibaptis agar dapat hidup didalam kristus']","33,33","33,33","10,00",A,5
378,8,"['dalam pembelajaran agama kelas 8 kita mempelajari dan memahami tantang sakramen baptis', 'jelaskanlah tahapan tahapan yang harus dilalui dalam proses baptis dewasa']","['masa prakatekumenat', 'masa pemurnian motivasi calon', 'masa katekumenat', 'masa pengajaran dan pembinaan iman serta latihan hidup dalam jemaat', 'masa persiapan akhir', 'masa khusus untuk mempersiapkan diri menerima sakramen', 'masa mistagogi', 'masa pembinaan lanjutan setelah seseorang menerima sakramen baptis']","['masa prakatekumenat diakhiri dengan upacara tahap pertma yaitu pelantikan menjadi katekumen', 'masa katekumenat diakhiri dengan upacara tahap kedua yaitu upacara pengukuhan katekumenat terpilih', 'masa persiapan terakhir diakhiri dengan upacara tahap ketiga yaitu upacara untuk menerima sakramen baptis', 'masa mistagogi yaitu seseorang yang telah menerima sakramen baptis']","33,33","33,33","10,00",A,5
379,8,"['dalam pembelajaran agama kelas 8 kita mempelajari dan memahami tantang sakramen baptis', 'jelaskanlah tahapan tahapan yang harus dilalui dalam proses baptis dewasa']","['masa prakatekumenat', 'masa pemurnian motivasi calon', 'masa katekumenat', 'masa pengajaran dan pembinaan iman serta latihan hidup dalam jemaat', 'masa persiapan akhir', 'masa khusus untuk mempersiapkan diri menerima sakramen', 'masa mistagogi', 'masa pembinaan lanjutan setelah seseorang menerima sakramen baptis']","['masa prakatekumenat adalah', 'masa pemurnian motivasi calon', 'masa katekumenat adalah', 'masa pengajaran dan pembinaan iman serta latihan hidup dalam jemaat', 'masa persiapan terakhir adalah', 'persiapan terakhir yakni masa khusus untuk mempersiapkan diri menerima sakramen sakramen inisiasi dan diakhiri dengan tahap ketiga upacara penerimaan sakramen baptis', 'masa mistagogi adalah', 'masa pembinaan lanjutan setelah seseorang menerima sakramen baptis']","33,33","33,33","10,00",A,5
380,8,"['dalam pembelajaran agama kelas 8 kita mempelajari dan memahami tantang sakramen baptis', 'jelaskanlah tahapan tahapan yang harus dilalui dalam proses baptis dewasa']","['masa prakatekumenat', 'masa pemurnian motivasi calon', 'masa katekumenat', 'masa pengajaran dan pembinaan iman serta latihan hidup dalam jemaat', 'masa persiapan akhir', 'masa khusus untuk mempersiapkan diri menerima sakramen', 'masa mistagogi', 'masa pembinaan lanjutan setelah seseorang menerima sakramen baptis']","['masa prakatekumenat diakhiri dengan tahap pertama yaitu masa permunian calon', 'masa katekumenat diakhiri dengan tahap kedua yaitu upacara pengajaran dan pembinaan iman serta latihan hirup dalam jemaat', 'masa persiapan terakhir diakhiri dengan tahap ketiga yaitu upacara penerimaan sakramen baptis', 'masa mitagogi yaitu masa pembinaan upacara setelah seseorang menerima sakramen baptis']","33,33","33,33","10,00",A,5
381,8,"['dalam pembelajaran agama kelas 8 kita mempelajari dan memahami tantang sakramen baptis', 'jelaskanlah tahapan tahapan yang harus dilalui dalam proses baptis dewasa']","['masa prakatekumenat', 'masa pemurnian motivasi calon', 'masa katekumenat', 'masa pengajaran dan pembinaan iman serta latihan hidup dalam jemaat', 'masa persiapan akhir', 'masa khusus untuk mempersiapkan diri menerima sakramen', 'masa mistagogi', 'masa pembinaan lanjutan setelah seseorang menerima sakramen baptis']","['masa prakatekumenat', 'masa katekumenat', 'masa persiapan akhir', 'masa mistagogi']","23,33","33,33","7,00",C,3
382,8,"['dalam pembelajaran agama kelas 8 kita mempelajari dan memahami tantang sakramen baptis', 'jelaskanlah tahapan tahapan yang harus dilalui dalam proses baptis dewasa']","['masa prakatekumenat', 'masa pemurnian motivasi calon', 'masa katekumenat', 'masa pengajaran dan pembinaan iman serta latihan hidup dalam jemaat', 'masa persiapan akhir', 'masa khusus untuk mempersiapkan diri menerima sakramen', 'masa mistagogi', 'masa pembinaan lanjutan setelah seseorang menerima sakramen baptis']","['katekumenat', 'prakatekumenat']","13,33","33,33","4,00",E,1
383,8,"['dalam pembelajaran agama kelas 8 kita mempelajari dan memahami tantang sakramen baptis', 'jelaskanlah tahapan tahapan yang harus dilalui dalam proses baptis dewasa']","['masa prakatekumenat', 'masa pemurnian motivasi calon', 'masa katekumenat', 'masa pengajaran dan pembinaan iman serta latihan hidup dalam jemaat', 'masa persiapan akhir', 'masa khusus untuk mempersiapkan diri menerima sakramen', 'masa mistagogi', 'masa pembinaan lanjutan setelah seseorang menerima sakramen baptis']","['masa prakatekumenat adalah masa pembinaan motivasi calon', 'masa katekumenat adalah masa pengajaran dan pembinaan iman serta latihan hidup', 'masa persiapan terakhir yakni masa khusus untuk mempersiapkan diri menerima sakramen sakramen inisiasi', 'masa mistagogi adalah masa pembinaan lanjutan setelah menerima sakramen baptis']","33,33","33,33","10,00",A,5
384,8,"['dalam pembelajaran agama kelas 8 kita mempelajari dan memahami tantang sakramen baptis', 'jelaskanlah tahapan tahapan yang harus dilalui dalam proses baptis dewasa']","['masa prakatekumenat', 'masa pemurnian motivasi calon', 'masa katekumenat', 'masa pengajaran dan pembinaan iman serta latihan hidup dalam jemaat', 'masa persiapan akhir', 'masa khusus untuk mempersiapkan diri menerima sakramen', 'masa mistagogi', 'masa pembinaan lanjutan setelah seseorang menerima sakramen baptis']","['masa prakatekumenat adalah masa pengajaran dan pembinaan iman serta latihan hidup dalam jemaat', 'masa katekumen adalah masa pemurnian motivasi calon', 'masa persiapan terakhir adalah masa khusus untuk mempersiapkan diri menerima sakramen sakramen inisiasi dan diakhiri dengan tahap ketiga upacara penerimaan sakramen babtis', 'masa mistagogi adalah masa pembinaan lanjutan setelah seseorang menerima sakramen babtis']","33,33","33,33","10,00",A,5
385,8,"['dalam pembelajaran agama kelas 8 kita mempelajari dan memahami tantang sakramen baptis', 'jelaskanlah tahapan tahapan yang harus dilalui dalam proses baptis dewasa']","['masa prakatekumenat', 'masa pemurnian motivasi calon', 'masa katekumenat', 'masa pengajaran dan pembinaan iman serta latihan hidup dalam jemaat', 'masa persiapan akhir', 'masa khusus untuk mempersiapkan diri menerima sakramen', 'masa mistagogi', 'masa pembinaan lanjutan setelah seseorang menerima sakramen baptis']","['masa prakatekumat', 'masa katekumen', 'masa pelajaran terakhir', 'mistagogi']","16,67","33,33","5,00",D,2
386,8,"['dalam pembelajaran agama kelas 8 kita mempelajari dan memahami tantang sakramen baptis', 'jelaskanlah tahapan tahapan yang harus dilalui dalam proses baptis dewasa']","['masa prakatekumenat', 'masa pemurnian motivasi calon', 'masa katekumenat', 'masa pengajaran dan pembinaan iman serta latihan hidup dalam jemaat', 'masa persiapan akhir', 'masa khusus untuk mempersiapkan diri menerima sakramen', 'masa mistagogi', 'masa pembinaan lanjutan setelah seseorang menerima sakramen baptis']","['pra katekumenat motivasi dalam pembelajaran lalu diadakan upacara kesatu untuk menjadi', 'katekumenat sebagai pembelajaraan dalam pembatisan yang diakhiri dengan upacara ke 2', 'persiapan akhir yang dimana seseorang di baptis setelah melalui masa pembelajaraan katekumenat', 'mistagogi sebagai bimbingan akhir setelah seseorang di baptis']","30,00","33,33","9,00",A,5
387,8,"['dalam pembelajaran agama kelas 8 kita mempelajari dan memahami tantang sakramen baptis', 'jelaskanlah tahapan tahapan yang harus dilalui dalam proses baptis dewasa']","['masa prakatekumenat', 'masa pemurnian motivasi calon', 'masa katekumenat', 'masa pengajaran dan pembinaan iman serta latihan hidup dalam jemaat', 'masa persiapan akhir', 'masa khusus untuk mempersiapkan diri menerima sakramen', 'masa mistagogi', 'masa pembinaan lanjutan setelah seseorang menerima sakramen baptis']",['percaya kepada kristus sebagai penyelamat mengikuti pelajaran calon katekumen sekurang kurangnya satu tahun mengucapkan pengakuan imam pada waktu pembaptisan'],"10,00","33,33","3,00",E,1
388,8,"['dalam pembelajaran agama kelas 8 kita mempelajari dan memahami tantang sakramen baptis', 'jelaskanlah tahapan tahapan yang harus dilalui dalam proses baptis dewasa']","['masa prakatekumenat', 'masa pemurnian motivasi calon', 'masa katekumenat', 'masa pengajaran dan pembinaan iman serta latihan hidup dalam jemaat', 'masa persiapan akhir', 'masa khusus untuk mempersiapkan diri menerima sakramen', 'masa mistagogi', 'masa pembinaan lanjutan setelah seseorang menerima sakramen baptis']","['pertama adalah masa prakatekumenat', 'selalu diakhiri dengan upacara tahap pertama', 'lalu pelantikkan ketakumen', 'kedua', 'masa kutekumenat', 'selalu diakhiri dengan upacara tahap kedua', 'lalu pengakuan terhadap kutakumenat terpilih', 'ketiga adalah masa persiapan terakhir', 'selalu diakhiri dengan upacara ketiga', 'lalu upacara penerimaan sakramen baptis', 'keempat adalah masa mistagogi', 'masa pembinaan lanjutan setelah seorang menerima sakramen baptis']","33,33","33,33","10,00",A,5
389,8,"['dalam pembelajaran agama kelas 8 kita mempelajari dan memahami tantang sakramen baptis', 'jelaskanlah tahapan tahapan yang harus dilalui dalam proses baptis dewasa']","['masa prakatekumenat', 'masa pemurnian motivasi calon', 'masa katekumenat', 'masa pengajaran dan pembinaan iman serta latihan hidup dalam jemaat', 'masa persiapan akhir', 'masa khusus untuk mempersiapkan diri menerima sakramen', 'masa mistagogi', 'masa pembinaan lanjutan setelah seseorang menerima sakramen baptis']","['siap akan melayani tuhan dengan segenap hati harus selalu imgat akan tanggung jawab di gereja', 'bersiap untuk bertobat dan tidak melakukan hal yang bedosa', 'dan harus berusia 17 tahun agar bisa membedakan mana yang baik dan mana yang tidak baik', 'dan harus terlebih dahulu menjalani katekese']","10,00","33,33","3,00",E,1
390,8,"['dalam pembelajaran agama kelas 8 kita mempelajari dan memahami tantang sakramen baptis', 'jelaskanlah tahapan tahapan yang harus dilalui dalam proses baptis dewasa']","['masa prakatekumenat', 'masa pemurnian motivasi calon', 'masa katekumenat', 'masa pengajaran dan pembinaan iman serta latihan hidup dalam jemaat', 'masa persiapan akhir', 'masa khusus untuk mempersiapkan diri menerima sakramen', 'masa mistagogi', 'masa pembinaan lanjutan setelah seseorang menerima sakramen baptis']","['masa prakatekumen adalah masa dimana memotivasi kan calon yang pertama diakhiri dengan upacara', 'masa katakumen masa yang dimana pengajaran karunia roh kudus', 'masa persiapan']","16,67","33,33","5,00",D,2
391,8,"['dalam pembelajaran agama kelas 8 kita mempelajari dan memahami tantang sakramen baptis', 'jelaskanlah tahapan tahapan yang harus dilalui dalam proses baptis dewasa']","['masa prakatekumenat', 'masa pemurnian motivasi calon', 'masa katekumenat', 'masa pengajaran dan pembinaan iman serta latihan hidup dalam jemaat', 'masa persiapan akhir', 'masa khusus untuk mempersiapkan diri menerima sakramen', 'masa mistagogi', 'masa pembinaan lanjutan setelah seseorang menerima sakramen baptis']","['masa permunian calon', 'masa pengajaran dan pembinaan iman serta latihan hidup dalam jemaat', 'masa pembinaan lanjutan setelah seseorang melakukan baptis', 'persiapan terakhir yakni masa khusus untuk mempersiapkan diri menerima sakramen sakramen dan diakhiri dengan menerima upacara terakhir penerimaan sakramen baptis']","20,00","33,33","6,00",C,3
392,8,"['dalam pembelajaran agama kelas 8 kita mempelajari dan memahami tantang sakramen baptis', 'jelaskanlah tahapan tahapan yang harus dilalui dalam proses baptis dewasa']","['masa prakatekumenat', 'masa pemurnian motivasi calon', 'masa katekumenat', 'masa pengajaran dan pembinaan iman serta latihan hidup dalam jemaat', 'masa persiapan akhir', 'masa khusus untuk mempersiapkan diri menerima sakramen', 'masa mistagogi', 'masa pembinaan lanjutan setelah seseorang menerima sakramen baptis']","['masa pengajaran atau pembinaan', 'masa pemurnian motivasi calon', 'masa pembinaan lanjut setelah di babtis', 'persiapan terahir masa khusus untuk mempersiapkan diri menerima sakramen sakramen inisiasi dan di akhiri dengan upacara menerima sakramen baptis']","26,67","33,33","8,00",B,4
393,8,"['dalam pembelajaran agama kelas 8 kita mempelajari dan memahami tantang sakramen baptis', 'jelaskanlah tahapan tahapan yang harus dilalui dalam proses baptis dewasa']","['masa prakatekumenat', 'masa pemurnian motivasi calon', 'masa katekumenat', 'masa pengajaran dan pembinaan iman serta latihan hidup dalam jemaat', 'masa persiapan akhir', 'masa khusus untuk mempersiapkan diri menerima sakramen', 'masa mistagogi', 'masa pembinaan lanjutan setelah seseorang menerima sakramen baptis']","['ada masa pemurnian motivasi calon baptis diakhiri dengan upacara pertama', 'masa pengajaran dan pembinaan iman serta latihan hidup dalam jemaat biasanya pertemuan akan dilakukan beberapa kali diakhiri dengan upacara kedua', 'masa persiapan terakhir persiapan menerima sakramen sakramen inisiasi dan diakhiri upacara ketiga yaitu penerimaan sakramen baptis', 'pembinaan lanjutan setelah menerima baptis']","26,67","33,33","8,00",B,4
394,8,"['dalam pembelajaran agama kelas 8 kita mempelajari dan memahami tantang sakramen baptis', 'jelaskanlah tahapan tahapan yang harus dilalui dalam proses baptis dewasa']","['masa prakatekumenat', 'masa pemurnian motivasi calon', 'masa katekumenat', 'masa pengajaran dan pembinaan iman serta latihan hidup dalam jemaat', 'masa persiapan akhir', 'masa khusus untuk mempersiapkan diri menerima sakramen', 'masa mistagogi', 'masa pembinaan lanjutan setelah seseorang menerima sakramen baptis']","['masa prakatekumenat', 'diakhiri dengan upacara tahap pertama dan peneguhan atau motivasi calon baptis', 'masa katekumenat', 'diakhiri dengan upacara tahap kedua dan masa pembelajaran dan pelantikan calon baptis', 'masa persiapan terakhir', 'diakhiri dengan upacara tahap terakhir dan siap menerima sakramen baptis', 'masa mistagogi', 'merupakan pembinaan lanjutan setelah menerima sakramen baptis']","33,33","33,33","10,00",A,5
395,8,"['dalam pembelajaran agama kelas 8 kita mempelajari dan memahami tantang sakramen baptis', 'jelaskanlah tahapan tahapan yang harus dilalui dalam proses baptis dewasa']","['masa prakatekumenat', 'masa pemurnian motivasi calon', 'masa katekumenat', 'masa pengajaran dan pembinaan iman serta latihan hidup dalam jemaat', 'masa persiapan akhir', 'masa khusus untuk mempersiapkan diri menerima sakramen', 'masa mistagogi', 'masa pembinaan lanjutan setelah seseorang menerima sakramen baptis']","['prakatekumenat', 'diakhiri upacara pertama dan memotivasi calon katekumenat', 'katekumenat', 'diakhiri upacara kedua', 'katekumenat adalah masa pembinaan sebelum di baptis', 'masa persiapan terakhir', 'diakhiri upacara ketiga dan dilakukannya pembaptisan', 'mistagogi', 'masa pembinaan lanjutan setelah di baptis']","33,33","33,33","10,00",A,5
396,8,"['dalam pembelajaran agama kelas 8 kita mempelajari dan memahami tantang sakramen baptis', 'jelaskanlah tahapan tahapan yang harus dilalui dalam proses baptis dewasa']","['masa prakatekumenat', 'masa pemurnian motivasi calon', 'masa katekumenat', 'masa pengajaran dan pembinaan iman serta latihan hidup dalam jemaat', 'masa persiapan akhir', 'masa khusus untuk mempersiapkan diri menerima sakramen', 'masa mistagogi', 'masa pembinaan lanjutan setelah seseorang menerima sakramen baptis']","['proses tahapan tahapan babtis dewasa adalah', 'masa praktekumenat adalah pemurnian motivasi calon', 'masa katekumenat adalah calon babtisan', 'masa persiapan terakhir', 'mistagogi adalah pembelajaran tentang kehidupan setelah sakramen babtis']","26,67","33,33","8,00",B,4
397,8,"['dalam pembelajaran agama kelas 8 kita mempelajari dan memahami tantang sakramen baptis', 'jelaskanlah tahapan tahapan yang harus dilalui dalam proses baptis dewasa']","['masa prakatekumenat', 'masa pemurnian motivasi calon', 'masa katekumenat', 'masa pengajaran dan pembinaan iman serta latihan hidup dalam jemaat', 'masa persiapan akhir', 'masa khusus untuk mempersiapkan diri menerima sakramen', 'masa mistagogi', 'masa pembinaan lanjutan setelah seseorang menerima sakramen baptis']","['tahap tahapan', 'proses prakatekumenat adalah pembersihan motivasi calon', 'proses katekumenat adalah masa pengajaran iman serta latihan hidup dalam jemaat', 'proses persiapan terakhir adalah pembinaan terakhir dalam penerimaan sakramen babtis', 'proses mistogogi adalah masa pembelajaran lanjutan dalam penerimaan sakramen babtis']","33,33","33,33","10,00",A,5
398,8,"['dalam pembelajaran agama kelas 8 kita mempelajari dan memahami tantang sakramen baptis', 'jelaskanlah tahapan tahapan yang harus dilalui dalam proses baptis dewasa']","['masa prakatekumenat', 'masa pemurnian motivasi calon', 'masa katekumenat', 'masa pengajaran dan pembinaan iman serta latihan hidup dalam jemaat', 'masa persiapan akhir', 'masa khusus untuk mempersiapkan diri menerima sakramen', 'masa mistagogi', 'masa pembinaan lanjutan setelah seseorang menerima sakramen baptis']","['masa prakatekumen', 'masa katekumenat', 'masa pembinaan selanjutnya']","16,67","33,33","5,00",D,2
399,8,"['dalam pembelajaran agama kelas 8 kita mempelajari dan memahami tantang sakramen baptis', 'jelaskanlah tahapan tahapan yang harus dilalui dalam proses baptis dewasa']","['masa prakatekumenat', 'masa pemurnian motivasi calon', 'masa katekumenat', 'masa pengajaran dan pembinaan iman serta latihan hidup dalam jemaat', 'masa persiapan akhir', 'masa khusus untuk mempersiapkan diri menerima sakramen', 'masa mistagogi', 'masa pembinaan lanjutan setelah seseorang menerima sakramen baptis']","['masa pratakumenat diakhiri dengan upacara tahap pertama yaitu pelantikan katakumenat', 'masa katakumenat diakhiri dengan upacara tahap kedua yaitu upacara pengukuhan katakumenat terpilih', 'masa persiapan terakhir diakhiri dengan upacara tahap ketiga yaitu penerimaan sakramen baptis', 'masa mistagogi yaitu lanjutan pembinaan ketika seseorang sudah menerima sakramen baptis']","26,67","33,33","8,00",B,4
400,8,"['dalam pembelajaran agama kelas 8 kita mempelajari dan memahami tantang sakramen baptis', 'jelaskanlah tahapan tahapan yang harus dilalui dalam proses baptis dewasa']","['masa prakatekumenat', 'masa pemurnian motivasi calon', 'masa katekumenat', 'masa pengajaran dan pembinaan iman serta latihan hidup dalam jemaat', 'masa persiapan akhir', 'masa khusus untuk mempersiapkan diri menerima sakramen', 'masa mistagogi', 'masa pembinaan lanjutan setelah seseorang menerima sakramen baptis']","['masa pratekumenat merupakan tahapan pertama', 'masa katekumenat merupakan tahapan kedua', 'masa misgogi', 'masa tobat']","23,33","33,33","7,00",C,3
401,8,"['dalam pembelajaran agama kelas 8 kita mempelajari dan memahami tantang sakramen baptis', 'jelaskanlah tahapan tahapan yang harus dilalui dalam proses baptis dewasa']","['masa prakatekumenat', 'masa pemurnian motivasi calon', 'masa katekumenat', 'masa pengajaran dan pembinaan iman serta latihan hidup dalam jemaat', 'masa persiapan akhir', 'masa khusus untuk mempersiapkan diri menerima sakramen', 'masa mistagogi', 'masa pembinaan lanjutan setelah seseorang menerima sakramen baptis']","['katakument', 'paratukument']","10,00","33,33","3,00",E,1
402,8,"['dalam pembelajaran agama kelas 8 kita mempelajari dan memahami tantang sakramen baptis', 'jelaskanlah tahapan tahapan yang harus dilalui dalam proses baptis dewasa']","['masa prakatekumenat', 'masa pemurnian motivasi calon', 'masa katekumenat', 'masa pengajaran dan pembinaan iman serta latihan hidup dalam jemaat', 'masa persiapan akhir', 'masa khusus untuk mempersiapkan diri menerima sakramen', 'masa mistagogi', 'masa pembinaan lanjutan setelah seseorang menerima sakramen baptis']","['masa prakatekumenat adalah masa pemurnian motivasi calon', 'masa katekumenat adalah masa pembinaan lanjutan setelah seseorang menerima sakramen baptis', 'masa persiapan terakhir adalah masa khusus untuk mempersiapkan diri menerima sakramen–sakramen inisiasi dan diakhiri dengan tahap ketiga upacara peneriman sakramen baptis', 'masa mistagogi adalah upacara tahap keempat sudah menerima sakramen baptis']","33,33","33,33","10,00",A,5
403,8,"['dalam pembelajaran agama kelas 8 kita mempelajari dan memahami tantang sakramen baptis', 'jelaskanlah tahapan tahapan yang harus dilalui dalam proses baptis dewasa']","['masa prakatekumenat', 'masa pemurnian motivasi calon', 'masa katekumenat', 'masa pengajaran dan pembinaan iman serta latihan hidup dalam jemaat', 'masa persiapan akhir', 'masa khusus untuk mempersiapkan diri menerima sakramen', 'masa mistagogi', 'masa pembinaan lanjutan setelah seseorang menerima sakramen baptis']","['masa pratakumenat adalah masa pemurnian motivasi calon', 'masa katakumenat adalah masa pengajaran iman serta latihan hidup dalam jemaat yang diselesaikan dengan cara upacara pengukuhan', 'masa persiapan terakhir adalah masa khusus mempersiapkan diri menerima sakramen baptis dan diakhiri dengan tahap ketiga upacara penerimaan baptis', 'masa mitagogi adalah masa pembinaan lanjutan setelah seseorang menerima sakramen baptis']","33,33","33,33","10,00",A,5
404,8,"['dalam pembelajaran agama kelas 8 kita mempelajari dan memahami tantang sakramen baptis', 'jelaskanlah tahapan tahapan yang harus dilalui dalam proses baptis dewasa']","['masa prakatekumenat', 'masa pemurnian motivasi calon', 'masa katekumenat', 'masa pengajaran dan pembinaan iman serta latihan hidup dalam jemaat', 'masa persiapan akhir', 'masa khusus untuk mempersiapkan diri menerima sakramen', 'masa mistagogi', 'masa pembinaan lanjutan setelah seseorang menerima sakramen baptis']","['masa prakatekumenat yaitu masa permurnian motivasi calon', 'katekumenat yaitu masa pembinaan atau pengajaran iman serta latihan hidup dalam jemaat', 'persiapan terakhir yakni masa khusus untuk mempersiapkan diri menerima sakramen–sakramen inisiasi dan diakhiri dengan tahap ketiga upacara peneriman sakramen baptis', 'masa mistagogi yaitu masa masa pembinaan lanjutan setelah seseorang menerima sakramen baptis']","33,33","33,33","10,00",A,5
405,8,"['dalam pembelajaran agama kelas 8 kita mempelajari dan memahami tantang sakramen baptis', 'jelaskanlah tahapan tahapan yang harus dilalui dalam proses baptis dewasa']","['masa prakatekumenat', 'masa pemurnian motivasi calon', 'masa katekumenat', 'masa pengajaran dan pembinaan iman serta latihan hidup dalam jemaat', 'masa persiapan akhir', 'masa khusus untuk mempersiapkan diri menerima sakramen', 'masa mistagogi', 'masa pembinaan lanjutan setelah seseorang menerima sakramen baptis']","['tahapan tahapan ynag harus dilalui dalam proses baptis dewasa adalah', 'prakatekumenat', 'katekumenat', 'dan lain lain', 'maaf pak atau bu saya lupa']","16,67","33,33","5,00",D,2
406,8,"['dalam pembelajaran agama kelas 8 kita mempelajari dan memahami tantang sakramen baptis', 'jelaskanlah tahapan tahapan yang harus dilalui dalam proses baptis dewasa']","['masa prakatekumenat', 'masa pemurnian motivasi calon', 'masa katekumenat', 'masa pengajaran dan pembinaan iman serta latihan hidup dalam jemaat', 'masa persiapan akhir', 'masa khusus untuk mempersiapkan diri menerima sakramen', 'masa mistagogi', 'masa pembinaan lanjutan setelah seseorang menerima sakramen baptis']","['masa prakatekumenat adalah masa pemurnian motivasi calon', 'masa katekumenat adalah masa pengajaran atau pembinaan iman serta pelatihan hidup untuk calon', 'masa persiapan terakhir adalah persiapan sebelum calon menerima sakramen inisiasi', 'masa mistagogi adalah masa pembinaan lanjutan setelah seseorang menerima sakramen baptis']","33,33","33,33","10,00",A,5
407,8,"['dalam pembelajaran agama kelas 8 kita mempelajari dan memahami tantang sakramen baptis', 'jelaskanlah tahapan tahapan yang harus dilalui dalam proses baptis dewasa']","['masa prakatekumenat', 'masa pemurnian motivasi calon', 'masa katekumenat', 'masa pengajaran dan pembinaan iman serta latihan hidup dalam jemaat', 'masa persiapan akhir', 'masa khusus untuk mempersiapkan diri menerima sakramen', 'masa mistagogi', 'masa pembinaan lanjutan setelah seseorang menerima sakramen baptis']","['tahap calon katekumen selama 2 bulan', 'tahap katekumen calon baptis selama 8 bulan', 'tahap calon baptis terpilih selama 2 bulan']","16,67","33,33","5,00",D,2
408,8,"['dalam pembelajaran agama kelas 8 kita mempelajari dan memahami tantang sakramen baptis', 'jelaskanlah tahapan tahapan yang harus dilalui dalam proses baptis dewasa']","['masa prakatekumenat', 'masa pemurnian motivasi calon', 'masa katekumenat', 'masa pengajaran dan pembinaan iman serta latihan hidup dalam jemaat', 'masa persiapan akhir', 'masa khusus untuk mempersiapkan diri menerima sakramen', 'masa mistagogi', 'masa pembinaan lanjutan setelah seseorang menerima sakramen baptis']","['masa prakatekumenat adalah masa persiapan', 'masa katekumenat adalah masa persiapan terakhir', 'masa upacara penerimaan sakramen baptis adalah masa dimana calon baptis melakukan upacara untuk menerima sakramen babtis', 'masa mistagogi adalah masa lanjutan setelah penerimaan sakramen baptis']","26,67","33,33","8,00",B,4
409,8,"['dalam pembelajaran agama kelas 8 kita mempelajari dan memahami tantang sakramen baptis', 'jelaskanlah tahapan tahapan yang harus dilalui dalam proses baptis dewasa']","['masa prakatekumenat', 'masa pemurnian motivasi calon', 'masa katekumenat', 'masa pengajaran dan pembinaan iman serta latihan hidup dalam jemaat', 'masa persiapan akhir', 'masa khusus untuk mempersiapkan diri menerima sakramen', 'masa mistagogi', 'masa pembinaan lanjutan setelah seseorang menerima sakramen baptis']",['masa katekumenat adalah masa pemurnian motivasi calon'],"13,33","33,33","4,00",E,1
410,8,"['dalam pembelajaran agama kelas 8 kita mempelajari dan memahami tantang sakramen baptis', 'jelaskanlah tahapan tahapan yang harus dilalui dalam proses baptis dewasa']","['masa prakatekumenat', 'masa pemurnian motivasi calon', 'masa katekumenat', 'masa pengajaran dan pembinaan iman serta latihan hidup dalam jemaat', 'masa persiapan akhir', 'masa khusus untuk mempersiapkan diri menerima sakramen', 'masa mistagogi', 'masa pembinaan lanjutan setelah seseorang menerima sakramen baptis']","['tahapan tahapan dalam proses baptis dewasa antara lain', 'masa pratekumenat diakhiri dengan upacara tahap pertama yaitu pemilihan katekumen', 'masa katekumenat diakhiri dengan upacara tahap kedua yaitu pengukuhan katekumenat terpilih', 'masa persiapan terakhir di akhiri dengan upacara tahap ketiga yaitu persiapan penerimaan sakramen baptis', 'masa mistagogi di akhiri dengan upacara tahap keempat yaitu penerimaan sakramen baptis atau seseorang menerima sakramen baptis']","30,00","33,33","9,00",A,5
411,8,"['dalam pembelajaran agama kelas 8 kita mempelajari dan memahami tantang sakramen baptis', 'jelaskanlah tahapan tahapan yang harus dilalui dalam proses baptis dewasa']","['masa prakatekumenat', 'masa pemurnian motivasi calon', 'masa katekumenat', 'masa pengajaran dan pembinaan iman serta latihan hidup dalam jemaat', 'masa persiapan akhir', 'masa khusus untuk mempersiapkan diri menerima sakramen', 'masa mistagogi', 'masa pembinaan lanjutan setelah seseorang menerima sakramen baptis']","['tahapan pertama yaitu masa katakumenat', 'tahapan kedua masa prakatakumenat']","13,33","33,33","4,00",E,1
412,8,"['dalam pembelajaran agama kelas 8 kita mempelajari dan memahami tantang sakramen baptis', 'jelaskanlah tahapan tahapan yang harus dilalui dalam proses baptis dewasa']","['masa prakatekumenat', 'masa pemurnian motivasi calon', 'masa katekumenat', 'masa pengajaran dan pembinaan iman serta latihan hidup dalam jemaat', 'masa persiapan akhir', 'masa khusus untuk mempersiapkan diri menerima sakramen', 'masa mistagogi', 'masa pembinaan lanjutan setelah seseorang menerima sakramen baptis']","['masa pra katekumat adalah mengikuti pengajaran dan motivasi tentang calon baptis', 'masa katekumat adalah masa pengajaran lanjutan tentang baptis', 'masa baptis adalah masa diamana menunggu waktu pelantikan menjadi orang katolik']","16,67","33,33","5,00",D,2
413,8,"['dalam pembelajaran agama kelas 8 kita mempelajari dan memahami tantang sakramen baptis', 'jelaskanlah tahapan tahapan yang harus dilalui dalam proses baptis dewasa']","['masa prakatekumenat', 'masa pemurnian motivasi calon', 'masa katekumenat', 'masa pengajaran dan pembinaan iman serta latihan hidup dalam jemaat', 'masa persiapan akhir', 'masa khusus untuk mempersiapkan diri menerima sakramen', 'masa mistagogi', 'masa pembinaan lanjutan setelah seseorang menerima sakramen baptis']","['masa prakatekumenat', 'masa upacara tahap awal yaitu pelantikan menjadi calon baptis', 'masa katekumenat', 'masa pembinaan atau pelajaran untuk calon baptis', 'masa persiapan terakhir', 'masa upacara tahap akhir yaitu penerimaan sakramen baptis', 'masa mistagogi', 'masa pembinaan lanjutan setelah menerima sakramen baptis']","33,33","33,33","10,00",A,5
414,8,"['dalam pembelajaran agama kelas 8 kita mempelajari dan memahami tantang sakramen baptis', 'jelaskanlah tahapan tahapan yang harus dilalui dalam proses baptis dewasa']","['masa prakatekumenat', 'masa pemurnian motivasi calon', 'masa katekumenat', 'masa pengajaran dan pembinaan iman serta latihan hidup dalam jemaat', 'masa persiapan akhir', 'masa khusus untuk mempersiapkan diri menerima sakramen', 'masa mistagogi', 'masa pembinaan lanjutan setelah seseorang menerima sakramen baptis']","['masa prakumenat', 'masa katumenat', 'masa perpisahan terakhir', 'masa mistagogi']","10,00","33,33","3,00",E,1
415,8,"['dalam pembelajaran agama kelas 8 kita mempelajari dan memahami tantang sakramen baptis', 'jelaskanlah tahapan tahapan yang harus dilalui dalam proses baptis dewasa']","['masa prakatekumenat', 'masa pemurnian motivasi calon', 'masa katekumenat', 'masa pengajaran dan pembinaan iman serta latihan hidup dalam jemaat', 'masa persiapan akhir', 'masa khusus untuk mempersiapkan diri menerima sakramen', 'masa mistagogi', 'masa pembinaan lanjutan setelah seseorang menerima sakramen baptis']",['katakumenat katekument dan pembaptisan'],"13,33","33,33","4,00",E,1
416,8,"['dalam pembelajaran agama kelas 8 kita mempelajari dan memahami tantang sakramen baptis', 'jelaskanlah tahapan tahapan yang harus dilalui dalam proses baptis dewasa']","['masa prakatekumenat', 'masa pemurnian motivasi calon', 'masa katekumenat', 'masa pengajaran dan pembinaan iman serta latihan hidup dalam jemaat', 'masa persiapan akhir', 'masa khusus untuk mempersiapkan diri menerima sakramen', 'masa mistagogi', 'masa pembinaan lanjutan setelah seseorang menerima sakramen baptis']","['masa prakatekumenat adalah yaitu masa pemurnian motivasi calon yang diakhiri dengan upacara tahap pertama yaitu upacara pelantikan menjadi katekumen', 'masa katekumenat adalah yaitu masa pembelajaran atau pembinaan iman serta latihan hidup dalam jemaat yang diakhiri dengan upacara tahap kedua yaitu upacara pengukuhan katekumenat terpilih', 'masa persiapan terakhir adalah yakni masa mempersiapkan diri untuk menerima sakramen sakramen inisiasi dan diakhiri dengan upacara tahap ketiga yaitu upacara penerimaan sakramen baptis', 'masa mistagogi adalah yaitu masa pembinaan lanjutan bagi orang yang telah menerima sakramen baptis']","33,33","33,33","10,00",A,5
417,8,"['dalam pembelajaran agama kelas 8 kita mempelajari dan memahami tantang sakramen baptis', 'jelaskanlah tahapan tahapan yang harus dilalui dalam proses baptis dewasa']","['masa prakatekumenat', 'masa pemurnian motivasi calon', 'masa katekumenat', 'masa pengajaran dan pembinaan iman serta latihan hidup dalam jemaat', 'masa persiapan akhir', 'masa khusus untuk mempersiapkan diri menerima sakramen', 'masa mistagogi', 'masa pembinaan lanjutan setelah seseorang menerima sakramen baptis']","['masa prakatekumenat adalah masa pemurnian motivasi calon baptis dengan diakhiri upcara tahap pertama yaitu pelantikan menjadi katekumen', 'masa katekumenat adalah masa pengajaran dan pembinaan iman serta pelatihan hidup dalam jemaat bagi para katekumen yang diakhiri dengan upacara tahap kedua yaitu pelantikan katekumen terpilih', 'masa persiapan terakhir adalah masa masa persiapan diri untuk meneriman sakramen sakramen inisiasi yang diakhiri dengan upacara tahap terakhir yaitu upacara penerimaan sakramen baptis', 'masa mistagogi adalah masa pembinaan lanjutan ketika seseorang sudah menerima sakramen baptis']","33,33","33,33","10,00",A,5
418,8,"['dalam pembelajaran agama kelas 8 kita mempelajari dan memahami tantang sakramen baptis', 'jelaskanlah tahapan tahapan yang harus dilalui dalam proses baptis dewasa']","['masa prakatekumenat', 'masa pemurnian motivasi calon', 'masa katekumenat', 'masa pengajaran dan pembinaan iman serta latihan hidup dalam jemaat', 'masa persiapan akhir', 'masa khusus untuk mempersiapkan diri menerima sakramen', 'masa mistagogi', 'masa pembinaan lanjutan setelah seseorang menerima sakramen baptis']","['pratekumenat adalah masa pemurnian calon', 'katekumenat adalah masa pengajaran dan pembinaan', 'persiapan terakhir adalah upacara penerimaan sakramen baptis', 'mistagogi adalah masa terakhir pembinaan setelah menerima sakramen baptis']","33,33","33,33","10,00",A,5
419,8,"['dalam pembelajaran agama kelas 8 kita mempelajari dan memahami tantang sakramen baptis', 'jelaskanlah tahapan tahapan yang harus dilalui dalam proses baptis dewasa']","['masa prakatekumenat', 'masa pemurnian motivasi calon', 'masa katekumenat', 'masa pengajaran dan pembinaan iman serta latihan hidup dalam jemaat', 'masa persiapan akhir', 'masa khusus untuk mempersiapkan diri menerima sakramen', 'masa mistagogi', 'masa pembinaan lanjutan setelah seseorang menerima sakramen baptis']","['masa prakatekumenat diakhiri dengan upacara tahap pertama adalah pembelajaran atau pembinaan terhadap calon kumenat', 'masa katekumenat diakhiri dengan upacara tahap ke dua adalah refleksi atau motivasi terhadap calon kumenat', 'masa tahap akhir diakhiri dengan upacar tahp ke tiga adalah penerimaan sakramen baptis', 'masa mistagogi adalah pembelajaran tahap lanjut']","30,00","33,33","9,00",A,5
420,8,"['dalam pembelajaran agama kelas 8 kita mempelajari dan memahami tantang sakramen baptis', 'jelaskanlah tahapan tahapan yang harus dilalui dalam proses baptis dewasa']","['masa prakatekumenat', 'masa pemurnian motivasi calon', 'masa katekumenat', 'masa pengajaran dan pembinaan iman serta latihan hidup dalam jemaat', 'masa persiapan akhir', 'masa khusus untuk mempersiapkan diri menerima sakramen', 'masa mistagogi', 'masa pembinaan lanjutan setelah seseorang menerima sakramen baptis']","['masa prakatekumenat diakhiri oleh upacara tahap pertama sebagai pelantikan calon katekumen', 'masa katekumenat diakhiri oleh upacara tahap kedua pengukuhan umat katekumen', 'masa perpisahan terakhir diakhiri oleh upacara tahap ketiga masa khusus untuk mempersiapkan diri menerima sakramen inisiasi penerimaan sakramen baptis', 'masa mistagogi diakhiri oleh upacara tahap keempat masa pembinaan lanjutan']","30,00","33,33","9,00",A,5
421,8,"['dalam pembelajaran agama kelas 8 kita mempelajari dan memahami tantang sakramen baptis', 'jelaskanlah tahapan tahapan yang harus dilalui dalam proses baptis dewasa']","['masa prakatekumenat', 'masa pemurnian motivasi calon', 'masa katekumenat', 'masa pengajaran dan pembinaan iman serta latihan hidup dalam jemaat', 'masa persiapan akhir', 'masa khusus untuk mempersiapkan diri menerima sakramen', 'masa mistagogi', 'masa pembinaan lanjutan setelah seseorang menerima sakramen baptis']","['masa pratekumenat adalah pelantikan menjadi katekumen dan pemurnian motivasi calon', 'masa katekumen adalah pengukuhan katekumen terpilih atau masa pembinnan dan pengajaran iman', 'masa persiapan terakhir adalah menyiapkan diri menerima sakramen sakramen inisiasi dan upacara penerimaan sakramen baptis', 'masa mistagogi adalah masa pembinaan lanjutan setelah menerima sakramen baptis']","33,33","33,33","10,00",A,5
422,8,"['dalam pembelajaran agama kelas 8 kita mempelajari dan memahami tantang sakramen baptis', 'jelaskanlah tahapan tahapan yang harus dilalui dalam proses baptis dewasa']","['masa prakatekumenat', 'masa pemurnian motivasi calon', 'masa katekumenat', 'masa pengajaran dan pembinaan iman serta latihan hidup dalam jemaat', 'masa persiapan akhir', 'masa khusus untuk mempersiapkan diri menerima sakramen', 'masa mistagogi', 'masa pembinaan lanjutan setelah seseorang menerima sakramen baptis']","['masa prakatekumenat adalah masa yang di akhiri upacara tahap pertama yaitu upacara pelantikan menjadi katekumenat', 'masa katekumenat adalah masa yang di akhiri upacara tahap kedua yaitu upacara pengukuhan katekumenat terpilih', 'masa persiapan terakhir adalah masa yang di akhiri upacara tahap ketiga yaitu upacara penerimaan sakramen baptis', 'masa misagogi adalah masa pembinaan dan pembelajaran lanjutan seseorang yang sudah menerima sakramen baptis']","33,33","33,33","10,00",A,5
423,8,"['dalam pembelajaran agama kelas 8 kita mempelajari dan memahami tantang sakramen baptis', 'jelaskanlah tahapan tahapan yang harus dilalui dalam proses baptis dewasa']","['masa prakatekumenat', 'masa pemurnian motivasi calon', 'masa katekumenat', 'masa pengajaran dan pembinaan iman serta latihan hidup dalam jemaat', 'masa persiapan akhir', 'masa khusus untuk mempersiapkan diri menerima sakramen', 'masa mistagogi', 'masa pembinaan lanjutan setelah seseorang menerima sakramen baptis']",['calon baptis atau katakumen akan melakukan pembinaan sampai selesai mensucikan diri dan mengaku dosa sebelum menerima sakramen baptis dewasa selesai mengaku dosa para katakumen bisa menerima sakramen baptis dengan romo menuanggkan air diatas kepala dengan berbicara nama santo atau santa aku membatis kamu dalam nama bapa putra dan roh kudus setelah romo menuanggkan air di atas kepala yang sudah di baptis akan di beri kain dan lilin yang sudah menyala'],"10,00","33,33","3,00",E,1
424,8,"['dalam pembelajaran agama kelas 8 kita mempelajari dan memahami tantang sakramen baptis', 'jelaskanlah tahapan tahapan yang harus dilalui dalam proses baptis dewasa']","['masa prakatekumenat', 'masa pemurnian motivasi calon', 'masa katekumenat', 'masa pengajaran dan pembinaan iman serta latihan hidup dalam jemaat', 'masa persiapan akhir', 'masa khusus untuk mempersiapkan diri menerima sakramen', 'masa mistagogi', 'masa pembinaan lanjutan setelah seseorang menerima sakramen baptis']",['harus mengikuti misa pertobatan'],"10,00","33,33","3,00",E,1
425,8,"['dalam pembelajaran agama kelas 8 kita mempelajari dan memahami tantang sakramen baptis', 'jelaskanlah tahapan tahapan yang harus dilalui dalam proses baptis dewasa']","['masa prakatekumenat', 'masa pemurnian motivasi calon', 'masa katekumenat', 'masa pengajaran dan pembinaan iman serta latihan hidup dalam jemaat', 'masa persiapan akhir', 'masa khusus untuk mempersiapkan diri menerima sakramen', 'masa mistagogi', 'masa pembinaan lanjutan setelah seseorang menerima sakramen baptis']","['prakatekumenat yaitu proses permunian dan motivasi', 'katekumenat melakukan pembelajaran dan pembinaan', 'persiapan terakhir yaitu mengambil sakramen baptis', 'mistagogi yaitu pembelajaran lanjutan setelah menerima sakramen baptis']","33,33","33,33","10,00",A,5
426,8,"['dalam pembelajaran agama kelas 8 kita mempelajari dan memahami tantang sakramen baptis', 'jelaskanlah tahapan tahapan yang harus dilalui dalam proses baptis dewasa']","['masa prakatekumenat', 'masa pemurnian motivasi calon', 'masa katekumenat', 'masa pengajaran dan pembinaan iman serta latihan hidup dalam jemaat', 'masa persiapan akhir', 'masa khusus untuk mempersiapkan diri menerima sakramen', 'masa mistagogi', 'masa pembinaan lanjutan setelah seseorang menerima sakramen baptis']","['masa pra katekumenat adalah diakhiri dengan upacara tahap pertama yaitu pelantikan menjadi katekumen', 'masa katekumen adalah diakhiri dengan upacara ke 2 yaitu pengukuhan katekumen terpilih', 'masa persiapan terakhir adalah diakhiri dengan upacara ke 3 yaitu penerimaan sakramen baptis', 'masa mistagogi adalah masa pembinaan lanjutan setelah seorang menerima sakramen baptis']","33,33","33,33","10,00",A,5
427,8,"['dalam pembelajaran agama kelas 8 kita mempelajari dan memahami tantang sakramen baptis', 'jelaskanlah tahapan tahapan yang harus dilalui dalam proses baptis dewasa']","['masa prakatekumenat', 'masa pemurnian motivasi calon', 'masa katekumenat', 'masa pengajaran dan pembinaan iman serta latihan hidup dalam jemaat', 'masa persiapan akhir', 'masa khusus untuk mempersiapkan diri menerima sakramen', 'masa mistagogi', 'masa pembinaan lanjutan setelah seseorang menerima sakramen baptis']","['prakatekumenat adalah masa dimana calon baptis mendapatkan masa permunian motivasi calon diakhiri dengan pelantikan menjadi katekumenat', 'katekumenat adalah masa dimana calon baptis mengikuti pembelajaran dan pembinaan iman dan diakhiri dengan pengudusan katekumenat terpilih', 'pengukuhan katekumenat terpilih adalah masa persiapan terakhir yakni masa khusus mempersiapkan diri menerima sakramen sakramen inisiasi dan diakhiri dengan tahap ketiga upcara penerimaan sakramen baptis', 'masa mistagogi adalah masa pembinaan lanjutan setelah seseorang menerima sakramen baptis']","26,67","33,33","8,00",B,4
428,8,"['dalam pembelajaran agama kelas 8 kita mempelajari dan memahami tantang sakramen baptis', 'jelaskanlah tahapan tahapan yang harus dilalui dalam proses baptis dewasa']","['masa prakatekumenat', 'masa pemurnian motivasi calon', 'masa katekumenat', 'masa pengajaran dan pembinaan iman serta latihan hidup dalam jemaat', 'masa persiapan akhir', 'masa khusus untuk mempersiapkan diri menerima sakramen', 'masa mistagogi', 'masa pembinaan lanjutan setelah seseorang menerima sakramen baptis']","['masa pratekumenat masa pemurnian motivasi calon diakhiri dengan pelantikan menjadi katakumet', 'masa katakumenat masa pengajaran dan pembinaan iman dalam jemat diakhiri dengan pengudusan katekumet terpilih', 'masa persiapan terakhir masa khusus persiapan menerima sakramen inisasi diakhiri dengan penerimaan sakramen baptis', 'masa mistagogi masa pembinaan lanjutan setelah menerima sakramen baptis']","33,33","33,33","10,00",A,5
429,8,"['dalam pembelajaran agama kelas 8 kita mempelajari dan memahami tantang sakramen baptis', 'jelaskanlah tahapan tahapan yang harus dilalui dalam proses baptis dewasa']","['masa prakatekumenat', 'masa pemurnian motivasi calon', 'masa katekumenat', 'masa pengajaran dan pembinaan iman serta latihan hidup dalam jemaat', 'masa persiapan akhir', 'masa khusus untuk mempersiapkan diri menerima sakramen', 'masa mistagogi', 'masa pembinaan lanjutan setelah seseorang menerima sakramen baptis']","['proses prakatekumennat adalah pembersihan motivasi calon', 'proses katekumenat adalah masa pengajaran iman serta latihan hidup dalam jemaat', 'proses persiapan terakhir adalah pembinaan terakhir dalam penerimaan sakramen babtis', 'proses mistelogi adalah masa pembelajaran lajutan dalam penerimaan sakramen batis']","30,00","33,33","9,00",A,5
430,8,"['dalam pembelajaran agama kelas 8 kita mempelajari dan memahami tantang sakramen baptis', 'jelaskanlah tahapan tahapan yang harus dilalui dalam proses baptis dewasa']","['masa prakatekumenat', 'masa pemurnian motivasi calon', 'masa katekumenat', 'masa pengajaran dan pembinaan iman serta latihan hidup dalam jemaat', 'masa persiapan akhir', 'masa khusus untuk mempersiapkan diri menerima sakramen', 'masa mistagogi', 'masa pembinaan lanjutan setelah seseorang menerima sakramen baptis']","['masa prakatekumenat adalah diahkiri dengan upacara pertama yaitu pelantikan menjadi katakumenat', 'masa kata kumenat adalah diakhiri dengan upacara tahap kedua yaitu upacara pengukuhan kata kumenat terpilih', 'persiapan terakhir adalah diakhiri dengan upacara tahap ketiga yaitu upacara penerimaan sakramen baptis', 'masa mistagogi adalah masa pembinaan lanjutan setelah menerima sakramen baptis']","30,00","33,33","9,00",A,5
431,8,"['dalam pembelajaran agama kelas 8 kita mempelajari dan memahami tantang sakramen baptis', 'jelaskanlah tahapan tahapan yang harus dilalui dalam proses baptis dewasa']","['masa prakatekumenat', 'masa pemurnian motivasi calon', 'masa katekumenat', 'masa pengajaran dan pembinaan iman serta latihan hidup dalam jemaat', 'masa persiapan akhir', 'masa khusus untuk mempersiapkan diri menerima sakramen', 'masa mistagogi', 'masa pembinaan lanjutan setelah seseorang menerima sakramen baptis']","['masa prakatekumenat', 'masa kutemenat', 'masa upacara perimanan sakramen baptis', 'masa mistagogi']","16,67","33,33","5,00",D,2
432,8,"['dalam pembelajaran agama kelas 8 kita mempelajari dan memahami tantang sakramen baptis', 'jelaskanlah tahapan tahapan yang harus dilalui dalam proses baptis dewasa']","['masa prakatekumenat', 'masa pemurnian motivasi calon', 'masa katekumenat', 'masa pengajaran dan pembinaan iman serta latihan hidup dalam jemaat', 'masa persiapan akhir', 'masa khusus untuk mempersiapkan diri menerima sakramen', 'masa mistagogi', 'masa pembinaan lanjutan setelah seseorang menerima sakramen baptis']","['masa praketekumenal adalah masa permurnian motivasi calon yang diahiri dengan tahap kaltekumen', 'masa katekumenat adalah masa pengajaran iman serta latihan hidup jemaat yang di selesaikan upacara pengukuhan katekumenat yang terpilih', 'masa persiapan terahir adalah masa yang khusus mempersiapkan diri menerima sakramen babtis', 'masa mistagogi adalah masa pengajaran atau pembiaan', 'anjutan setelah menerima sakramen babtis']","33,33","33,33","10,00",A,5
433,8,"['dalam pembelajaran agama kelas 8 kita mempelajari dan memahami tantang sakramen baptis', 'jelaskanlah tahapan tahapan yang harus dilalui dalam proses baptis dewasa']","['masa prakatekumenat', 'masa pemurnian motivasi calon', 'masa katekumenat', 'masa pengajaran dan pembinaan iman serta latihan hidup dalam jemaat', 'masa persiapan akhir', 'masa khusus untuk mempersiapkan diri menerima sakramen', 'masa mistagogi', 'masa pembinaan lanjutan setelah seseorang menerima sakramen baptis']","['mengikuti pelajaran katolik', 'rajin mengikuti sakramen ekaristi', 'mengikuti pelantikan']","13,33","33,33","4,00",E,1
434,8,"['dalam pembelajaran agama kelas 8 kita mempelajari dan memahami tantang sakramen baptis', 'jelaskanlah tahapan tahapan yang harus dilalui dalam proses baptis dewasa']","['masa prakatekumenat', 'masa pemurnian motivasi calon', 'masa katekumenat', 'masa pengajaran dan pembinaan iman serta latihan hidup dalam jemaat', 'masa persiapan akhir', 'masa khusus untuk mempersiapkan diri menerima sakramen', 'masa mistagogi', 'masa pembinaan lanjutan setelah seseorang menerima sakramen baptis']",['melakukan pertobatan dan lalu di babtis'],"10,00","33,33","3,00",E,1
435,8,"['dalam pembelajaran agama kelas 8 kita mempelajari dan memahami tantang sakramen baptis', 'jelaskanlah tahapan tahapan yang harus dilalui dalam proses baptis dewasa']","['masa prakatekumenat', 'masa pemurnian motivasi calon', 'masa katekumenat', 'masa pengajaran dan pembinaan iman serta latihan hidup dalam jemaat', 'masa persiapan akhir', 'masa khusus untuk mempersiapkan diri menerima sakramen', 'masa mistagogi', 'masa pembinaan lanjutan setelah seseorang menerima sakramen baptis']","['tahap pertama adalah pratekumenat masa permurnian bagi calon baptis', 'tahap kedua adalah katekumenat pembinaan bagi calon baptis dewasa', 'tahap terakhir adalah upacara penerimaan baptis dewasa', 'mistagogi adalah ibadah bagi sang penerimaan baptis dewasa']","30,00","33,33","9,00",A,5
436,8,"['dalam pembelajaran agama kelas 8 kita mempelajari dan memahami tantang sakramen baptis', 'jelaskanlah tahapan tahapan yang harus dilalui dalam proses baptis dewasa']","['masa prakatekumenat', 'masa pemurnian motivasi calon', 'masa katekumenat', 'masa pengajaran dan pembinaan iman serta latihan hidup dalam jemaat', 'masa persiapan akhir', 'masa khusus untuk mempersiapkan diri menerima sakramen', 'masa mistagogi', 'masa pembinaan lanjutan setelah seseorang menerima sakramen baptis']","['harus siap dan mau dari diri sendiri tidak boleh paksaan', 'harus dalam keadaan berserah diri kepada tuhan']","10,00","33,33","3,00",E,1
437,8,"['dalam pembelajaran agama kelas 8 kita mempelajari dan memahami tantang sakramen baptis', 'jelaskanlah tahapan tahapan yang harus dilalui dalam proses baptis dewasa']","['masa prakatekumenat', 'masa pemurnian motivasi calon', 'masa katekumenat', 'masa pengajaran dan pembinaan iman serta latihan hidup dalam jemaat', 'masa persiapan akhir', 'masa khusus untuk mempersiapkan diri menerima sakramen', 'masa mistagogi', 'masa pembinaan lanjutan setelah seseorang menerima sakramen baptis']","['masa prakatemunat dengan upacara tahap kesatu yaitu pelantikan menjadi katekumen', 'masa katekumenat dengan upacara tahap kedua yaitu upacara pengukuhan katekumenat terpilih', 'masa persiapan terakhir diakhiri dengan upacara tahap ketiga yaitu upacara penerimaan sakramen baptis', 'masa mistagogi yaitu masa pembinaan lanjutan setelah seseorang menerima sakramen baptis']","33,33","33,33","10,00",A,5
438,8,"['dalam pembelajaran agama kelas 8 kita mempelajari dan memahami tantang sakramen baptis', 'jelaskanlah tahapan tahapan yang harus dilalui dalam proses baptis dewasa']","['masa prakatekumenat', 'masa pemurnian motivasi calon', 'masa katekumenat', 'masa pengajaran dan pembinaan iman serta latihan hidup dalam jemaat', 'masa persiapan akhir', 'masa khusus untuk mempersiapkan diri menerima sakramen', 'masa mistagogi', 'masa pembinaan lanjutan setelah seseorang menerima sakramen baptis']","['tahapan tahapan yang harus dilalui dalam proses baptis dewasa adalah adalah', 'masa prakatekumenat adalah diakhiri dengan upacara tahap pertama lebih besar dari pelantikan menjadi katekumen', 'maka katekumenat adalah diakhiri dengan upacara tahap ke dua lebih besar dari pengukuhan katekumenat terpilih', 'masa persiapan akhir adalah diakhiri dengan upacara tahap ketiga lebih besar dari upacara penerimaan sakramen baptis', 'masa mistagogi adalah masa pembinaan lanjutan bagi seseorang yang telah menerima sakramen baptis']","33,33","33,33","10,00",A,5
439,8,"['dalam pembelajaran agama kelas 8 kita mempelajari dan memahami tantang sakramen baptis', 'jelaskanlah tahapan tahapan yang harus dilalui dalam proses baptis dewasa']","['masa prakatekumenat', 'masa pemurnian motivasi calon', 'masa katekumenat', 'masa pengajaran dan pembinaan iman serta latihan hidup dalam jemaat', 'masa persiapan akhir', 'masa khusus untuk mempersiapkan diri menerima sakramen', 'masa mistagogi', 'masa pembinaan lanjutan setelah seseorang menerima sakramen baptis']","['masa katakumenat', 'masa pertobatan', 'masa pemilihan', 'masa pelantikan']","13,33","33,33","4,00",E,1
440,8,"['dalam pembelajaran agama kelas 8 kita mempelajari dan memahami tantang sakramen baptis', 'jelaskanlah tahapan tahapan yang harus dilalui dalam proses baptis dewasa']","['masa prakatekumenat', 'masa pemurnian motivasi calon', 'masa katekumenat', 'masa pengajaran dan pembinaan iman serta latihan hidup dalam jemaat', 'masa persiapan akhir', 'masa khusus untuk mempersiapkan diri menerima sakramen', 'masa mistagogi', 'masa pembinaan lanjutan setelah seseorang menerima sakramen baptis']","['masa pratekumenat adalah tahapan awal bagi calon dalam memurnikan niat', 'masa katekumenat adalah masa pengajaran intensif tentang iman', 'masa persiapan akhir adalah persiapan khusus sebelum menerima sakramen', 'masa mistagogi adalah pembinaan lanjutan setelah menerima sakramen baptis']",20,"33,33","6,00",C,3
441,8,"['dalam pembelajaran agama kelas 8 kita mempelajari dan memahami tantang sakramen baptis', 'jelaskanlah tahapan tahapan yang harus dilalui dalam proses baptis dewasa']","['masa prakatekumenat', 'masa pemurnian motivasi calon', 'masa katekumenat', 'masa pengajaran dan pembinaan iman serta latihan hidup dalam jemaat', 'masa persiapan akhir', 'masa khusus untuk mempersiapkan diri menerima sakramen', 'masa mistagogi', 'masa pembinaan lanjutan setelah seseorang menerima sakramen baptis']","['masa pemurnian calon adalah langkah awal mempersiapkan calon', 'masa katekumenat adalah proses belajar dan pembinaan iman', 'masa persiapan terakhir adalah menyiapkan diri untuk menerima sakramen', 'masa mistagogi adalah pembinaan lanjutan setelah menerima sakramen']",20,"33,33","6,00",C,3
442,8,"['dalam pembelajaran agama kelas 8 kita mempelajari dan memahami tantang sakramen baptis', 'jelaskanlah tahapan tahapan yang harus dilalui dalam proses baptis dewasa']","['masa prakatekumenat', 'masa pemurnian motivasi calon', 'masa katekumenat', 'masa pengajaran dan pembinaan iman serta latihan hidup dalam jemaat', 'masa persiapan akhir', 'masa khusus untuk mempersiapkan diri menerima sakramen', 'masa mistagogi', 'masa pembinaan lanjutan setelah seseorang menerima sakramen baptis']","['masa pratekumenat adalah tahapan pertama bagi calon untuk memurnikan motivasi', 'masa katekumenat adalah pengajaran dan latihan hidup dalam iman', 'masa akhir adalah pembinaan setelah menerima sakramen baptis', 'masa mistagogi adalah pembinaan iman setelah upacara sakramen']",20,"33,33","6,00",C,3
443,8,"['dalam pembelajaran agama kelas 8 kita mempelajari dan memahami tantang sakramen baptis', 'jelaskanlah tahapan tahapan yang harus dilalui dalam proses baptis dewasa']","['masa prakatekumenat', 'masa pemurnian motivasi calon', 'masa katekumenat', 'masa pengajaran dan pembinaan iman serta latihan hidup dalam jemaat', 'masa persiapan akhir', 'masa khusus untuk mempersiapkan diri menerima sakramen', 'masa mistagogi', 'masa pembinaan lanjutan setelah seseorang menerima sakramen baptis']","['masa pratekumenat adalah tahap awal pengenalan dan pemurnian', 'masa katekumenat adalah pembelajaran tentang iman dan kehidupan gereja', 'masa persiapan terakhir adalah fokus pada persiapan menerima sakramen', 'masa mistagogi adalah pendalaman iman setelah penerimaan sakramen']",20,"33,33","6,00",C,3
444,8,"['dalam pembelajaran agama kelas 8 kita mempelajari dan memahami tantang sakramen baptis', 'jelaskanlah tahapan tahapan yang harus dilalui dalam proses baptis dewasa']","['masa prakatekumenat', 'masa pemurnian motivasi calon', 'masa katekumenat', 'masa pengajaran dan pembinaan iman serta latihan hidup dalam jemaat', 'masa persiapan akhir', 'masa khusus untuk mempersiapkan diri menerima sakramen', 'masa mistagogi', 'masa pembinaan lanjutan setelah seseorang menerima sakramen baptis']","['masa pratekumenat adalah memulai perjalanan iman dengan persiapan motivasi', 'masa katekumenat adalah pembinaan dan pengajaran iman kepada calon', 'masa persiapan akhir adalah tahapan khusus untuk mempersiapkan sakramen', 'masa mistagogi adalah bimbingan setelah penerimaan sakramen baptis']",20,"33,33","6,00",C,3
445,8,"['dalam pembelajaran agama kelas 8 kita mempelajari dan memahami tantang sakramen baptis', 'jelaskanlah tahapan tahapan yang harus dilalui dalam proses baptis dewasa']","['masa prakatekumenat', 'masa pemurnian motivasi calon', 'masa katekumenat', 'masa pengajaran dan pembinaan iman serta latihan hidup dalam jemaat', 'masa persiapan akhir', 'masa khusus untuk mempersiapkan diri menerima sakramen', 'masa mistagogi', 'masa pembinaan lanjutan setelah seseorang menerima sakramen baptis']","['masa pratekumenat adalah tahapan pertama memurnikan niat calon', 'masa katekumenat adalah pengajaran dan latihan iman dalam jemaat', 'masa persiapan akhir adalah fokus pada persiapan sakramen inisiasi', 'masa mistagogi adalah pembinaan lanjutan setelah sakramen baptis']",20,"33,33","6,00",C,3
446,9,"['jelaskan perbedaan populasi ekosistem dan komunitas', 'dan berilah masing masing contohnya']","['populasi adalah kumpulan individu sejenis yang hidup dan berinteraksi di tempat tertentu contohnya sekumpulan kambing di padang rumput', 'komunitas adalah kumpulan berbagai mahkluk hidup yang berinteraksi dan hidup di area tertentu contohnya seluruh organisme yang ada di sawah adalah padi tikus belalang', 'ekosistem adalah interaksi antar mahkluk hidup di suatu wilayah dengan lingkungannya yang saling memengaruhi contohnya ekosistem danau yang terdiri atas organisme dan komponennya']","['populasi adalah populasi adalah tempat yang terdiri banyak makhluk hidup tetapi hanya terdapat 1 spesies saja didalamnya', 'komunitas adalah banyak makhluk hidup yang memiliki berbagai spesies tinggal ditempat tersebut contohnya adalah berbagai spesies burung atau hewan yang bisa terbang hinggap dipohon', 'ekosistem adalah ekosistem adalah tempat berbagai makhluk hidup dan sebuah ekosistem yang tinggal ditempat yang sama']",7,"10,00","7,00",B,4
447,9,"['jelaskan perbedaan populasi ekosistem dan komunitas', 'dan berilah masing masing contohnya']","['populasi adalah kumpulan individu sejenis yang hidup dan berinteraksi di tempat tertentu contohnya sekumpulan kambing di padang rumput', 'komunitas adalah kumpulan berbagai mahkluk hidup yang berinteraksi dan hidup di area tertentu contohnya seluruh organisme yang ada di sawah adalah padi tikus belalang', 'ekosistem adalah interaksi antar mahkluk hidup di suatu wilayah dengan lingkungannya yang saling memengaruhi contohnya ekosistem danau yang terdiri atas organisme dan komponennya']","['populasi adalah sekumpulan atau sekelompok individu dengan spesies yang sama yang hidup di tempat yang sama', 'contoh adalah populasi paus populasi manusia populasi burung', 'community adalah kumpulan dari beberapa populasi spesies yang berbeda', 'contoh adalah komunitas di danau komunitas di sawah', 'ekosistem adalah suatu sistem yang terdiri dari komunitas berbagai spesies yang berbeda yang saling berinteraksi', 'baik itu biotik hidup maupun abiotik tak hidup', 'contoh adalah ekosistem gurun ekosistem kutub ekosistem hutan tropis dan ekosistem padang rumput']",10,"10,00","10,00",A,5
448,9,"['jelaskan perbedaan populasi ekosistem dan komunitas', 'dan berilah masing masing contohnya']","['populasi adalah kumpulan individu sejenis yang hidup dan berinteraksi di tempat tertentu contohnya sekumpulan kambing di padang rumput', 'komunitas adalah kumpulan berbagai mahkluk hidup yang berinteraksi dan hidup di area tertentu contohnya seluruh organisme yang ada di sawah adalah padi tikus belalang', 'ekosistem adalah interaksi antar mahkluk hidup di suatu wilayah dengan lingkungannya yang saling memengaruhi contohnya ekosistem danau yang terdiri atas organisme dan komponennya']","['populasi adalah dimana semua hewan yang sama berada dalam satu kelompok', 'contohnya segerombolanikan kecil yang ada di dalam laut', 'ekosistem adalah dimana hewan yang hanya bisa hidup di 1 ekosistem atau 1 daerah', 'contohnya ikan yang hidup di air jika ikan hidup di darat maka mereka akan mati karena tidak sesuai dengan habitannya', 'komunitas adalah dimana beberapa makhluk hidup saling membutuhkan satu sama lain', 'contohnya ikan membutuhkan makanan dan makanan tersebut bisa ia dapatkan dari air']",7,"10,00","7,00",B,4
449,9,"['jelaskan perbedaan populasi ekosistem dan komunitas', 'dan berilah masing masing contohnya']","['populasi adalah kumpulan individu sejenis yang hidup dan berinteraksi di tempat tertentu contohnya sekumpulan kambing di padang rumput', 'komunitas adalah kumpulan berbagai mahkluk hidup yang berinteraksi dan hidup di area tertentu contohnya seluruh organisme yang ada di sawah adalah padi tikus belalang', 'ekosistem adalah interaksi antar mahkluk hidup di suatu wilayah dengan lingkungannya yang saling memengaruhi contohnya ekosistem danau yang terdiri atas organisme dan komponennya']","['populasi adalah sekumpumpulan makluk hidup yang sejenis seperti gambar di atas yaitu hanyak ada sekumpulan ikan dan gak ada jenis lain lagi kecuali ikan', 'komunitas adalah sekumpulan makluk hidup yang sesama maklu hidup ada di satu pempat seperti gamabr di atas ada sekumpulan ikan bintang laut dan padi', 'ekosistem adalah kumpulan dari makluk hidup dan tak hidup di suatu tempat seperti gambar di atas ada ikan ada bintang laut ada padi ada batu dan juga air']",7,"10,00","7,00",B,4
450,9,"['jelaskan perbedaan populasi ekosistem dan komunitas', 'dan berilah masing masing contohnya']","['populasi adalah kumpulan individu sejenis yang hidup dan berinteraksi di tempat tertentu contohnya sekumpulan kambing di padang rumput', 'komunitas adalah kumpulan berbagai mahkluk hidup yang berinteraksi dan hidup di area tertentu contohnya seluruh organisme yang ada di sawah adalah padi tikus belalang', 'ekosistem adalah interaksi antar mahkluk hidup di suatu wilayah dengan lingkungannya yang saling memengaruhi contohnya ekosistem danau yang terdiri atas organisme dan komponennya']","['populasi', 'adalah suatu interaksi yang hanya melibatkan makhluk hidup yang sejenis pada suatu daerah', 'contohnya adalah sekumpulan kuda dipadang rumput', 'komunitas', 'merupakan interaksi yang melibatkan makhluk hidup dan benda benda didalam suatu daerah', 'contohnya adalah komunitas danau yang didalamnya terdapat rumput laut kerikil kecil ikan dan lain lain', 'ekosistem', 'adalah interaksi antar makhluk hidup yang saling bertergantungan antara makhluk hidup dan lingkungannya', 'contohnya adalah ekosistem sawah tanaman padi bergantung pada tanah dan air tanah yang bergantung pada tanah agar dapat subur ular burung gagak tikus dan hewan sawah lain yang bergantung pada tumbuhan padi agar mendapatkan makanan']",10,"10,00","10,00",A,5
451,9,"['jelaskan perbedaan populasi ekosistem dan komunitas', 'dan berilah masing masing contohnya']","['populasi adalah kumpulan individu sejenis yang hidup dan berinteraksi di tempat tertentu contohnya sekumpulan kambing di padang rumput', 'komunitas adalah kumpulan berbagai mahkluk hidup yang berinteraksi dan hidup di area tertentu contohnya seluruh organisme yang ada di sawah adalah padi tikus belalang', 'ekosistem adalah interaksi antar mahkluk hidup di suatu wilayah dengan lingkungannya yang saling memengaruhi contohnya ekosistem danau yang terdiri atas organisme dan komponennya']","['populasi adalah kumpulan individu sejenis yang hidup dan berinteraksi di tempat tertentu contohnya sekumpulan kambing di padang rumput', 'komunitas adalah kumpulan berbagai mahkluk hidup yang berinteraksi dan hidup di area tertentu contohnya seluruh organisme yang ada di sawah adalah padi tikus belalang', 'ekosistem adalah interaksi antar mahkluk hidup di suatu wilayah dengan lingkungannya yang saling memengaruhi contohnya ekosistem danau yang terdiri atas organisme dan komponennya']",10,"10,00","10,00",A,5
452,9,"['jelaskan perbedaan populasi ekosistem dan komunitas', 'dan berilah masing masing contohnya']","['populasi adalah kumpulan individu sejenis yang hidup dan berinteraksi di tempat tertentu contohnya sekumpulan kambing di padang rumput', 'komunitas adalah kumpulan berbagai mahkluk hidup yang berinteraksi dan hidup di area tertentu contohnya seluruh organisme yang ada di sawah adalah padi tikus belalang', 'ekosistem adalah interaksi antar mahkluk hidup di suatu wilayah dengan lingkungannya yang saling memengaruhi contohnya ekosistem danau yang terdiri atas organisme dan komponennya']","['populasi yaitu peerkumpulan ikan yang sejenis contohnya adalah perkumpulan kucing berwarna oren', 'komunitas yaitu perkumpulan semua jenis hewan yang di laut maupun di darat contohnya adalah perkumpukan kucing yang memiliki berbagai macam jenis', 'ekosistem yaitu seluruh kebutuhan makan bagi setiap hewan contohnya adalah seperti rantai makanan']",7,"10,00","7,00",B,4
453,9,"['jelaskan perbedaan populasi ekosistem dan komunitas', 'dan berilah masing masing contohnya']","['populasi adalah kumpulan individu sejenis yang hidup dan berinteraksi di tempat tertentu contohnya sekumpulan kambing di padang rumput', 'komunitas adalah kumpulan berbagai mahkluk hidup yang berinteraksi dan hidup di area tertentu contohnya seluruh organisme yang ada di sawah adalah padi tikus belalang', 'ekosistem adalah interaksi antar mahkluk hidup di suatu wilayah dengan lingkungannya yang saling memengaruhi contohnya ekosistem danau yang terdiri atas organisme dan komponennya']","['populasi adalah sekumpulan individu sejenis contohnya sekumpulan ikan lele', 'komunitas adalah sekumpulan makhluk hidup yang berbeda jenis contohnya sekumpulan binatang laut', 'ekosistem adalah lingkungan tempat makhluk hidup tidak sejenis dan benda mati berinteraksi contohnya tikus ular dan belalang di sawah']",10,"10,00","10,00",A,5
454,9,"['jelaskan perbedaan populasi ekosistem dan komunitas', 'dan berilah masing masing contohnya']","['populasi adalah kumpulan individu sejenis yang hidup dan berinteraksi di tempat tertentu contohnya sekumpulan kambing di padang rumput', 'komunitas adalah kumpulan berbagai mahkluk hidup yang berinteraksi dan hidup di area tertentu contohnya seluruh organisme yang ada di sawah adalah padi tikus belalang', 'ekosistem adalah interaksi antar mahkluk hidup di suatu wilayah dengan lingkungannya yang saling memengaruhi contohnya ekosistem danau yang terdiri atas organisme dan komponennya']","['populasi adalah kumpulan makhluk sejenis yang tinggal di tempat yang sama', 'komunitas adalah kumpulan populasi yang tinggal di tempat yang sama', 'ekosistem adalah sistem terjadinya interaksi antara makhluk hidup dengan benda mati']",10,"10,00","10,00",A,5
455,9,"['jelaskan perbedaan populasi ekosistem dan komunitas', 'dan berilah masing masing contohnya']","['populasi adalah kumpulan individu sejenis yang hidup dan berinteraksi di tempat tertentu contohnya sekumpulan kambing di padang rumput', 'komunitas adalah kumpulan berbagai mahkluk hidup yang berinteraksi dan hidup di area tertentu contohnya seluruh organisme yang ada di sawah adalah padi tikus belalang', 'ekosistem adalah interaksi antar mahkluk hidup di suatu wilayah dengan lingkungannya yang saling memengaruhi contohnya ekosistem danau yang terdiri atas organisme dan komponennya']","['populasi adalah kumpulan dari kehidupan hewan tersebut', 'komunitas adalah perkumpulan populasi', 'ekosistem adalah interaksi antara benda mati dan mahluk hidup ada benda hidup']",6,"10,00","6,00",C,3
456,9,"['jelaskan perbedaan populasi ekosistem dan komunitas', 'dan berilah masing masing contohnya']","['populasi adalah kumpulan individu sejenis yang hidup dan berinteraksi di tempat tertentu contohnya sekumpulan kambing di padang rumput', 'komunitas adalah kumpulan berbagai mahkluk hidup yang berinteraksi dan hidup di area tertentu contohnya seluruh organisme yang ada di sawah adalah padi tikus belalang', 'ekosistem adalah interaksi antar mahkluk hidup di suatu wilayah dengan lingkungannya yang saling memengaruhi contohnya ekosistem danau yang terdiri atas organisme dan komponennya']","['populasi adalah kumpulan spesies yang sama', 'komunitas adalah kumpulan dari beberapa populasi yang berbeda', 'ekosistem adalah kumpulan organisme organisme biotik dan abiotik saling bergantung satu sama lain', 'contoh adalah', 'populasi adalah kumpulan sapi', 'komunitas adalah ikan dan bintang laut di laut', 'ekosistem adalah di laut terdapat ikan terumbu karang batu batuan air']",10,"10,00","10,00",A,5
457,9,"['jelaskan perbedaan populasi ekosistem dan komunitas', 'dan berilah masing masing contohnya']","['populasi adalah kumpulan individu sejenis yang hidup dan berinteraksi di tempat tertentu contohnya sekumpulan kambing di padang rumput', 'komunitas adalah kumpulan berbagai mahkluk hidup yang berinteraksi dan hidup di area tertentu contohnya seluruh organisme yang ada di sawah adalah padi tikus belalang', 'ekosistem adalah interaksi antar mahkluk hidup di suatu wilayah dengan lingkungannya yang saling memengaruhi contohnya ekosistem danau yang terdiri atas organisme dan komponennya']","['populasi adalah lingkungan hidup yang hanya terdiri dari makhluk hidup sejenis', 'populasi burung dan populasi ikan', 'komunitas adalah lingkungan hidup yang terdiri dari berbagai jenis makluk hidup', 'komunitas makhluk hidup dilautan', 'ekosistem adalah hubungan intersaksi antara makluk hidup yang berada didalamnya dari lingkungan abiotik maupun biotik ekosistem laut dan ekosistem hutan']",10,"10,00","10,00",A,5
458,9,"['jelaskan perbedaan populasi ekosistem dan komunitas', 'dan berilah masing masing contohnya']","['populasi adalah kumpulan individu sejenis yang hidup dan berinteraksi di tempat tertentu contohnya sekumpulan kambing di padang rumput', 'komunitas adalah kumpulan berbagai mahkluk hidup yang berinteraksi dan hidup di area tertentu contohnya seluruh organisme yang ada di sawah adalah padi tikus belalang', 'ekosistem adalah interaksi antar mahkluk hidup di suatu wilayah dengan lingkungannya yang saling memengaruhi contohnya ekosistem danau yang terdiri atas organisme dan komponennya']","['populasi adalah', 'populasi merupakan kumpulan makhluk hidup yang sejenis', 'contoh kumpulan harimau', 'komunitas adalah', 'komunitas adalah kumpulan dari seluruh makhluk hidup pada tempat tertentu', 'contoh kumpulan harimau ikan burung tanaman jamur protista dan makhluk hidup lain lainnya', 'ekosistem adalah', 'ekosistem merupakan interaksi antar makhluk hidup dengan lingkungannya', 'contoh sebuah hutan yang terdapat bermacam macam komponen biotik dan abiotik di dalamnya']",10,"10,00","10,00",A,5
459,9,"['jelaskan perbedaan populasi ekosistem dan komunitas', 'dan berilah masing masing contohnya']","['populasi adalah kumpulan individu sejenis yang hidup dan berinteraksi di tempat tertentu contohnya sekumpulan kambing di padang rumput', 'komunitas adalah kumpulan berbagai mahkluk hidup yang berinteraksi dan hidup di area tertentu contohnya seluruh organisme yang ada di sawah adalah padi tikus belalang', 'ekosistem adalah interaksi antar mahkluk hidup di suatu wilayah dengan lingkungannya yang saling memengaruhi contohnya ekosistem danau yang terdiri atas organisme dan komponennya']","['populasi adalah sekumpulan individu sama jenis berkumpul', 'komunitas adalah sekumpulan hewan berbeda jenis berkumpul', 'ekosistem adalah kumpulan biotik dan abiotik berkumpul di satu tempat']",10,"10,00","10,00",A,5
460,9,"['jelaskan perbedaan populasi ekosistem dan komunitas', 'dan berilah masing masing contohnya']","['populasi adalah kumpulan individu sejenis yang hidup dan berinteraksi di tempat tertentu contohnya sekumpulan kambing di padang rumput', 'komunitas adalah kumpulan berbagai mahkluk hidup yang berinteraksi dan hidup di area tertentu contohnya seluruh organisme yang ada di sawah adalah padi tikus belalang', 'ekosistem adalah interaksi antar mahkluk hidup di suatu wilayah dengan lingkungannya yang saling memengaruhi contohnya ekosistem danau yang terdiri atas organisme dan komponennya']","['ecosystem adalah suatu sisten ekologi yang berbentuk oleh hubungan timbal balik tak terpisahkan antara makhluk hidup dan lingkunganya', 'population adalah memiliki ciri ciri yang sama', 'community adalah hidup sendirian']",3,"10,00","3,00",E,1
461,9,"['jelaskan perbedaan populasi ekosistem dan komunitas', 'dan berilah masing masing contohnya']","['populasi adalah kumpulan individu sejenis yang hidup dan berinteraksi di tempat tertentu contohnya sekumpulan kambing di padang rumput', 'komunitas adalah kumpulan berbagai mahkluk hidup yang berinteraksi dan hidup di area tertentu contohnya seluruh organisme yang ada di sawah adalah padi tikus belalang', 'ekosistem adalah interaksi antar mahkluk hidup di suatu wilayah dengan lingkungannya yang saling memengaruhi contohnya ekosistem danau yang terdiri atas organisme dan komponennya']","['populasi adalah terdiri antara banyak mahkluk hidup di satu spesies sekumpulan kera', 'komunitas adalah terdiri antara banyak mahkluk hidup di berbagai spesies sekumpulan kera di atas pepohonan', 'ekosistem adalah terdiri antara berbagai spesies di suatu lingkungan sekumpulan mahkluk hidup di sebuah danau']",10,"10,00","10,00",A,5
462,9,"['jelaskan perbedaan populasi ekosistem dan komunitas', 'dan berilah masing masing contohnya']","['populasi adalah kumpulan individu sejenis yang hidup dan berinteraksi di tempat tertentu contohnya sekumpulan kambing di padang rumput', 'komunitas adalah kumpulan berbagai mahkluk hidup yang berinteraksi dan hidup di area tertentu contohnya seluruh organisme yang ada di sawah adalah padi tikus belalang', 'ekosistem adalah interaksi antar mahkluk hidup di suatu wilayah dengan lingkungannya yang saling memengaruhi contohnya ekosistem danau yang terdiri atas organisme dan komponennya']","['populasi adalah kelompok ikan yang tak ada kehidupan yang lain', 'komunitas adalah kaya populasi tapi ada kehidupan', 'ekosistem adalah ikan ada yang terlalu banyak dan ada banyak kehidupannya']",4,"10,00","4,00",D,2
463,9,"['jelaskan perbedaan populasi ekosistem dan komunitas', 'dan berilah masing masing contohnya']","['populasi adalah kumpulan individu sejenis yang hidup dan berinteraksi di tempat tertentu contohnya sekumpulan kambing di padang rumput', 'komunitas adalah kumpulan berbagai mahkluk hidup yang berinteraksi dan hidup di area tertentu contohnya seluruh organisme yang ada di sawah adalah padi tikus belalang', 'ekosistem adalah interaksi antar mahkluk hidup di suatu wilayah dengan lingkungannya yang saling memengaruhi contohnya ekosistem danau yang terdiri atas organisme dan komponennya']","['populasi adalah kumpulan makhluk hidup sejenis di suatu daerah', 'komunitas adalah kumpulan berbagai makhluk hidup berbeda jenis dalam suatu tempat', 'ekosistem adalah kumpulan berbagai jenis makhluk hidup dan tak hidup dalam suatu tempat dan saling melengkapi']",10,"10,00","10,00",A,5
464,9,"['jelaskan perbedaan populasi ekosistem dan komunitas', 'dan berilah masing masing contohnya']","['populasi adalah kumpulan individu sejenis yang hidup dan berinteraksi di tempat tertentu contohnya sekumpulan kambing di padang rumput', 'komunitas adalah kumpulan berbagai mahkluk hidup yang berinteraksi dan hidup di area tertentu contohnya seluruh organisme yang ada di sawah adalah padi tikus belalang', 'ekosistem adalah interaksi antar mahkluk hidup di suatu wilayah dengan lingkungannya yang saling memengaruhi contohnya ekosistem danau yang terdiri atas organisme dan komponennya']","['jadi populasi tidak ada tumbuhan jadi gampnag mati kalau ada udara tumbuhan', 'ekosistem untuk menampilkan tumbuhan tambahan bintang lebih bagus', 'komunitas lebih tambah menarik di kasih pupuk dan tumbuhan']",1,"10,00","1,00",E,1
465,9,"['jelaskan perbedaan populasi ekosistem dan komunitas', 'dan berilah masing masing contohnya']","['populasi adalah kumpulan individu sejenis yang hidup dan berinteraksi di tempat tertentu contohnya sekumpulan kambing di padang rumput', 'komunitas adalah kumpulan berbagai mahkluk hidup yang berinteraksi dan hidup di area tertentu contohnya seluruh organisme yang ada di sawah adalah padi tikus belalang', 'ekosistem adalah interaksi antar mahkluk hidup di suatu wilayah dengan lingkungannya yang saling memengaruhi contohnya ekosistem danau yang terdiri atas organisme dan komponennya']","['populasi adalah sekumpulan individu sejenis yang hidup berkumpulan', 'komunitas adalah sekumpulan individu yang bisa jadi satu jenis atau berbeda beda jenis yang hidup berkumpulan', 'ekosistem adalah sekumpulan individu dan atau atau kelompok yang hidup di sebuah lingkungan alam dan serinng berinteraksi dengan lingkungan tersebut']",10,"10,00","10,00",A,5
466,9,"['jelaskan perbedaan populasi ekosistem dan komunitas', 'dan berilah masing masing contohnya']","['populasi adalah kumpulan individu sejenis yang hidup dan berinteraksi di tempat tertentu contohnya sekumpulan kambing di padang rumput', 'komunitas adalah kumpulan berbagai mahkluk hidup yang berinteraksi dan hidup di area tertentu contohnya seluruh organisme yang ada di sawah adalah padi tikus belalang', 'ekosistem adalah interaksi antar mahkluk hidup di suatu wilayah dengan lingkungannya yang saling memengaruhi contohnya ekosistem danau yang terdiri atas organisme dan komponennya']","['populasi adalah jumlah makhluk hidup dalam wilayah tertentu', 'komunitas adalah interaksi dari kumpulan makhluk hidup dalam wilayah tertentu', 'ekosistem adalah hubungan timbal balik antara makhluk hidup dan lingkungan sekitarnya yang tidak dapat dipisahkan']",10,"10,00","10,00",A,5
467,9,"['jelaskan perbedaan populasi ekosistem dan komunitas', 'dan berilah masing masing contohnya']","['populasi adalah kumpulan individu sejenis yang hidup dan berinteraksi di tempat tertentu contohnya sekumpulan kambing di padang rumput', 'komunitas adalah kumpulan berbagai mahkluk hidup yang berinteraksi dan hidup di area tertentu contohnya seluruh organisme yang ada di sawah adalah padi tikus belalang', 'ekosistem adalah interaksi antar mahkluk hidup di suatu wilayah dengan lingkungannya yang saling memengaruhi contohnya ekosistem danau yang terdiri atas organisme dan komponennya']","['populasi atau population adalah sekumpulan makhluk hidup yang sejenis contohnya sekumpulan kelinci atau sekumpulan ikan hias', 'komunitas atau community adalah sekumpulan makhluk hidup yang hidup berdampingan dengan makhluk hidup jenis lainnya misalnya ikan di akuarium yang terdapat tanaman air di dalamnya', 'ekosistem atau ecosystem adalah sekumpulan makhluk hidup dan tak hidup yang hidup berdampingan dan saling ketergantungan misalnya ekosistem di hutan dan laut']",10,"10,00","10,00",A,5
468,9,"['jelaskan perbedaan populasi ekosistem dan komunitas', 'dan berilah masing masing contohnya']","['populasi adalah kumpulan individu sejenis yang hidup dan berinteraksi di tempat tertentu contohnya sekumpulan kambing di padang rumput', 'komunitas adalah kumpulan berbagai mahkluk hidup yang berinteraksi dan hidup di area tertentu contohnya seluruh organisme yang ada di sawah adalah padi tikus belalang', 'ekosistem adalah interaksi antar mahkluk hidup di suatu wilayah dengan lingkungannya yang saling memengaruhi contohnya ekosistem danau yang terdiri atas organisme dan komponennya']",['ekosistem adalah tumbuhan'],1,"10,00","1,00",E,1
469,9,"['jelaskan perbedaan populasi ekosistem dan komunitas', 'dan berilah masing masing contohnya']","['populasi adalah kumpulan individu sejenis yang hidup dan berinteraksi di tempat tertentu contohnya sekumpulan kambing di padang rumput', 'komunitas adalah kumpulan berbagai mahkluk hidup yang berinteraksi dan hidup di area tertentu contohnya seluruh organisme yang ada di sawah adalah padi tikus belalang', 'ekosistem adalah interaksi antar mahkluk hidup di suatu wilayah dengan lingkungannya yang saling memengaruhi contohnya ekosistem danau yang terdiri atas organisme dan komponennya']","['populasi adalah adalah perkumpulan hewan sejenis antar yang lian tetapi merka hanya berinteraksi dan tidak membentuk komintas', 'comunitas adalah kumpulan mahluk hidup yang berinteraksi dan hidup secara individu', 'ekositem adalah adalah kehidupaan yang memnuhi semua kebutuhan mahluk hidup']",10,"10,00","10,00",A,5
470,9,"['jelaskan perbedaan populasi ekosistem dan komunitas', 'dan berilah masing masing contohnya']","['populasi adalah kumpulan individu sejenis yang hidup dan berinteraksi di tempat tertentu contohnya sekumpulan kambing di padang rumput', 'komunitas adalah kumpulan berbagai mahkluk hidup yang berinteraksi dan hidup di area tertentu contohnya seluruh organisme yang ada di sawah adalah padi tikus belalang', 'ekosistem adalah interaksi antar mahkluk hidup di suatu wilayah dengan lingkungannya yang saling memengaruhi contohnya ekosistem danau yang terdiri atas organisme dan komponennya']","['populasi adalah terdiri dari banyak makhluk hidup satu spesies contoh adalah sekumpulan babi', 'community adalah banyak makhluk hidup berbagai spesies atau hewan contoh burung di perpohonan', 'ecosystem adalah tempat berbagai makhluk hidup dan berbagai ecosystem hidup contoh hewan2 di danau dekat pepohonan']",10,"10,00","10,00",A,5
471,9,"['jelaskan perbedaan populasi ekosistem dan komunitas', 'dan berilah masing masing contohnya']","['populasi adalah kumpulan individu sejenis yang hidup dan berinteraksi di tempat tertentu contohnya sekumpulan kambing di padang rumput', 'komunitas adalah kumpulan berbagai mahkluk hidup yang berinteraksi dan hidup di area tertentu contohnya seluruh organisme yang ada di sawah adalah padi tikus belalang', 'ekosistem adalah interaksi antar mahkluk hidup di suatu wilayah dengan lingkungannya yang saling memengaruhi contohnya ekosistem danau yang terdiri atas organisme dan komponennya']","['populasi adalah kumpulan individu yang sejenis contoh adalah ikan', 'comunitas adalah kumpulan kelompok atau individu yang berbeda jenis seperti di laut', 'ekosistem adalah tempat hewan tinggal']",10,"10,00","10,00",A,5
472,9,"['jelaskan perbedaan populasi ekosistem dan komunitas', 'dan berilah masing masing contohnya']","['populasi adalah kumpulan individu sejenis yang hidup dan berinteraksi di tempat tertentu contohnya sekumpulan kambing di padang rumput', 'komunitas adalah kumpulan berbagai mahkluk hidup yang berinteraksi dan hidup di area tertentu contohnya seluruh organisme yang ada di sawah adalah padi tikus belalang', 'ekosistem adalah interaksi antar mahkluk hidup di suatu wilayah dengan lingkungannya yang saling memengaruhi contohnya ekosistem danau yang terdiri atas organisme dan komponennya']","['kelompok hewan yang di isi dengan 1 spesies', 'kelompok hewan yang di isi dengan berbagai macam spesies hewan', 'tempat tinggal hewan']",9,"10,00","9,00",A,5
473,9,"['jelaskan perbedaan populasi ekosistem dan komunitas', 'dan berilah masing masing contohnya']","['populasi adalah kumpulan individu sejenis yang hidup dan berinteraksi di tempat tertentu contohnya sekumpulan kambing di padang rumput', 'komunitas adalah kumpulan berbagai mahkluk hidup yang berinteraksi dan hidup di area tertentu contohnya seluruh organisme yang ada di sawah adalah padi tikus belalang', 'ekosistem adalah interaksi antar mahkluk hidup di suatu wilayah dengan lingkungannya yang saling memengaruhi contohnya ekosistem danau yang terdiri atas organisme dan komponennya']","['kumpulan hewan yang sejenis', 'kumpulan hewan yang yng tidak sejenis', 'kumpulan hewan yang saling hidup berdampingan smile']",10,"10,00","10,00",A,5
474,9,"['jelaskan perbedaan populasi ekosistem dan komunitas', 'dan berilah masing masing contohnya']","['populasi adalah kumpulan individu sejenis yang hidup dan berinteraksi di tempat tertentu contohnya sekumpulan kambing di padang rumput', 'komunitas adalah kumpulan berbagai mahkluk hidup yang berinteraksi dan hidup di area tertentu contohnya seluruh organisme yang ada di sawah adalah padi tikus belalang', 'ekosistem adalah interaksi antar mahkluk hidup di suatu wilayah dengan lingkungannya yang saling memengaruhi contohnya ekosistem danau yang terdiri atas organisme dan komponennya']","['kalo populasi hanya hewan', 'communitiy terdapat tumbuhan', 'ecosystem terdapan tambahan air']",3,"10,00","3,00",E,1
475,9,"['jelaskan perbedaan populasi ekosistem dan komunitas', 'dan berilah masing masing contohnya']","['populasi adalah kumpulan individu sejenis yang hidup dan berinteraksi di tempat tertentu contohnya sekumpulan kambing di padang rumput', 'komunitas adalah kumpulan berbagai mahkluk hidup yang berinteraksi dan hidup di area tertentu contohnya seluruh organisme yang ada di sawah adalah padi tikus belalang', 'ekosistem adalah interaksi antar mahkluk hidup di suatu wilayah dengan lingkungannya yang saling memengaruhi contohnya ekosistem danau yang terdiri atas organisme dan komponennya']","['populasi adalah kumpulan orang atau hewan tanpa apa apa tidak ada apapun kecuali hanya sekumpulan hewan atau manusia', 'community adalah kumpulan orang atau manusia dan beberapa makhluk hidup lainnya seperti tanah atau rumput', 'ecosytem adalah kumpulan manusia atau hewan dan semuanya lengkap tidak kurang ada semua makhluk hidup']",5,"10,00","5,00",D,2
476,9,"['jelaskan perbedaan populasi ekosistem dan komunitas', 'dan berilah masing masing contohnya']","['populasi adalah kumpulan individu sejenis yang hidup dan berinteraksi di tempat tertentu contohnya sekumpulan kambing di padang rumput', 'komunitas adalah kumpulan berbagai mahkluk hidup yang berinteraksi dan hidup di area tertentu contohnya seluruh organisme yang ada di sawah adalah padi tikus belalang', 'ekosistem adalah interaksi antar mahkluk hidup di suatu wilayah dengan lingkungannya yang saling memengaruhi contohnya ekosistem danau yang terdiri atas organisme dan komponennya']","['populasi adalah sekumpulan hewan dengan satu jenis yang sama', 'contoh adalah sekumpulan macan', 'community atau komunitas adalah kumpulan hewan dengan berbeda jenis yang tinggal pada habitat yang sama', 'contoh adalah kumpulan jenis ikan di akuarium', 'ecosystem adalah lingkungan tempat berbagai mahkluk hidup tinggal', 'contoh adalah singa monyet ular tupai pohon tumbuhan dll yang tinggal di dalam satu hutan']",10,"10,00","10,00",A,5
477,9,"['jelaskan perbedaan populasi ekosistem dan komunitas', 'dan berilah masing masing contohnya']","['populasi adalah kumpulan individu sejenis yang hidup dan berinteraksi di tempat tertentu contohnya sekumpulan kambing di padang rumput', 'komunitas adalah kumpulan berbagai mahkluk hidup yang berinteraksi dan hidup di area tertentu contohnya seluruh organisme yang ada di sawah adalah padi tikus belalang', 'ekosistem adalah interaksi antar mahkluk hidup di suatu wilayah dengan lingkungannya yang saling memengaruhi contohnya ekosistem danau yang terdiri atas organisme dan komponennya']","['popuation tempat yang hanya berisi ikan ikan', 'community sudah ada tumbuhan dan kerang kerang', 'ecosytem sudah ada bebatuan dan tumbuhan kerang kerang']",1,"10,00","1,00",E,1
478,9,"['jelaskan perbedaan populasi ekosistem dan komunitas', 'dan berilah masing masing contohnya']","['populasi adalah kumpulan individu sejenis yang hidup dan berinteraksi di tempat tertentu contohnya sekumpulan kambing di padang rumput', 'komunitas adalah kumpulan berbagai mahkluk hidup yang berinteraksi dan hidup di area tertentu contohnya seluruh organisme yang ada di sawah adalah padi tikus belalang', 'ekosistem adalah interaksi antar mahkluk hidup di suatu wilayah dengan lingkungannya yang saling memengaruhi contohnya ekosistem danau yang terdiri atas organisme dan komponennya']","['population adalah populasinya jelek karena tidak ada tanaman ekosistem nya kurang bagus komunitas nya kurang baik', 'community adalah populasi nya baik karena ada tanaman dan bintang laut ekosistem nya baik komunitas cukup baik', 'ecosystem adalah populasi nya sangat baik karena di dalam nya sanagt hidup seperti adam nya ekosistem nya sanagt baik karena seperti makhluk hidup nya baik dan sehat komunitas nya sanagt baik apalagi ada air ny jadi seperti hidup']",1,"10,00","1,00",E,1
479,9,"['jelaskan perbedaan populasi ekosistem dan komunitas', 'dan berilah masing masing contohnya']","['populasi adalah kumpulan individu sejenis yang hidup dan berinteraksi di tempat tertentu contohnya sekumpulan kambing di padang rumput', 'komunitas adalah kumpulan berbagai mahkluk hidup yang berinteraksi dan hidup di area tertentu contohnya seluruh organisme yang ada di sawah adalah padi tikus belalang', 'ekosistem adalah interaksi antar mahkluk hidup di suatu wilayah dengan lingkungannya yang saling memengaruhi contohnya ekosistem danau yang terdiri atas organisme dan komponennya']","['populasi adalah kumpulan individu makhluk hidup yang sejenis yang berinteraksi pada suatu tempat tertentu', 'komunitas adalah kumpulan berbagai makhluk hidup yang berinteraksi dan hidup di area tertentu', 'ekosistem adalah interaksi antara makhluk hidup disuatu wilayah dengan lingkungannya yang saling memengaruhi']",10,"10,00","10,00",A,5
480,9,"['jelaskan perbedaan populasi ekosistem dan komunitas', 'dan berilah masing masing contohnya']","['populasi adalah kumpulan individu sejenis yang hidup dan berinteraksi di tempat tertentu contohnya sekumpulan kambing di padang rumput', 'komunitas adalah kumpulan berbagai mahkluk hidup yang berinteraksi dan hidup di area tertentu contohnya seluruh organisme yang ada di sawah adalah padi tikus belalang', 'ekosistem adalah interaksi antar mahkluk hidup di suatu wilayah dengan lingkungannya yang saling memengaruhi contohnya ekosistem danau yang terdiri atas organisme dan komponennya']","['populasi adalah kumpulan makhluk yang sejesis', 'komuikasi adalah kumpulan berbagai makhluk hidup ditempat', 'ekosistem adalah ekosistem adalah tempat sebagai tempat tingaal makhluk hidup']",10,"10,00","10,00",A,5
481,9,"['jelaskan perbedaan populasi ekosistem dan komunitas', 'dan berilah masing masing contohnya']","['populasi adalah kumpulan individu sejenis yang hidup dan berinteraksi di tempat tertentu contohnya sekumpulan kambing di padang rumput', 'komunitas adalah kumpulan berbagai mahkluk hidup yang berinteraksi dan hidup di area tertentu contohnya seluruh organisme yang ada di sawah adalah padi tikus belalang', 'ekosistem adalah interaksi antar mahkluk hidup di suatu wilayah dengan lingkungannya yang saling memengaruhi contohnya ekosistem danau yang terdiri atas organisme dan komponennya']","['populasi adalah perkumpulan mahkluk hidup yang sejenis', 'komuniti adalah perkumpulan semua mahkluk hidup', 'ekosistem adsalah perkumpulan mahkluk hidup dan benda mati']",10,"10,00","10,00",A,5
482,9,"['jelaskan perbedaan populasi ekosistem dan komunitas', 'dan berilah masing masing contohnya']","['populasi adalah kumpulan individu sejenis yang hidup dan berinteraksi di tempat tertentu contohnya sekumpulan kambing di padang rumput', 'komunitas adalah kumpulan berbagai mahkluk hidup yang berinteraksi dan hidup di area tertentu contohnya seluruh organisme yang ada di sawah adalah padi tikus belalang', 'ekosistem adalah interaksi antar mahkluk hidup di suatu wilayah dengan lingkungannya yang saling memengaruhi contohnya ekosistem danau yang terdiri atas organisme dan komponennya']","['population atau populasi adalah', 'kumpulan individu sejenis yang hidup dan berinteraksi di suatu daerah', 'contoh adalah populasi hiu goblin di samudra pasifik', 'community atau komunitas adalah', 'kumpulan makhluk hidup berbeda jenis yang saling berinteraksi di suatu daerah', 'contoh adalah komunitas makhluk hidup yang hidup di sawah', 'padi jagung tikus cacing tanah siput sawah', 'ecosystem atau ekosistem adalah', 'wilayah yang mencakup komponen biotik dan abiotik yang saling ketergantungan', 'contoh adalah ekosistem di laut ekosistem di hutan']",10,"10,00","10,00",A,5
483,9,"['jelaskan perbedaan populasi ekosistem dan komunitas', 'dan berilah masing masing contohnya']","['populasi adalah kumpulan individu sejenis yang hidup dan berinteraksi di tempat tertentu contohnya sekumpulan kambing di padang rumput', 'komunitas adalah kumpulan berbagai mahkluk hidup yang berinteraksi dan hidup di area tertentu contohnya seluruh organisme yang ada di sawah adalah padi tikus belalang', 'ekosistem adalah interaksi antar mahkluk hidup di suatu wilayah dengan lingkungannya yang saling memengaruhi contohnya ekosistem danau yang terdiri atas organisme dan komponennya']","['population adalah di gambar bertulisan populasi bahwa tidak terdapat apa apa dan tidak lengkap cuman terdapat ikan saja', 'community adalah di gambar bertulisan komunitas terdapat tanaman bintang dan ikan nya', 'ecosystem adalah di gambar bertulisan ekosistem lebih lengkap dari pada yang sebelum sebelum nya ada air bintang tanaman batu dan pasir']",1,"10,00","1,00",E,1
484,9,"['jelaskan perbedaan populasi ekosistem dan komunitas', 'dan berilah masing masing contohnya']","['populasi adalah kumpulan individu sejenis yang hidup dan berinteraksi di tempat tertentu contohnya sekumpulan kambing di padang rumput', 'komunitas adalah kumpulan berbagai mahkluk hidup yang berinteraksi dan hidup di area tertentu contohnya seluruh organisme yang ada di sawah adalah padi tikus belalang', 'ekosistem adalah interaksi antar mahkluk hidup di suatu wilayah dengan lingkungannya yang saling memengaruhi contohnya ekosistem danau yang terdiri atas organisme dan komponennya']","['populasi adalah jumlah hewan atau sesuatu yang hidup yang memiliki ras atau golongan yang sama', 'contoh ada suatu semut yang berkupul dan populasi itu adalah jumlah semut yang berkumpul', 'komunitas adalah sekumpulan makhluk hidup', 'contoh', 'terdapat sebuah serangga yang berkumpul dan ada sebuah tanaman atau rumput dan bunga dan itu lah yang di sebut komunitas', 'ekosistem adalah sekumpulan makhluk hidup dan benda mati dan juga tempat untuk menampung sekumpulaan makhluk hidup sama seperti habitat namun berbeda', 'contoh', 'segerombolan ikan yang berada di akarium yang diisi dengan koral batu dan juga pasir itulah suatu ekosistem', 'jadi populasi jika dikembangkan dapat menjadi komunitas komunitas dikembangkan dapat menjadi ekosistem']",10,"10,00","10,00",A,5
485,9,"['jelaskan perbedaan populasi ekosistem dan komunitas', 'dan berilah masing masing contohnya']","['populasi adalah kumpulan individu sejenis yang hidup dan berinteraksi di tempat tertentu contohnya sekumpulan kambing di padang rumput', 'komunitas adalah kumpulan berbagai mahkluk hidup yang berinteraksi dan hidup di area tertentu contohnya seluruh organisme yang ada di sawah adalah padi tikus belalang', 'ekosistem adalah interaksi antar mahkluk hidup di suatu wilayah dengan lingkungannya yang saling memengaruhi contohnya ekosistem danau yang terdiri atas organisme dan komponennya']","['populasi adalah kumpulan individu yang menjadi satu di suatu wilayah contohnya sekumpulan kambing', 'komunitas adalah kumpulan beberapa populasi yang menjadi satu di sebuah wilayah contohnya populasi sapi dan populasi ayam yang menjadi satu di suatu tempat', 'ekosistem adalah kumpulan makhluk hidup yang saling berinteraksi dengan benda mati di suatu wilayah yang saling ketergantungan contohnya ekosistem sungai']",10,"10,00","10,00",A,5
486,9,"['jelaskan perbedaan populasi ekosistem dan komunitas', 'dan berilah masing masing contohnya']","['populasi adalah kumpulan individu sejenis yang hidup dan berinteraksi di tempat tertentu contohnya sekumpulan kambing di padang rumput', 'komunitas adalah kumpulan berbagai mahkluk hidup yang berinteraksi dan hidup di area tertentu contohnya seluruh organisme yang ada di sawah adalah padi tikus belalang', 'ekosistem adalah interaksi antar mahkluk hidup di suatu wilayah dengan lingkungannya yang saling memengaruhi contohnya ekosistem danau yang terdiri atas organisme dan komponennya']","['populasi adalah kumpulan individu sejenis yang berinteraksi disuatu tempat tertentu', 'komunitas adalah sekumpulan mahluk hidup yang berinteraksi dan hidup disuatu area tertentu', 'ekosistem adalah interaksi antara mahluk hidup dan benda tak hidup']",10,"10,00","10,00",A,5
487,9,"['jelaskan perbedaan populasi ekosistem dan komunitas', 'dan berilah masing masing contohnya']","['populasi adalah kumpulan individu sejenis yang hidup dan berinteraksi di tempat tertentu contohnya sekumpulan kambing di padang rumput', 'komunitas adalah kumpulan berbagai mahkluk hidup yang berinteraksi dan hidup di area tertentu contohnya seluruh organisme yang ada di sawah adalah padi tikus belalang', 'ekosistem adalah interaksi antar mahkluk hidup di suatu wilayah dengan lingkungannya yang saling memengaruhi contohnya ekosistem danau yang terdiri atas organisme dan komponennya']","['populasi adalah kumpulan makhluk hidup sejenis contohnya adalah kumpulan ikan ikan', 'komunitas adalah kumpulan beberapa jenis makhluk hidup yang hidup di suatu tempat contohnya adalah kumpulan ikan dan bintang laut yang hidup di akuarium', 'ekosistem adalah interaksi antara makhluk hidup dengan benda tak hidup contohnya adalah kumpulan ikan di akuarium yang terdapat bebatuan di akuarium tersebut']",10,"10,00","10,00",A,5
488,9,"['jelaskan perbedaan populasi ekosistem dan komunitas', 'dan berilah masing masing contohnya']","['populasi adalah kumpulan individu sejenis yang hidup dan berinteraksi di tempat tertentu contohnya sekumpulan kambing di padang rumput', 'komunitas adalah kumpulan berbagai mahkluk hidup yang berinteraksi dan hidup di area tertentu contohnya seluruh organisme yang ada di sawah adalah padi tikus belalang', 'ekosistem adalah interaksi antar mahkluk hidup di suatu wilayah dengan lingkungannya yang saling memengaruhi contohnya ekosistem danau yang terdiri atas organisme dan komponennya']","['populasi adalah kumpulan individu yang pada tempat tertentu', 'komunitas adalah kumpulan individu yang di tempat', 'ekosistem adalah interaksi individu dengan lingkungan']",4,"10,00","4,00",D,2
489,9,"['jelaskan perbedaan populasi ekosistem dan komunitas', 'dan berilah masing masing contohnya']","['populasi adalah kumpulan individu sejenis yang hidup dan berinteraksi di tempat tertentu contohnya sekumpulan kambing di padang rumput', 'komunitas adalah kumpulan berbagai mahkluk hidup yang berinteraksi dan hidup di area tertentu contohnya seluruh organisme yang ada di sawah adalah padi tikus belalang', 'ekosistem adalah interaksi antar mahkluk hidup di suatu wilayah dengan lingkungannya yang saling memengaruhi contohnya ekosistem danau yang terdiri atas organisme dan komponennya']","['populasi', 'adalah kumpulan individu sejenis yang hidup di suatu daerah', 'contoh adalah populasi hiu genus di samudra pasifik', 'komunitas', 'adalah sebuah tempat yang mengumpulkan berbagai jenis hewan di suatu daerah', 'contoh adalah di australia', 'ekosistem', 'adalah dimana tempat hewan di taruh di tempat habitat asli nya', 'contoh adalah kebun binatang hutan']",4,"10,00","4,00",D,2
490,9,"['jelaskan perbedaan populasi ekosistem dan komunitas', 'dan berilah masing masing contohnya']","['populasi adalah kumpulan individu sejenis yang hidup dan berinteraksi di tempat tertentu contohnya sekumpulan kambing di padang rumput', 'komunitas adalah kumpulan berbagai mahkluk hidup yang berinteraksi dan hidup di area tertentu contohnya seluruh organisme yang ada di sawah adalah padi tikus belalang', 'ekosistem adalah interaksi antar mahkluk hidup di suatu wilayah dengan lingkungannya yang saling memengaruhi contohnya ekosistem danau yang terdiri atas organisme dan komponennya']","['populasi adalah kumpulan mahkluk hidup yang sama', 'komunitas adalah kumpulan berbagai populasi', 'ekosistem adalah interaksi mahkluk hidup dengan benda mati']",10,"10,00","10,00",A,5
491,9,"['jelaskan perbedaan populasi ekosistem dan komunitas', 'dan berilah masing masing contohnya']","['populasi adalah kumpulan individu sejenis yang hidup dan berinteraksi di tempat tertentu contohnya sekumpulan kambing di padang rumput', 'komunitas adalah kumpulan berbagai mahkluk hidup yang berinteraksi dan hidup di area tertentu contohnya seluruh organisme yang ada di sawah adalah padi tikus belalang', 'ekosistem adalah interaksi antar mahkluk hidup di suatu wilayah dengan lingkungannya yang saling memengaruhi contohnya ekosistem danau yang terdiri atas organisme dan komponennya']","['populasi adalah barang yang cuma terdiri tadi 1 jenis saja', 'contonnya kertas hvs dalam satu tumpukan', 'komunitas adalah barang yang terdiri dari berbagai jenis', 'contohnya pensil penghapus bolpen dalam satu tepak', 'ekosistem adalah kolaborasi antara barang satu dan lainnnya', 'contohnya ikan rumput dedaunan batu kecil dalam satu akuarium']",1,"10,00","1,00",E,1
492,9,"['jelaskan perbedaan populasi ekosistem dan komunitas', 'dan berilah masing masing contohnya']","['populasi adalah kumpulan individu sejenis yang hidup dan berinteraksi di tempat tertentu contohnya sekumpulan kambing di padang rumput', 'komunitas adalah kumpulan berbagai mahkluk hidup yang berinteraksi dan hidup di area tertentu contohnya seluruh organisme yang ada di sawah adalah padi tikus belalang', 'ekosistem adalah interaksi antar mahkluk hidup di suatu wilayah dengan lingkungannya yang saling memengaruhi contohnya ekosistem danau yang terdiri atas organisme dan komponennya']","['populasi adalah jumlah dari organisasi sebuah kelompok hewan', 'komunitas adalah kelompok masyarakat tetapi terkait lingkungan dan mahluk hidup', 'ekosistem adalah hubungan timbal balik tak terpisahkan antara mahkluk hidup dengan lingkunnya']",4,"10,00","4,00",D,2
493,9,"['jelaskan perbedaan populasi ekosistem dan komunitas', 'dan berilah masing masing contohnya']","['populasi adalah kumpulan individu sejenis yang hidup dan berinteraksi di tempat tertentu contohnya sekumpulan kambing di padang rumput', 'komunitas adalah kumpulan berbagai mahkluk hidup yang berinteraksi dan hidup di area tertentu contohnya seluruh organisme yang ada di sawah adalah padi tikus belalang', 'ekosistem adalah interaksi antar mahkluk hidup di suatu wilayah dengan lingkungannya yang saling memengaruhi contohnya ekosistem danau yang terdiri atas organisme dan komponennya']","['populasi adalah sekumpulan makhluk hidup sejenis contoh adalah sekumpulan kambing', 'komunitas adalah sekumpulan populasi yang saling mempengaruhi contoh adalah hewan pemburu yang memangsa hewan lainnya', 'ekosistem adalah interaksi atau hubungan timbal balik makhluk hidup dengan lingkungannya contoh adalah manusia merawat tanaman dan tanaman memberi oksigen']",10,"10,00","10,00",A,5
494,9,"['jelaskan perbedaan populasi ekosistem dan komunitas', 'dan berilah masing masing contohnya']","['populasi adalah kumpulan individu sejenis yang hidup dan berinteraksi di tempat tertentu contohnya sekumpulan kambing di padang rumput', 'komunitas adalah kumpulan berbagai mahkluk hidup yang berinteraksi dan hidup di area tertentu contohnya seluruh organisme yang ada di sawah adalah padi tikus belalang', 'ekosistem adalah interaksi antar mahkluk hidup di suatu wilayah dengan lingkungannya yang saling memengaruhi contohnya ekosistem danau yang terdiri atas organisme dan komponennya']","['populasi', 'adalah kumpulan sejenis maklhuk hidup di suatu tempat', 'populasi adalah cmn kumpulan ikan trsbt', 'komunitas', 'adalah sebuah tempat yng mengumpulkan beberapa jenis hewan', 'contoh adalah ikan bersama hewan lainya seperti ikan bersama trumbu karang', 'ekosistem', 'adalah dimana dia di taruh di tempat habitat aslinya', 'contoh adalah ikan berada di laut']",7,"10,00","7,00",B,4
495,9,"['jelaskan perbedaan populasi ekosistem dan komunitas', 'dan berilah masing masing contohnya']","['populasi adalah kumpulan individu sejenis yang hidup dan berinteraksi di tempat tertentu contohnya sekumpulan kambing di padang rumput', 'komunitas adalah kumpulan berbagai mahkluk hidup yang berinteraksi dan hidup di area tertentu contohnya seluruh organisme yang ada di sawah adalah padi tikus belalang', 'ekosistem adalah interaksi antar mahkluk hidup di suatu wilayah dengan lingkungannya yang saling memengaruhi contohnya ekosistem danau yang terdiri atas organisme dan komponennya']","['populasi adalah banyaknya jumlah ikan di akuarium', 'komunitas adalah kumpulan ikan ikan di akuarium', 'ekosistem adalah tampat tingal ikan atau tempat berkembang biaknya ikan']",1,"10,00","1,00",E,1
496,9,"['jelaskan perbedaan populasi ekosistem dan komunitas', 'dan berilah masing masing contohnya']","['populasi adalah kumpulan individu sejenis yang hidup dan berinteraksi di tempat tertentu contohnya sekumpulan kambing di padang rumput', 'komunitas adalah kumpulan berbagai mahkluk hidup yang berinteraksi dan hidup di area tertentu contohnya seluruh organisme yang ada di sawah adalah padi tikus belalang', 'ekosistem adalah interaksi antar mahkluk hidup di suatu wilayah dengan lingkungannya yang saling memengaruhi contohnya ekosistem danau yang terdiri atas organisme dan komponennya']","['populasi adalah sekumpulan dari individu yang masih sama jenis contohnya sekumpulan komodo atau ikan', 'komunitas adalah sekumpulan individu yang terdiri dari berbagai jenis contohnya komunitas yang terdapat kumpulan rusa dan zebra', 'ekosistem adalah interaksi antara masing masing individu juga kumpulan yang terdiri dari abiotik juga biotik yang berbeda jenis contohnya singa yang sedang memangsa zebra']",10,"10,00","10,00",A,5
497,9,"['jelaskan perbedaan populasi ekosistem dan komunitas', 'dan berilah masing masing contohnya']","['populasi adalah kumpulan individu sejenis yang hidup dan berinteraksi di tempat tertentu contohnya sekumpulan kambing di padang rumput', 'komunitas adalah kumpulan berbagai mahkluk hidup yang berinteraksi dan hidup di area tertentu contohnya seluruh organisme yang ada di sawah adalah padi tikus belalang', 'ekosistem adalah interaksi antar mahkluk hidup di suatu wilayah dengan lingkungannya yang saling memengaruhi contohnya ekosistem danau yang terdiri atas organisme dan komponennya']","['kelompok hewan yang di isi dengan 1 spesies', 'kelompook hewan yang di isi dengan berbagai macam spesies', 'tempat tinggal hewan']",8,"10,00","8,00",B,4
498,9,"['jelaskan perbedaan populasi ekosistem dan komunitas', 'dan berilah masing masing contohnya']","['populasi adalah kumpulan individu sejenis yang hidup dan berinteraksi di tempat tertentu contohnya sekumpulan kambing di padang rumput', 'komunitas adalah kumpulan berbagai mahkluk hidup yang berinteraksi dan hidup di area tertentu contohnya seluruh organisme yang ada di sawah adalah padi tikus belalang', 'ekosistem adalah interaksi antar mahkluk hidup di suatu wilayah dengan lingkungannya yang saling memengaruhi contohnya ekosistem danau yang terdiri atas organisme dan komponennya']","['populasi adalah tidak memiliki daun', 'komunitas adalah hanya memiliki daun dan bintang laut', 'ekosistem adalah memiliki semuanya']",1,"10,00","1,00",E,1
499,9,"['jelaskan perbedaan populasi ekosistem dan komunitas', 'dan berilah masing masing contohnya']","['populasi adalah kumpulan individu sejenis yang hidup dan berinteraksi di tempat tertentu contohnya sekumpulan kambing di padang rumput', 'komunitas adalah kumpulan berbagai mahkluk hidup yang berinteraksi dan hidup di area tertentu contohnya seluruh organisme yang ada di sawah adalah padi tikus belalang', 'ekosistem adalah interaksi antar mahkluk hidup di suatu wilayah dengan lingkungannya yang saling memengaruhi contohnya ekosistem danau yang terdiri atas organisme dan komponennya']","['ekosistem adalah suatu tempat tinggal atau habitat asli dari hewan tersebut', 'community adalah suatu kumpulan hewan dan tumbuhan', 'population adalah suatu binatang saja']",7,"10,00","7,00",B,4
500,9,"['jelaskan perbedaan populasi ekosistem dan komunitas', 'dan berilah masing masing contohnya']","['populasi adalah kumpulan individu sejenis yang hidup dan berinteraksi di tempat tertentu contohnya sekumpulan kambing di padang rumput', 'komunitas adalah kumpulan berbagai mahkluk hidup yang berinteraksi dan hidup di area tertentu contohnya seluruh organisme yang ada di sawah adalah padi tikus belalang', 'ekosistem adalah interaksi antar mahkluk hidup di suatu wilayah dengan lingkungannya yang saling memengaruhi contohnya ekosistem danau yang terdiri atas organisme dan komponennya']","['population adalah setiap makhluk hidup dengan spesies yang sama', 'community adalah sebuah kelompok dengan berbagai spesies berkumpul di suatu tempat', 'ecosystem adalah adanya timbal balik antara makhluk hidup pada lingkungan sekitarnya']",10,"10,00","10,00",A,5
501,9,"['jelaskan perbedaan populasi ekosistem dan komunitas', 'dan berilah masing masing contohnya']","['populasi adalah kumpulan individu sejenis yang hidup dan berinteraksi di tempat tertentu contohnya sekumpulan kambing di padang rumput', 'komunitas adalah kumpulan berbagai mahkluk hidup yang berinteraksi dan hidup di area tertentu contohnya seluruh organisme yang ada di sawah adalah padi tikus belalang', 'ekosistem adalah interaksi antar mahkluk hidup di suatu wilayah dengan lingkungannya yang saling memengaruhi contohnya ekosistem danau yang terdiri atas organisme dan komponennya']","['populasi adalah kumpulan suatu benda sejenis yang menempati suatu tempat tertentu', 'contoh adalah kumpulan atau populasi buaya di sungai kumpulan pohon mangga di kebun', 'ekosistem adalah suatu hubungan atau interaksi saling bergantung antara komponen komponen makhluk hidup maupun tak hidup', 'contoh adalah ikan dengan air kupu kupu dengan bunga', 'komunitas adalah kumpulan berbagai jenis makhluk hidup yang menempati suatu tempat tertentu', 'contoh adalah kumpulan gajah jerapah dan badak di hutan']",10,"10,00","10,00",A,5
502,9,"['jelaskan perbedaan populasi ekosistem dan komunitas', 'dan berilah masing masing contohnya']","['populasi adalah kumpulan individu sejenis yang hidup dan berinteraksi di tempat tertentu contohnya sekumpulan kambing di padang rumput', 'komunitas adalah kumpulan berbagai mahkluk hidup yang berinteraksi dan hidup di area tertentu contohnya seluruh organisme yang ada di sawah adalah padi tikus belalang', 'ekosistem adalah interaksi antar mahkluk hidup di suatu wilayah dengan lingkungannya yang saling memengaruhi contohnya ekosistem danau yang terdiri atas organisme dan komponennya']","['populasi adalah kumpulan makhluk hidup sejenis di suatu tempat', 'contoh adalah kumpulan singa di kebun binatang', 'komunitas adalah kumpulan makhluk hidup berbagai jenis di suatu tempat', 'contoh adalah kumpulan hewan di taman safari', 'ekosistem adalah tempat dimana komponen biotik dan abiotik bertemu dan berinteraksi', 'contoh adalah kumpulan makhluk hidup yang hidup di laut']",10,"10,00","10,00",A,5
503,9,"['jelaskan perbedaan populasi ekosistem dan komunitas', 'dan berilah masing masing contohnya']","['populasi adalah kumpulan individu sejenis yang hidup dan berinteraksi di tempat tertentu contohnya sekumpulan kambing di padang rumput', 'komunitas adalah kumpulan berbagai mahkluk hidup yang berinteraksi dan hidup di area tertentu contohnya seluruh organisme yang ada di sawah adalah padi tikus belalang', 'ekosistem adalah interaksi antar mahkluk hidup di suatu wilayah dengan lingkungannya yang saling memengaruhi contohnya ekosistem danau yang terdiri atas organisme dan komponennya']","['populasi adalah kumpulan dari satu hewan saja', 'community adalah kumpulan dari beberapa hewan saja', 'ecosystem adalah kumpulan dari segala hewan']",4,"10,00","4,00",D,2
504,9,"['jelaskan perbedaan populasi ekosistem dan komunitas', 'dan berilah masing masing contohnya']","['populasi adalah kumpulan individu sejenis yang hidup dan berinteraksi di tempat tertentu contohnya sekumpulan kambing di padang rumput', 'komunitas adalah kumpulan berbagai mahkluk hidup yang berinteraksi dan hidup di area tertentu contohnya seluruh organisme yang ada di sawah adalah padi tikus belalang', 'ekosistem adalah interaksi antar mahkluk hidup di suatu wilayah dengan lingkungannya yang saling memengaruhi contohnya ekosistem danau yang terdiri atas organisme dan komponennya']",['populasi adalah mahluk hidup yang mmiliki spesies yang sama sedangkan ekosistem adalah hubungan tindak balik antara mahluk hidup dan lingkungan sekitarnya dan sedangkan komunitas sering disebut sebagai kelompok masyarakat yang berkaitan dengan mahluk hidup dan lingkungan dan berkaitan juga dengan hewan dan tumbuhan'],10,"10,00","10,00",A,5
505,9,"['jelaskan perbedaan populasi ekosistem dan komunitas', 'dan berilah masing masing contohnya']","['populasi adalah kumpulan individu sejenis yang hidup dan berinteraksi di tempat tertentu contohnya sekumpulan kambing di padang rumput', 'komunitas adalah kumpulan berbagai mahkluk hidup yang berinteraksi dan hidup di area tertentu contohnya seluruh organisme yang ada di sawah adalah padi tikus belalang', 'ekosistem adalah interaksi antar mahkluk hidup di suatu wilayah dengan lingkungannya yang saling memengaruhi contohnya ekosistem danau yang terdiri atas organisme dan komponennya']","['populasi adalah kumpulan individu sejenis yang hidup dan berinteraksi di suatu daerah contoh adalah ikan dibawah laut yang berinteraksi dengan terumbu karang', 'komunitas adalah komunitas adalah sebuah tempat yang dibuat oleh suatu makhluk hidup untuk berkumpul', 'contoh adalah interaksi hewan dengan hewan lainnya', 'ekosistem adalah ekosistem adalah tempat dimana habitat asli berkumpul', 'contoh adalah monyet di hutan']",7,"10,00","7,00",B,4
506,9,"['jelaskan perbedaan populasi ekosistem dan komunitas', 'dan berilah masing masing contohnya']","['populasi adalah kumpulan individu sejenis yang hidup dan berinteraksi di tempat tertentu contohnya sekumpulan kambing di padang rumput', 'komunitas adalah kumpulan berbagai mahkluk hidup yang berinteraksi dan hidup di area tertentu contohnya seluruh organisme yang ada di sawah adalah padi tikus belalang', 'ekosistem adalah interaksi antar mahkluk hidup di suatu wilayah dengan lingkungannya yang saling memengaruhi contohnya ekosistem danau yang terdiri atas organisme dan komponennya']","['jadi populasi tidak ada tumbuhan jadi ikan gampang mati kalau ada udara tumbuhan ikan akan hidup', 'ekosistem untuk menampilkan tumbuhan tambahan bintang lebih menarik', 'komunitas adalah lebih tambah menarik dikasih pupuk bias ikan tidak gampang mati dikasih batu tumbuhan biar tambah bagus']",1,"10,00","1,00",E,1
507,9,"['jelaskan perbedaan populasi ekosistem dan komunitas', 'dan berilah masing masing contohnya']","['populasi adalah kumpulan individu sejenis yang hidup dan berinteraksi di tempat tertentu contohnya sekumpulan kambing di padang rumput', 'komunitas adalah kumpulan berbagai mahkluk hidup yang berinteraksi dan hidup di area tertentu contohnya seluruh organisme yang ada di sawah adalah padi tikus belalang', 'ekosistem adalah interaksi antar mahkluk hidup di suatu wilayah dengan lingkungannya yang saling memengaruhi contohnya ekosistem danau yang terdiri atas organisme dan komponennya']","['population adalah suatu interaksi makhluk hidup dengan makhluk hidup yang lain atau adaptasi contoh pada gambar di atas terlihat ikan ikan yang sedang beradaptasi', 'komonitas banyaknya makhluk hidup yang berinteraksi dangan makhluk lain seperti tanah dan air dan tumbuhan', 'ekosistem adalah semua makhluk hidup menjadi satu seperti tanah dan tumbuhan lalu deberikan hewan seperti cacing dan belalang lalu air untuk mereka agar tidak haus']",1,"10,00","1,00",E,1
508,9,"['jelaskan perbedaan populasi ekosistem dan komunitas', 'dan berilah masing masing contohnya']","['populasi adalah kumpulan individu sejenis yang hidup dan berinteraksi di tempat tertentu contohnya sekumpulan kambing di padang rumput', 'komunitas adalah kumpulan berbagai mahkluk hidup yang berinteraksi dan hidup di area tertentu contohnya seluruh organisme yang ada di sawah adalah padi tikus belalang', 'ekosistem adalah interaksi antar mahkluk hidup di suatu wilayah dengan lingkungannya yang saling memengaruhi contohnya ekosistem danau yang terdiri atas organisme dan komponennya']","['ekoisistem adalah suatu wilayah yang fisik nya saling berinteraksi', 'population adalah kumpulan individu yang spesies nya sama', 'komunitas adalah kumpulan spesies yang hidupnya bersama']",7,"10,00","7,00",B,4
509,9,"['jelaskan perbedaan populasi ekosistem dan komunitas', 'dan berilah masing masing contohnya']","['populasi adalah kumpulan individu sejenis yang hidup dan berinteraksi di tempat tertentu contohnya sekumpulan kambing di padang rumput', 'komunitas adalah kumpulan berbagai mahkluk hidup yang berinteraksi dan hidup di area tertentu contohnya seluruh organisme yang ada di sawah adalah padi tikus belalang', 'ekosistem adalah interaksi antar mahkluk hidup di suatu wilayah dengan lingkungannya yang saling memengaruhi contohnya ekosistem danau yang terdiri atas organisme dan komponennya']","['populasi adalah kumpulan mahkluk hidup yang berada di tempat tersebut', 'komunitas adalah kumpulan jenis mahkluk hidup yang berbeda beda', 'ekosistem adalah suatu sistem ekologi yang terbentuk oleh hubungan timbal balik tak terpisahkan antara makhluk hidup dengan lingkungannya']",4,"10,00","4,00",D,2
510,9,"['jelaskan perbedaan populasi ekosistem dan komunitas', 'dan berilah masing masing contohnya']","['populasi adalah kumpulan individu sejenis yang hidup dan berinteraksi di tempat tertentu contohnya sekumpulan kambing di padang rumput', 'komunitas adalah kumpulan berbagai mahkluk hidup yang berinteraksi dan hidup di area tertentu contohnya seluruh organisme yang ada di sawah adalah padi tikus belalang', 'ekosistem adalah interaksi antar mahkluk hidup di suatu wilayah dengan lingkungannya yang saling memengaruhi contohnya ekosistem danau yang terdiri atas organisme dan komponennya']","['populasi adalah', 'kumpulan ras sejenis yang hidup di suatu daerah', 'contoh adalah sekelompok semut yang berada di dalam tanah', 'komunitas adalah', 'kumpulan ras yang tak sejenis yang saling berinteraksi di suatu daerah', 'contoh adalah sebuah hiu dan sekelompok ikan di laut', 'ekosistem adalah', 'suatu sistem yang terdiri dari komponen biotik dan abiotik', 'contoh adalah sistem air tawar']",10,"10,00","10,00",A,5
511,9,"['jelaskan perbedaan populasi ekosistem dan komunitas', 'dan berilah masing masing contohnya']","['populasi adalah kumpulan individu sejenis yang hidup dan berinteraksi di tempat tertentu contohnya sekumpulan kambing di padang rumput', 'komunitas adalah kumpulan berbagai mahkluk hidup yang berinteraksi dan hidup di area tertentu contohnya seluruh organisme yang ada di sawah adalah padi tikus belalang', 'ekosistem adalah interaksi antar mahkluk hidup di suatu wilayah dengan lingkungannya yang saling memengaruhi contohnya ekosistem danau yang terdiri atas organisme dan komponennya']","['populasi adalah jumplah penghuni di suatu tempat atau lingkungan tertentu contoh nya dalah populasi indonesia', 'komunitas adalah individu yang memiliki suatu kesamaan contoh komunitas etnis', 'ekosistem adalah suatu sistem yang terdiri dari biotik dan abiotik yang saling berinteraksi contoh hutan']",3,"10,00","3,00",E,1
512,9,"['jelaskan perbedaan populasi ekosistem dan komunitas', 'dan berilah masing masing contohnya']","['populasi adalah kumpulan individu sejenis yang hidup dan berinteraksi di tempat tertentu contohnya sekumpulan kambing di padang rumput', 'komunitas adalah kumpulan berbagai mahkluk hidup yang berinteraksi dan hidup di area tertentu contohnya seluruh organisme yang ada di sawah adalah padi tikus belalang', 'ekosistem adalah interaksi antar mahkluk hidup di suatu wilayah dengan lingkungannya yang saling memengaruhi contohnya ekosistem danau yang terdiri atas organisme dan komponennya']","['population adalah suatu kumpulan hewan saja', 'community adalah kumpulan mahluk hidup dan benda mati', 'ecosystem adalah tempat atau habitat hewan dan tumbuhan atau benda mati tersebut']",4,"10,00","4,00",D,2
513,9,"['jelaskan perbedaan populasi ekosistem dan komunitas', 'dan berilah masing masing contohnya']","['populasi adalah kumpulan individu sejenis yang hidup dan berinteraksi di tempat tertentu contohnya sekumpulan kambing di padang rumput', 'komunitas adalah kumpulan berbagai mahkluk hidup yang berinteraksi dan hidup di area tertentu contohnya seluruh organisme yang ada di sawah adalah padi tikus belalang', 'ekosistem adalah interaksi antar mahkluk hidup di suatu wilayah dengan lingkungannya yang saling memengaruhi contohnya ekosistem danau yang terdiri atas organisme dan komponennya']","['populasi kumpulan individu sejenis yang hidup dan berinteraksi di suatu daerah contoh', 'ikan di bawah laut yang berinteraksi di terumbu karang', 'komunitas komunitas adalah sebuah tempat yang dibuat oleh suatu mahluk hidup untuk berkumpul contoh', 'interaksi hewan lain dengan hewan lainnya', 'ekosistem adalah tempat dimana habitat asli berkumpul', 'contoh', 'manusia di daratan ikan di laut monyet di hutan']",3,"10,00","3,00",E,1
514,9,"['jelaskan perbedaan populasi ekosistem dan komunitas', 'dan berilah masing masing contohnya']","['populasi adalah kumpulan individu sejenis yang hidup dan berinteraksi di tempat tertentu contohnya sekumpulan kambing di padang rumput', 'komunitas adalah kumpulan berbagai mahkluk hidup yang berinteraksi dan hidup di area tertentu contohnya seluruh organisme yang ada di sawah adalah padi tikus belalang', 'ekosistem adalah interaksi antar mahkluk hidup di suatu wilayah dengan lingkungannya yang saling memengaruhi contohnya ekosistem danau yang terdiri atas organisme dan komponennya']","['populasi adalah suatu perkumpulan hewan sesama jenis di wilayah atau area tertentu', 'contoh adalah sekumpulan harimau di hutan sekumpulan burung di pohon', 'komunitas adalah suatu kumpulan hewan berbeda jenis di wilayah atau area tertentu', 'contoh adalah berbagai jenis hewan di laut ikan lobster dll berbagai jenis burung di udara burung elang burung gereja dll', 'ekosistem adalah biologi atau suatu tempat tinggal untuk berbagai jenis hewan', 'contoh adalah hyena dan harimau tempat tinggal di hutan kudanil tempat tinggal di air']",10,"10,00","10,00",A,5
515,9,"['jelaskan perbedaan populasi ekosistem dan komunitas', 'dan berilah masing masing contohnya']","['populasi adalah kumpulan individu sejenis yang hidup dan berinteraksi di tempat tertentu contohnya sekumpulan kambing di padang rumput', 'komunitas adalah kumpulan berbagai mahkluk hidup yang berinteraksi dan hidup di area tertentu contohnya seluruh organisme yang ada di sawah adalah padi tikus belalang', 'ekosistem adalah interaksi antar mahkluk hidup di suatu wilayah dengan lingkungannya yang saling memengaruhi contohnya ekosistem danau yang terdiri atas organisme dan komponennya']","['poplasi adalah suatu kelompok hanya satu jenis saja', 'komunitasadalah suatu kelompok tiga jenis', 'ekisistem adalah suatu kelompok lebih dari tiga jenis']",3,"10,00","3,00",E,1
516,9,"['jelaskan perbedaan populasi ekosistem dan komunitas', 'dan berilah masing masing contohnya']","['populasi adalah kumpulan individu sejenis yang hidup dan berinteraksi di tempat tertentu contohnya sekumpulan kambing di padang rumput', 'komunitas adalah kumpulan berbagai mahkluk hidup yang berinteraksi dan hidup di area tertentu contohnya seluruh organisme yang ada di sawah adalah padi tikus belalang', 'ekosistem adalah interaksi antar mahkluk hidup di suatu wilayah dengan lingkungannya yang saling memengaruhi contohnya ekosistem danau yang terdiri atas organisme dan komponennya']","['bernafas dilautan atau alam bebas san 4ikan hidup', 'ikan didalam lautan alam bebas', 'seekor ikan hidup di']",0,"10,00","0,00",E,1
517,9,"['jelaskan perbedaan populasi ekosistem dan komunitas', 'dan berilah masing masing contohnya']","['populasi adalah kumpulan individu sejenis yang hidup dan berinteraksi di tempat tertentu contohnya sekumpulan kambing di padang rumput', 'komunitas adalah kumpulan berbagai mahkluk hidup yang berinteraksi dan hidup di area tertentu contohnya seluruh organisme yang ada di sawah adalah padi tikus belalang', 'ekosistem adalah interaksi antar mahkluk hidup di suatu wilayah dengan lingkungannya yang saling memengaruhi contohnya ekosistem danau yang terdiri atas organisme dan komponennya']","['populasi adalah suatu habitat berkembang biak makhluk hidup', 'komunitas adalah 2 jenis hewan yang berbeda tetapi dalam satu habitat', 'ekositem adalah 1 hewan jenis yang berbeda tetapi dalam satu habitat']",1,"10,00","1,00",E,1
518,9,"['jelaskan perbedaan populasi ekosistem dan komunitas', 'dan berilah masing masing contohnya']","['populasi adalah kumpulan individu sejenis yang hidup dan berinteraksi di tempat tertentu contohnya sekumpulan kambing di padang rumput', 'komunitas adalah kumpulan berbagai mahkluk hidup yang berinteraksi dan hidup di area tertentu contohnya seluruh organisme yang ada di sawah adalah padi tikus belalang', 'ekosistem adalah interaksi antar mahkluk hidup di suatu wilayah dengan lingkungannya yang saling memengaruhi contohnya ekosistem danau yang terdiri atas organisme dan komponennya']","['populasi adalah sejumlah hewan dan manusia di suatu tempat seperti hewan anjing yang berjumlah 5', 'ekosistem adalah suatu lingkungan yang saling ketergantungan antara makhluk hidup dengan yang lainnya seperti tumbuhan yang bergantung pada komponen abiotik seperti tanah air atau matahari', 'komunitas adalah sekumpulan hewan di area tertentu seperti sekumpulan unta di gurun sekumpulan ikan di laut']",10,"10,00","10,00",A,5
519,9,"['jelaskan perbedaan populasi ekosistem dan komunitas', 'dan berilah masing masing contohnya']","['populasi adalah kumpulan individu sejenis yang hidup dan berinteraksi di tempat tertentu contohnya sekumpulan kambing di padang rumput', 'komunitas adalah kumpulan berbagai mahkluk hidup yang berinteraksi dan hidup di area tertentu contohnya seluruh organisme yang ada di sawah adalah padi tikus belalang', 'ekosistem adalah interaksi antar mahkluk hidup di suatu wilayah dengan lingkungannya yang saling memengaruhi contohnya ekosistem danau yang terdiri atas organisme dan komponennya']","['population adalah satu kelompok sejenis', 'community adalah makhluk hidup yang berada dalam 1 lingkungan', 'ecosystem adalah semua makhluk yang berada dalam satu lingkungan atau hubungan timbal balik tak terpisahkan antara makhluk hidup dengan lingkungannya']",7,"10,00","7,00",B,4
520,9,"['jelaskan perbedaan populasi ekosistem dan komunitas', 'dan berilah masing masing contohnya']","['populasi adalah kumpulan individu sejenis yang hidup dan berinteraksi di tempat tertentu contohnya sekumpulan kambing di padang rumput', 'komunitas adalah kumpulan berbagai mahkluk hidup yang berinteraksi dan hidup di area tertentu contohnya seluruh organisme yang ada di sawah adalah padi tikus belalang', 'ekosistem adalah interaksi antar mahkluk hidup di suatu wilayah dengan lingkungannya yang saling memengaruhi contohnya ekosistem danau yang terdiri atas organisme dan komponennya']","['population adalah kumpulan hewan hewan sejenis', 'b adalah community adalah gabungan beberapa 2 jenis hewan yang di satuhkan', 'c adalah ecosystem adalah gabungan beberapa hewan dan beberapa batu batuan dan rumput atau tempat habitat dari beberapa gabungan tempat habitat']",3,"10,00","3,00",E,1
521,9,"['jelaskan perbedaan populasi ekosistem dan komunitas', 'dan berilah masing masing contohnya']","['populasi adalah kumpulan individu sejenis yang hidup dan berinteraksi di tempat tertentu contohnya sekumpulan kambing di padang rumput', 'komunitas adalah kumpulan berbagai mahkluk hidup yang berinteraksi dan hidup di area tertentu contohnya seluruh organisme yang ada di sawah adalah padi tikus belalang', 'ekosistem adalah interaksi antar mahkluk hidup di suatu wilayah dengan lingkungannya yang saling memengaruhi contohnya ekosistem danau yang terdiri atas organisme dan komponennya']","['populasi adalah jumlah hewan contoh adalah populasi harimau sumatra mulai punah', 'komunitas adalah sekompulan hewan atau orang yang sedang bersama sama contoh adalah terdapat komunitas pecinta hewan di tempat tersebut terdapat orang yang menyukai semua hewan', 'ekosistem adalah ketika mahkluk hidup air tanah dll bersatu']",1,"10,00","1,00",E,1
522,9,"['jelaskan perbedaan populasi ekosistem dan komunitas', 'dan berilah masing masing contohnya']","['populasi adalah kumpulan individu sejenis yang hidup dan berinteraksi di tempat tertentu contohnya sekumpulan kambing di padang rumput', 'komunitas adalah kumpulan berbagai mahkluk hidup yang berinteraksi dan hidup di area tertentu contohnya seluruh organisme yang ada di sawah adalah padi tikus belalang', 'ekosistem adalah interaksi antar mahkluk hidup di suatu wilayah dengan lingkungannya yang saling memengaruhi contohnya ekosistem danau yang terdiri atas organisme dan komponennya']","['populasi adalah setiap makhluk hidup memiliki spesies yang sama', 'komunitas adalah setiap makhluk hidup memiliki kegiatan yang berbeda beda', 'ekosistem adalah setiap makhluk hidup memiliki kehidupan yang berbeda beda']",3,"10,00","3,00",E,1
523,9,"['jelaskan perbedaan populasi ekosistem dan komunitas', 'dan berilah masing masing contohnya']","['populasi adalah kumpulan individu sejenis yang hidup dan berinteraksi di tempat tertentu contohnya sekumpulan kambing di padang rumput', 'komunitas adalah kumpulan berbagai mahkluk hidup yang berinteraksi dan hidup di area tertentu contohnya seluruh organisme yang ada di sawah adalah padi tikus belalang', 'ekosistem adalah interaksi antar mahkluk hidup di suatu wilayah dengan lingkungannya yang saling memengaruhi contohnya ekosistem danau yang terdiri atas organisme dan komponennya']","['populasi adalah sekelompok hewan dengan jenis yang sama', 'komunitas adalah sekolompok hewan', 'ekosistem adalah sekolompok hewan dan beberapa tumbuhan']",3,"10,00","3,00",E,1
524,9,"['jelaskan perbedaan populasi ekosistem dan komunitas', 'dan berilah masing masing contohnya']","['populasi adalah kumpulan individu sejenis yang hidup dan berinteraksi di tempat tertentu contohnya sekumpulan kambing di padang rumput', 'komunitas adalah kumpulan berbagai mahkluk hidup yang berinteraksi dan hidup di area tertentu contohnya seluruh organisme yang ada di sawah adalah padi tikus belalang', 'ekosistem adalah interaksi antar mahkluk hidup di suatu wilayah dengan lingkungannya yang saling memengaruhi contohnya ekosistem danau yang terdiri atas organisme dan komponennya']","['ekositem adalah sekumpulan makluk hidup entah itu hidup di air ataupun hidup di daratan contohnya seperti gambar pada di atas ikan hidup di laut bersama rumput laut bintang laut batu dan pasir laut', 'komonitas adalah berbagai macam makluk hidup yang ada di sekitar itu contohnya seperti ikan yang hidup di laut bersama hewan lainnya', 'populasi adalah pengelompokkan hewan contohnya seperti gambar di atas menunjukkan bahwa populasi ikannya ada 4']",1,"10,00","1,00",E,1
525,9,"['jelaskan perbedaan populasi ekosistem dan komunitas', 'dan berilah masing masing contohnya']","['populasi adalah kumpulan individu sejenis yang hidup dan berinteraksi di tempat tertentu contohnya sekumpulan kambing di padang rumput', 'komunitas adalah kumpulan berbagai mahkluk hidup yang berinteraksi dan hidup di area tertentu contohnya seluruh organisme yang ada di sawah adalah padi tikus belalang', 'ekosistem adalah interaksi antar mahkluk hidup di suatu wilayah dengan lingkungannya yang saling memengaruhi contohnya ekosistem danau yang terdiri atas organisme dan komponennya']","['populasi adalah kumpulan hewan yang sama', 'komunitas adalah kumpulan berberapa populasi', 'ekosistem adalah interaksi antara benda mati dan mahluk hidup']",10,"10,00","10,00",A,5
526,9,"['jelaskan perbedaan populasi ekosistem dan komunitas', 'dan berilah masing masing contohnya']","['populasi adalah kumpulan individu sejenis yang hidup dan berinteraksi di tempat tertentu contohnya sekumpulan kambing di padang rumput', 'komunitas adalah kumpulan berbagai mahkluk hidup yang berinteraksi dan hidup di area tertentu contohnya seluruh organisme yang ada di sawah adalah padi tikus belalang', 'ekosistem adalah interaksi antar mahkluk hidup di suatu wilayah dengan lingkungannya yang saling memengaruhi contohnya ekosistem danau yang terdiri atas organisme dan komponennya']","['populasi adalah makhluk hidup sejenis yang tinggal dalam suatu ekosistem contohnya ikan yang tinggal di lautan', 'komunitas adalah sekumpulan makhluk hidup dalam suatu tempat tertentu contohnya sekumpulan ikan rumput laut terumbu karang dll', 'ekosistem adalah suatu sistem ekologi yang terbentuk oleh hubungan timbal balik yang tak terpisahkan antara makhluk hidup dengan lingkungan itu sendiri']",10,"10,00","10,00",A,5
527,9,"['jelaskan perbedaan populasi ekosistem dan komunitas', 'dan berilah masing masing contohnya']","['populasi adalah kumpulan individu sejenis yang hidup dan berinteraksi di tempat tertentu contohnya sekumpulan kambing di padang rumput', 'komunitas adalah kumpulan berbagai mahkluk hidup yang berinteraksi dan hidup di area tertentu contohnya seluruh organisme yang ada di sawah adalah padi tikus belalang', 'ekosistem adalah interaksi antar mahkluk hidup di suatu wilayah dengan lingkungannya yang saling memengaruhi contohnya ekosistem danau yang terdiri atas organisme dan komponennya']","['populasi adalah perkumpulan individu atau kelompok yang hidup bersama sama di suatu tempat', 'komunitas komonitas terjadi saat dua spesies hewan atau bisa lebih hidup di wilayah yang sama', 'ekosistem adalah kumpulan benda abiotik dan biotik yang terdapat dalam sebuah lingkungan dari mahluk hidup']",10,"10,00","10,00",A,5
528,9,"['jelaskan perbedaan populasi ekosistem dan komunitas', 'dan berilah masing masing contohnya']","['populasi adalah kumpulan individu sejenis yang hidup dan berinteraksi di tempat tertentu contohnya sekumpulan kambing di padang rumput', 'komunitas adalah kumpulan berbagai mahkluk hidup yang berinteraksi dan hidup di area tertentu contohnya seluruh organisme yang ada di sawah adalah padi tikus belalang', 'ekosistem adalah interaksi antar mahkluk hidup di suatu wilayah dengan lingkungannya yang saling memengaruhi contohnya ekosistem danau yang terdiri atas organisme dan komponennya']","['populasi adalah adalah sekelompok makhluk hidu yang hidup di daerah tertentu', 'ekosistem adalah adalah hubungan timbal balik makhluk hidup dan lingkungan nya', 'komunitas adalah adalah kelompok yang terbentuk oleh semua makhluk hidup di daerah tertentu']",10,"10,00","10,00",A,5
529,9,"['jelaskan perbedaan populasi ekosistem dan komunitas', 'dan berilah masing masing contohnya']","['populasi adalah kumpulan individu sejenis yang hidup dan berinteraksi di tempat tertentu contohnya sekumpulan kambing di padang rumput', 'komunitas adalah kumpulan berbagai mahkluk hidup yang berinteraksi dan hidup di area tertentu contohnya seluruh organisme yang ada di sawah adalah padi tikus belalang', 'ekosistem adalah interaksi antar mahkluk hidup di suatu wilayah dengan lingkungannya yang saling memengaruhi contohnya ekosistem danau yang terdiri atas organisme dan komponennya']","['populasi adalah jumlah suatu mahkluk hidup yang sejenis yang tinggal di alamnya seperrti ikan kerapu yang tinggal di laut', 'community adalah kumpulan mahkluk hidup yang sejenis seperti kumpulan ikan kerapu', 'ecosystem adalah habitat yang masi lengkap untuk ditempati mahkluk hidup']",3,"10,00","3,00",E,1
530,9,"['jelaskan perbedaan populasi ekosistem dan komunitas', 'dan berilah masing masing contohnya']","['populasi adalah kumpulan individu sejenis yang hidup dan berinteraksi di tempat tertentu contohnya sekumpulan kambing di padang rumput', 'komunitas adalah kumpulan berbagai mahkluk hidup yang berinteraksi dan hidup di area tertentu contohnya seluruh organisme yang ada di sawah adalah padi tikus belalang', 'ekosistem adalah interaksi antar mahkluk hidup di suatu wilayah dengan lingkungannya yang saling memengaruhi contohnya ekosistem danau yang terdiri atas organisme dan komponennya']","['populasi adalah sekumpulan organisme yang sejenis contohnya sekumpulan serangga atau jenis jenis ikan', 'komunitas adalah sekumpulan sebuah populasi atau spesies yang berbeda contohnya ketika sejenis kumpulan ikan yang tinggal bersama ubur ubur', 'ekosistem adalah semua kumpulan secara dinamis yang terdiri atas berbagai spesies contohnya seperti akuarium yang berisikan batu kerikil daun daunan atau tumbuhan yang diberi ikan hias atau makhluk hidup seperti manusia yang sedang pergi ke kebun binatang']",10,"10,00","10,00",A,5
531,9,"['jelaskan perbedaan populasi ekosistem dan komunitas', 'dan berilah masing masing contohnya']","['populasi adalah kumpulan individu sejenis yang hidup dan berinteraksi di tempat tertentu contohnya sekumpulan kambing di padang rumput', 'komunitas adalah kumpulan berbagai mahkluk hidup yang berinteraksi dan hidup di area tertentu contohnya seluruh organisme yang ada di sawah adalah padi tikus belalang', 'ekosistem adalah interaksi antar mahkluk hidup di suatu wilayah dengan lingkungannya yang saling memengaruhi contohnya ekosistem danau yang terdiri atas organisme dan komponennya']","['populasi populasi adalah perkumpulan sebuah individu atau kelompok sejenis yang tinggal bersama di daerah atau area tertentu', 'komunitas komunitas terjadi saat 2 species atau lebih tinggal bersama di wilayah geografis secara bersama sama di waktu yang sama', 'ekosistem ekosistem terdiri dari abiotik dan biotik yang saling berhubungan di lingkungan tertentu']",10,"10,00","10,00",A,5
532,9,"['jelaskan perbedaan populasi ekosistem dan komunitas', 'dan berilah masing masing contohnya']","['populasi adalah kumpulan individu sejenis yang hidup dan berinteraksi di tempat tertentu contohnya sekumpulan kambing di padang rumput', 'komunitas adalah kumpulan berbagai mahkluk hidup yang berinteraksi dan hidup di area tertentu contohnya seluruh organisme yang ada di sawah adalah padi tikus belalang', 'ekosistem adalah interaksi antar mahkluk hidup di suatu wilayah dengan lingkungannya yang saling memengaruhi contohnya ekosistem danau yang terdiri atas organisme dan komponennya']","['populasi adalah jumlah hewan pada ekosistem tertentu', 'komunitas adalah mahkluk hidup yang ada pada ekosistem tertentu', 'ekosistem adalah tempat di mana mahkluk hidup hewan dan tumbuhan terjadinya timbal balik']",7,"10,00","7,00",B,4
533,9,"['jelaskan perbedaan populasi ekosistem dan komunitas', 'dan berilah masing masing contohnya']","['populasi adalah kumpulan individu sejenis yang hidup dan berinteraksi di tempat tertentu contohnya sekumpulan kambing di padang rumput', 'komunitas adalah kumpulan berbagai mahkluk hidup yang berinteraksi dan hidup di area tertentu contohnya seluruh organisme yang ada di sawah adalah padi tikus belalang', 'ekosistem adalah interaksi antar mahkluk hidup di suatu wilayah dengan lingkungannya yang saling memengaruhi contohnya ekosistem danau yang terdiri atas organisme dan komponennya']","['populasi adalah kumpulan individu sejenis yang berinteraksi di suatu tempat', 'contoh adalah kambing di padang rumput', 'ekosistem adalah dimana terjadi hubungan salang tergatungan komponen di dalamnya baik hidut dan tidak hidup', 'contoh air dan tanah', 'komunitas adalah kumpulan berbagai makluh hidup yang hidup di tempat tertentu', 'contoh adalah padi tikus belalang burung']",10,"10,00","10,00",A,5
534,9,"['jelaskan perbedaan populasi ekosistem dan komunitas', 'dan berilah masing masing contohnya']","['populasi adalah kumpulan individu sejenis yang hidup dan berinteraksi di tempat tertentu contohnya sekumpulan kambing di padang rumput', 'komunitas adalah kumpulan berbagai mahkluk hidup yang berinteraksi dan hidup di area tertentu contohnya seluruh organisme yang ada di sawah adalah padi tikus belalang', 'ekosistem adalah interaksi antar mahkluk hidup di suatu wilayah dengan lingkungannya yang saling memengaruhi contohnya ekosistem danau yang terdiri atas organisme dan komponennya']","['populasi adalah setiap makhluk hidup dengan spesies yang sama', 'komunitas adalah kelompok masyarakat', 'tetapi terkait dengan lingkungan dan makhluk hidup', 'ekosistem adalah adanya timbal balik antara makhluk hidup pada lingkungan sekitarnya']",8,"10,00","8,00",B,4
535,9,"['jelaskan perbedaan populasi ekosistem dan komunitas', 'dan berilah masing masing contohnya']","['populasi adalah kumpulan individu sejenis yang hidup dan berinteraksi di tempat tertentu contohnya sekumpulan kambing di padang rumput', 'komunitas adalah kumpulan berbagai mahkluk hidup yang berinteraksi dan hidup di area tertentu contohnya seluruh organisme yang ada di sawah adalah padi tikus belalang', 'ekosistem adalah interaksi antar mahkluk hidup di suatu wilayah dengan lingkungannya yang saling memengaruhi contohnya ekosistem danau yang terdiri atas organisme dan komponennya']","['populasi adalah kumpulan mahkluk hidup sejenis dalam jumlah banyak contoh ikan yang tinggal di laut', 'komunitas adalah sekumpulan mahkluk dalam suatu tempat tertemtu contoh rumput laut dan ikan', 'ekosistem adalah interaksi antara komunitas dengan lingkungannya dengan membuat ekologi contohnya ikan ikan dilaut yang hidup bersama sama']",10,"10,00","10,00",A,5
536,9,"['jelaskan perbedaan populasi ekosistem dan komunitas', 'dan berilah masing masing contohnya']","['populasi adalah kumpulan individu sejenis yang hidup dan berinteraksi di tempat tertentu contohnya sekumpulan kambing di padang rumput', 'komunitas adalah kumpulan berbagai mahkluk hidup yang berinteraksi dan hidup di area tertentu contohnya seluruh organisme yang ada di sawah adalah padi tikus belalang', 'ekosistem adalah interaksi antar mahkluk hidup di suatu wilayah dengan lingkungannya yang saling memengaruhi contohnya ekosistem danau yang terdiri atas organisme dan komponennya']","['populasi adalah populasi adalah kumpulan mahluk hidup yang sejenis di suatu area atau tempat tertentu seperti contohnya ikan ikan emas di satu akuarium', 'komunitas adalah komunitas adalah kumpulan mahluk hidup yang berbeda beda di suatu area atau tempat tertentu seperti contohnya di sawah ada komunitas padi tikus ular siput dan lain lain', 'ekosistem adalah suatu sistem ekologi yang terbentuk oleh hubungan timbal balik tak terpisahkan antara makhluk hidup dengan lingkungannya seperti contohnya ikan ikan di ekosistem atau habitatnya untuk hidup']",10,"10,00","10,00",A,5
537,9,"['jelaskan perbedaan populasi ekosistem dan komunitas', 'dan berilah masing masing contohnya']","['populasi adalah kumpulan individu sejenis yang hidup dan berinteraksi di tempat tertentu contohnya sekumpulan kambing di padang rumput', 'komunitas adalah kumpulan berbagai mahkluk hidup yang berinteraksi dan hidup di area tertentu contohnya seluruh organisme yang ada di sawah adalah padi tikus belalang', 'ekosistem adalah interaksi antar mahkluk hidup di suatu wilayah dengan lingkungannya yang saling memengaruhi contohnya ekosistem danau yang terdiri atas organisme dan komponennya']","['populasi adalah suatu ekosistem atau kumpulan makhluk hidup sejenis yang tinggal di dalamnya seperti pada pada gambar pertama menunjukan bahwa terdapat suatu kumpulan ikan yang hidup di dalamnya', 'komunitas adalah suatu semacam makhluk hidup yang tinggal di dalamnya', 'ekosistem adalah suatu sistem ekologi atau kumpulan yang terbentuk dari hubungan timbal balik antara makhluk hidup dan lingkungannya']",10,"10,00","10,00",A,5
538,9,"['jelaskan perbedaan populasi ekosistem dan komunitas', 'dan berilah masing masing contohnya']","['populasi adalah kumpulan individu sejenis yang hidup dan berinteraksi di tempat tertentu contohnya sekumpulan kambing di padang rumput', 'komunitas adalah kumpulan berbagai mahkluk hidup yang berinteraksi dan hidup di area tertentu contohnya seluruh organisme yang ada di sawah adalah padi tikus belalang', 'ekosistem adalah interaksi antar mahkluk hidup di suatu wilayah dengan lingkungannya yang saling memengaruhi contohnya ekosistem danau yang terdiri atas organisme dan komponennya']","['populasi adalah kumpulan hewan yang hidup bersama', 'komunitas adalah gabungan beberapa kelompok populasi', 'ekosistem adalah hubungan antara makhluk hidup dan lingkungan di sekitarnya']",6,"10,00","6,00",C,3
539,9,"['jelaskan perbedaan populasi ekosistem dan komunitas', 'dan berilah masing masing contohnya']","['populasi adalah kumpulan individu sejenis yang hidup dan berinteraksi di tempat tertentu contohnya sekumpulan kambing di padang rumput', 'komunitas adalah kumpulan berbagai mahkluk hidup yang berinteraksi dan hidup di area tertentu contohnya seluruh organisme yang ada di sawah adalah padi tikus belalang', 'ekosistem adalah interaksi antar mahkluk hidup di suatu wilayah dengan lingkungannya yang saling memengaruhi contohnya ekosistem danau yang terdiri atas organisme dan komponennya']","['populasi adalah sekelompok makhluk hidup yang tinggal di satu tempat', 'komunitas merupakan kumpulan berbagai populasi yang saling berinteraksi', 'ekosistem adalah kombinasi antara makhluk hidup dengan benda mati']",6,"10,00","6,00",C,3
540,9,"['jelaskan perbedaan populasi ekosistem dan komunitas', 'dan berilah masing masing contohnya']","['populasi adalah kumpulan individu sejenis yang hidup dan berinteraksi di tempat tertentu contohnya sekumpulan kambing di padang rumput', 'komunitas adalah kumpulan berbagai mahkluk hidup yang berinteraksi dan hidup di area tertentu contohnya seluruh organisme yang ada di sawah adalah padi tikus belalang', 'ekosistem adalah interaksi antar mahkluk hidup di suatu wilayah dengan lingkungannya yang saling memengaruhi contohnya ekosistem danau yang terdiri atas organisme dan komponennya']","['populasi berarti sekelompok organisme yang hidup bersama di suatu daerah', 'komunitas terdiri dari beberapa populasi yang hidup bersama', 'ekosistem adalah hubungan antara makhluk hidup dan benda di sekelilingnya']",6,"10,00","6,00",C,3
541,9,"['jelaskan perbedaan populasi ekosistem dan komunitas', 'dan berilah masing masing contohnya']","['populasi adalah kumpulan individu sejenis yang hidup dan berinteraksi di tempat tertentu contohnya sekumpulan kambing di padang rumput', 'komunitas adalah kumpulan berbagai mahkluk hidup yang berinteraksi dan hidup di area tertentu contohnya seluruh organisme yang ada di sawah adalah padi tikus belalang', 'ekosistem adalah interaksi antar mahkluk hidup di suatu wilayah dengan lingkungannya yang saling memengaruhi contohnya ekosistem danau yang terdiri atas organisme dan komponennya']","['populasi adalah kumpulan hewan di suatu tempat', 'komunitas adalah interaksi antar populasi di wilayah tertentu', 'ekosistem adalah sistem di mana makhluk hidup berinteraksi dengan elemen elemen alam']",6,"10,00","6,00",C,3
542,9,"['jelaskan perbedaan populasi ekosistem dan komunitas', 'dan berilah masing masing contohnya']","['populasi adalah kumpulan individu sejenis yang hidup dan berinteraksi di tempat tertentu contohnya sekumpulan kambing di padang rumput', 'komunitas adalah kumpulan berbagai mahkluk hidup yang berinteraksi dan hidup di area tertentu contohnya seluruh organisme yang ada di sawah adalah padi tikus belalang', 'ekosistem adalah interaksi antar mahkluk hidup di suatu wilayah dengan lingkungannya yang saling memengaruhi contohnya ekosistem danau yang terdiri atas organisme dan komponennya']","['populasi adalah sekumpulan spesies hewan di suatu wilayah', 'komunitas adalah sekelompok populasi yang hidup berdampingan', 'ekosistem menggambarkan hubungan antara makhluk hidup dan lingkungan fisik']",6,"10,00","6,00",C,3
543,9,"['jelaskan perbedaan populasi ekosistem dan komunitas', 'dan berilah masing masing contohnya']","['populasi adalah kumpulan individu sejenis yang hidup dan berinteraksi di tempat tertentu contohnya sekumpulan kambing di padang rumput', 'komunitas adalah kumpulan berbagai mahkluk hidup yang berinteraksi dan hidup di area tertentu contohnya seluruh organisme yang ada di sawah adalah padi tikus belalang', 'ekosistem adalah interaksi antar mahkluk hidup di suatu wilayah dengan lingkungannya yang saling memengaruhi contohnya ekosistem danau yang terdiri atas organisme dan komponennya']","['populasi adalah sekelompok hewan yang berada di tempat yang sama', 'komunitas merupakan pertemuan dari berbagai populasi', 'ekosistem adalah interaksi antara benda mati dan populasi yang ada']",6,"10,00","6,00",C,3
544,9,"['jelaskan perbedaan populasi ekosistem dan komunitas', 'dan berilah masing masing contohnya']","['populasi adalah kumpulan individu sejenis yang hidup dan berinteraksi di tempat tertentu contohnya sekumpulan kambing di padang rumput', 'komunitas adalah kumpulan berbagai mahkluk hidup yang berinteraksi dan hidup di area tertentu contohnya seluruh organisme yang ada di sawah adalah padi tikus belalang', 'ekosistem adalah interaksi antar mahkluk hidup di suatu wilayah dengan lingkungannya yang saling memengaruhi contohnya ekosistem danau yang terdiri atas organisme dan komponennya']","['populasi adalah hewan hewan yang berkumpul di suatu wilayah tertentu', 'komunitas adalah hasil gabungan beberapa kelompok populasi', 'ekosistem adalah hubungan timbal balik antara benda mati dan makhluk hidup']",6,"10,00","6,00",C,3
545,9,"['jelaskan perbedaan populasi ekosistem dan komunitas', 'dan berilah masing masing contohnya']","['populasi adalah kumpulan individu sejenis yang hidup dan berinteraksi di tempat tertentu contohnya sekumpulan kambing di padang rumput', 'komunitas adalah kumpulan berbagai mahkluk hidup yang berinteraksi dan hidup di area tertentu contohnya seluruh organisme yang ada di sawah adalah padi tikus belalang', 'ekosistem adalah interaksi antar mahkluk hidup di suatu wilayah dengan lingkungannya yang saling memengaruhi contohnya ekosistem danau yang terdiri atas organisme dan komponennya']","['populasi adalah sekumpulan hewan di suatu area', 'komunitas terdiri dari beberapa populasi yang tinggal bersama', 'ekosistem adalah tempat di mana makhluk hidup dan benda mati saling berhubungan']",6,"10,00","6,00",C,3
546,9,"['jelaskan perbedaan populasi ekosistem dan komunitas', 'dan berilah masing masing contohnya']","['populasi adalah kumpulan individu sejenis yang hidup dan berinteraksi di tempat tertentu contohnya sekumpulan kambing di padang rumput', 'komunitas adalah kumpulan berbagai mahkluk hidup yang berinteraksi dan hidup di area tertentu contohnya seluruh organisme yang ada di sawah adalah padi tikus belalang', 'ekosistem adalah interaksi antar mahkluk hidup di suatu wilayah dengan lingkungannya yang saling memengaruhi contohnya ekosistem danau yang terdiri atas organisme dan komponennya']","['populasi adalah sekelompok hewan yang hidup di tempat yang sama', 'komunitas adalah gabungan dari berbagai populasi', 'ekosistem adalah hubungan antara hewan dan elemen lain di lingkungannya']",6,"10,00","6,00",C,3
547,9,"['jelaskan perbedaan populasi ekosistem dan komunitas', 'dan berilah masing masing contohnya']","['populasi adalah kumpulan individu sejenis yang hidup dan berinteraksi di tempat tertentu contohnya sekumpulan kambing di padang rumput', 'komunitas adalah kumpulan berbagai mahkluk hidup yang berinteraksi dan hidup di area tertentu contohnya seluruh organisme yang ada di sawah adalah padi tikus belalang', 'ekosistem adalah interaksi antar mahkluk hidup di suatu wilayah dengan lingkungannya yang saling memengaruhi contohnya ekosistem danau yang terdiri atas organisme dan komponennya']","['populasi merupakan kumpulan hewan atau manusia di satu daerah', 'komunitas adalah kelompok makhluk hidup dan elemen lingkungan seperti tanah', 'ekosistem melibatkan hubungan antara makhluk hidup dan unsur tak hidup di habitatnya']",4,"10,00","4,00",D,2
548,9,"['jelaskan perbedaan populasi ekosistem dan komunitas', 'dan berilah masing masing contohnya']","['populasi adalah kumpulan individu sejenis yang hidup dan berinteraksi di tempat tertentu contohnya sekumpulan kambing di padang rumput', 'komunitas adalah kumpulan berbagai mahkluk hidup yang berinteraksi dan hidup di area tertentu contohnya seluruh organisme yang ada di sawah adalah padi tikus belalang', 'ekosistem adalah interaksi antar mahkluk hidup di suatu wilayah dengan lingkungannya yang saling memengaruhi contohnya ekosistem danau yang terdiri atas organisme dan komponennya']","['populasi adalah kumpulan individu yang pada tempat tertentu', 'komunitas adalah kumpulan makhluk hidup beserta komponen lingkungan seperti tanah', 'ekosistem adalah gabungan lengkap dari berbagai makhluk hidup dan lingkungan menciptakan interaksi yang saling bergantung']",4,"10,00","4,00",D,2
549,10,['jelaskan tahapan untuk memisahkan suatu campuran yang terdiri serbuk besi pasir dan garam sehingga didapatkan besi pasir dan garam yang terpisah'],"['tahapan untuk memisahkan campuran serbuk besi pasir dan garam adalah', 'magnetis adalah untuk memisahkan besi dari garam dan pasir', 'filtrasi adalah pasir dan garam diberi air lalu disaring untuk memisahkan pasir dari garam', 'evaporasi adalah larutan garam akan dipanaskan sehingga air pada larutan garam menguap dan garam akan mengkristal']","['menggunakan magnet adalah serbuk besi memiliki sifat magnetis jadi magnet dapat memisahkan besi dari pasir dan garam', 'penyerapan adalah air dan garam dilarutkan di dalam air', 'filtrasi adalah menggunakan corong kecil untuk memisahkan pasir dan air garam', 'rekristalisasi adalah melakukan pemanasan secara perlahan agar air garam dapat menguap dan kembali jadi garam']",43,"50,00","8,60",A,5
550,10,['jelaskan tahapan untuk memisahkan suatu campuran yang terdiri serbuk besi pasir dan garam sehingga didapatkan besi pasir dan garam yang terpisah'],"['tahapan untuk memisahkan campuran serbuk besi pasir dan garam adalah', 'magnetis adalah untuk memisahkan besi dari garam dan pasir', 'filtrasi adalah pasir dan garam diberi air lalu disaring untuk memisahkan pasir dari garam', 'evaporasi adalah larutan garam akan dipanaskan sehingga air pada larutan garam menguap dan garam akan mengkristal']","['pertama tama kita larutkan terlebih dahulu campuran garam pasir dan serbuk besi', 'kemudian pisahkan garam dari larutan tersebut dengan cara destilasi', 'dengan memanaskan larutan', 'uap yang dihasilkan pada saat destilasi akan mengkristal', 'hasil dari kristalisasi tersebutlah garam yang telah dipisahkan dari pasir dan serbuk besi', 'lalu untuk memisahkan pasir dan sebuk besi menggunakan penyaringan', 'pasir dan serbuk besi memiliki ukuran komponen yang berbeda jadi menggunakan teknik filtrasi penyaringan', 'apabila masih ditemukan pasir pada tahap penyaringan pasir dan serbuk besi maka digunakan magnet untuk mengangkat dan memisahkan serbuk besi dari pasir', 'serbuk besi memiliki sifat magnetik jadi dapat ditarik oleh magnet']",45,"50,00","9,00",A,5
551,10,['jelaskan tahapan untuk memisahkan suatu campuran yang terdiri serbuk besi pasir dan garam sehingga didapatkan besi pasir dan garam yang terpisah'],"['tahapan untuk memisahkan campuran serbuk besi pasir dan garam adalah', 'magnetis adalah untuk memisahkan besi dari garam dan pasir', 'filtrasi adalah pasir dan garam diberi air lalu disaring untuk memisahkan pasir dari garam', 'evaporasi adalah larutan garam akan dipanaskan sehingga air pada larutan garam menguap dan garam akan mengkristal']","['magnet', 'tahap yang pertama itu magnet yaitu digunakan untuk memisahkan serbuk besi dengan cara menaruh magnet di atas campuran dan sehingga serbuk besi akan keangkat dan ketarik oleh magnet', 'penyaringan', 'tahan yang kedua yaitu penyaringan dengan cara menuangkan pasir dan garam ke dalam saringan sebelum di tuang saringan bagian bawahnya di lapiskan dengan kain kasa sehingga ketika di saring yang jatuh hanya garam dan pasir akan di atas kain kasa', 'evaporasi', 'tahap yang terakhir yaitu evaporasi garam yang telah disaring di letakkan dalam wadah lalu di beri air sedikit dan ditutup', 'lalu ditunggu untuk beberapa hari dan jadilah garam dalam bentuk butir butiran']",35,"50,00","7,00",B,4
552,10,['jelaskan tahapan untuk memisahkan suatu campuran yang terdiri serbuk besi pasir dan garam sehingga didapatkan besi pasir dan garam yang terpisah'],"['tahapan untuk memisahkan campuran serbuk besi pasir dan garam adalah', 'magnetis adalah untuk memisahkan besi dari garam dan pasir', 'filtrasi adalah pasir dan garam diberi air lalu disaring untuk memisahkan pasir dari garam', 'evaporasi adalah larutan garam akan dipanaskan sehingga air pada larutan garam menguap dan garam akan mengkristal']","['cara untuk memisahkan serbuk besi pasir dan garam adalah dengan cara', 'gunakan magnet untuk mengambil atau memisahkan serbuk besi dari pasir dan garam', 'gunakan cara filterasi atau penyaringan untuk memisahkan pasir dari serbuk besi dan garam', 'gunakan cara evaporasi atau pengupan untuk memisahkan garam dari pasir dan serbuk besi']",35,"50,00","7,00",B,4
553,10,['jelaskan tahapan untuk memisahkan suatu campuran yang terdiri serbuk besi pasir dan garam sehingga didapatkan besi pasir dan garam yang terpisah'],"['tahapan untuk memisahkan campuran serbuk besi pasir dan garam adalah', 'magnetis adalah untuk memisahkan besi dari garam dan pasir', 'filtrasi adalah pasir dan garam diberi air lalu disaring untuk memisahkan pasir dari garam', 'evaporasi adalah larutan garam akan dipanaskan sehingga air pada larutan garam menguap dan garam akan mengkristal']",['tahapan untuk memisahkan suatu campuran yang terdiri serbuk besi pasir dan garam sehingga didapatkan besi pasir dan garam yang terpisah adalah yang pertama menggunakan magnet sehingga serbuk besi dapat dipisahkan dari pasir dan garam yang kedua menggunakan air sehingga pasir dapat terpisah dari garam'],40,"50,00","8,00",B,4
554,10,['jelaskan tahapan untuk memisahkan suatu campuran yang terdiri serbuk besi pasir dan garam sehingga didapatkan besi pasir dan garam yang terpisah'],"['tahapan untuk memisahkan campuran serbuk besi pasir dan garam adalah', 'magnetis adalah untuk memisahkan besi dari garam dan pasir', 'filtrasi adalah pasir dan garam diberi air lalu disaring untuk memisahkan pasir dari garam', 'evaporasi adalah larutan garam akan dipanaskan sehingga air pada larutan garam menguap dan garam akan mengkristal']","['mendekatkan magnet ke pasir dapat memisahkan serbuk besi dengan pasir', 'memisahkan garam dengan pasir menggunakan air lalu dicampur garam lalu dipisahkan dengan cara disaring']",45,"50,00","9,00",A,5
555,10,['jelaskan tahapan untuk memisahkan suatu campuran yang terdiri serbuk besi pasir dan garam sehingga didapatkan besi pasir dan garam yang terpisah'],"['tahapan untuk memisahkan campuran serbuk besi pasir dan garam adalah', 'magnetis adalah untuk memisahkan besi dari garam dan pasir', 'filtrasi adalah pasir dan garam diberi air lalu disaring untuk memisahkan pasir dari garam', 'evaporasi adalah larutan garam akan dipanaskan sehingga air pada larutan garam menguap dan garam akan mengkristal']","['tahap tahapan nya antara lain adalah', 'langkah pertama adalah pelarutan', 'kemudian destilasi penguapan untuk mengambil serbuk', 'garam', 'setelah itu melakukan proses kristalisasi', 'selanjutnya melalui proses filtrasi', 'yang terakhir yaitu pemisahan magnetik']",45,"50,00","9,00",A,5
556,10,['jelaskan tahapan untuk memisahkan suatu campuran yang terdiri serbuk besi pasir dan garam sehingga didapatkan besi pasir dan garam yang terpisah'],"['tahapan untuk memisahkan campuran serbuk besi pasir dan garam adalah', 'magnetis adalah untuk memisahkan besi dari garam dan pasir', 'filtrasi adalah pasir dan garam diberi air lalu disaring untuk memisahkan pasir dari garam', 'evaporasi adalah larutan garam akan dipanaskan sehingga air pada larutan garam menguap dan garam akan mengkristal']","['magnetis untuk mengambil serbuk besi dari pasir dan garam', 'pasir dan garam diberi air lalu disaring filtrasi sehingga larutan terpisah', 'evaporasi air menguap dan garam mengkristal']",50,"50,00","10,00",A,5
557,10,['jelaskan tahapan untuk memisahkan suatu campuran yang terdiri serbuk besi pasir dan garam sehingga didapatkan besi pasir dan garam yang terpisah'],"['tahapan untuk memisahkan campuran serbuk besi pasir dan garam adalah', 'magnetis adalah untuk memisahkan besi dari garam dan pasir', 'filtrasi adalah pasir dan garam diberi air lalu disaring untuk memisahkan pasir dari garam', 'evaporasi adalah larutan garam akan dipanaskan sehingga air pada larutan garam menguap dan garam akan mengkristal']","['magnetis dapat memisahkan serbuk besi', 'dekantasi lebih besar dari larutan garam dan pasir lebih besar dari pasir', 'evaporasi dan kristalisasi lebih besar dari garam']",40,"50,00","8,00",B,4
558,10,['jelaskan tahapan untuk memisahkan suatu campuran yang terdiri serbuk besi pasir dan garam sehingga didapatkan besi pasir dan garam yang terpisah'],"['tahapan untuk memisahkan campuran serbuk besi pasir dan garam adalah', 'magnetis adalah untuk memisahkan besi dari garam dan pasir', 'filtrasi adalah pasir dan garam diberi air lalu disaring untuk memisahkan pasir dari garam', 'evaporasi adalah larutan garam akan dipanaskan sehingga air pada larutan garam menguap dan garam akan mengkristal']","['pelarutan', 'filtrasi', 'kristalisasi', 'penyaringan', 'endapan', 'pemisahan magnetik']",40,"50,00","8,00",B,4
559,10,['jelaskan tahapan untuk memisahkan suatu campuran yang terdiri serbuk besi pasir dan garam sehingga didapatkan besi pasir dan garam yang terpisah'],"['tahapan untuk memisahkan campuran serbuk besi pasir dan garam adalah', 'magnetis adalah untuk memisahkan besi dari garam dan pasir', 'filtrasi adalah pasir dan garam diberi air lalu disaring untuk memisahkan pasir dari garam', 'evaporasi adalah larutan garam akan dipanaskan sehingga air pada larutan garam menguap dan garam akan mengkristal']","['besi pasir dan garam bisa dipisahkan dengan cara menggunakan bahan yang mengandung magnet untuk memisahkan besih dengan pasir dan garam', 'lalu untuk memisahkan pasir dengan garam kita bisa menggunakan bahan yang mengandung magnet lebih kuat untuk memisahkan pasir dari garam']",30,"50,00","6,00",C,3
560,10,['jelaskan tahapan untuk memisahkan suatu campuran yang terdiri serbuk besi pasir dan garam sehingga didapatkan besi pasir dan garam yang terpisah'],"['tahapan untuk memisahkan campuran serbuk besi pasir dan garam adalah', 'magnetis adalah untuk memisahkan besi dari garam dan pasir', 'filtrasi adalah pasir dan garam diberi air lalu disaring untuk memisahkan pasir dari garam', 'evaporasi adalah larutan garam akan dipanaskan sehingga air pada larutan garam menguap dan garam akan mengkristal']",['untuk memisahkan suatu campuran serbuk besi pasir dan garam sehingga besi pasir dan garam yang terpisah yaitu'],5,"50,00","1,00",E,1
561,10,['jelaskan tahapan untuk memisahkan suatu campuran yang terdiri serbuk besi pasir dan garam sehingga didapatkan besi pasir dan garam yang terpisah'],"['tahapan untuk memisahkan campuran serbuk besi pasir dan garam adalah', 'magnetis adalah untuk memisahkan besi dari garam dan pasir', 'filtrasi adalah pasir dan garam diberi air lalu disaring untuk memisahkan pasir dari garam', 'evaporasi adalah larutan garam akan dipanaskan sehingga air pada larutan garam menguap dan garam akan mengkristal']","['tahapan yang pertama adalah menggunakan metode evaporasi atau penguapan', 'setelah itu tambahkan air ke campuran tersebut lalu dapat melakukan proses penyulingan', 'setelah melakukan semua proses tersebut akan didapatkan besi pasir dan garam yang sudah terpisah', 'campuran sendiri merupakan 2 zat atau lebih yang disatukan seperti serbuk besi pasir dan garam yang disatukan seperti pada soal']",35,"50,00","7,00",B,4
562,10,['jelaskan tahapan untuk memisahkan suatu campuran yang terdiri serbuk besi pasir dan garam sehingga didapatkan besi pasir dan garam yang terpisah'],"['tahapan untuk memisahkan campuran serbuk besi pasir dan garam adalah', 'magnetis adalah untuk memisahkan besi dari garam dan pasir', 'filtrasi adalah pasir dan garam diberi air lalu disaring untuk memisahkan pasir dari garam', 'evaporasi adalah larutan garam akan dipanaskan sehingga air pada larutan garam menguap dan garam akan mengkristal']","['mendistilasikannya', 'sehingga besi pasir dan garam dapat terpisah']",30,"50,00","6,00",C,3
563,10,['jelaskan tahapan untuk memisahkan suatu campuran yang terdiri serbuk besi pasir dan garam sehingga didapatkan besi pasir dan garam yang terpisah'],"['tahapan untuk memisahkan campuran serbuk besi pasir dan garam adalah', 'magnetis adalah untuk memisahkan besi dari garam dan pasir', 'filtrasi adalah pasir dan garam diberi air lalu disaring untuk memisahkan pasir dari garam', 'evaporasi adalah larutan garam akan dipanaskan sehingga air pada larutan garam menguap dan garam akan mengkristal']","['jika serbuk besi psair dan garam tergabung menjadi satu untuk memisahkan nya dapat dngan cara menaruh ditempat yang luas agar memisahkan nya lebih gampang', 'seperti dimeja belajar', 'atau bisa memisahkan serbuk besi pasir dam garam dengan cara menaruh diair lalu disaring']",30,"50,00","6,00",C,3
564,10,['jelaskan tahapan untuk memisahkan suatu campuran yang terdiri serbuk besi pasir dan garam sehingga didapatkan besi pasir dan garam yang terpisah'],"['tahapan untuk memisahkan campuran serbuk besi pasir dan garam adalah', 'magnetis adalah untuk memisahkan besi dari garam dan pasir', 'filtrasi adalah pasir dan garam diberi air lalu disaring untuk memisahkan pasir dari garam', 'evaporasi adalah larutan garam akan dipanaskan sehingga air pada larutan garam menguap dan garam akan mengkristal']","['tahapan tahapan dalam memisahkan suatu campuran yang terdiri dari serbuki besi pasir dan garam sehingga didapatkan besi pasir dan garam yang terpisah adalah', 'pelarutan', 'filtrasi', 'kristalisasi', 'penyaringan', 'endapan', 'pemisahan magnetik']",40,"50,00","8,00",B,4
565,10,['jelaskan tahapan untuk memisahkan suatu campuran yang terdiri serbuk besi pasir dan garam sehingga didapatkan besi pasir dan garam yang terpisah'],"['tahapan untuk memisahkan campuran serbuk besi pasir dan garam adalah', 'magnetis adalah untuk memisahkan besi dari garam dan pasir', 'filtrasi adalah pasir dan garam diberi air lalu disaring untuk memisahkan pasir dari garam', 'evaporasi adalah larutan garam akan dipanaskan sehingga air pada larutan garam menguap dan garam akan mengkristal']","['magnetis adalah proses mengambil besi dari pasir dan garam pasir dan garam diberi air kemudian disaring filtrasi sehingga larutan terpisah', 'evaporasi adalah air kemudian menguap dan garam mengkristal']",45,"50,00","9,00",A,5
566,10,['jelaskan tahapan untuk memisahkan suatu campuran yang terdiri serbuk besi pasir dan garam sehingga didapatkan besi pasir dan garam yang terpisah'],"['tahapan untuk memisahkan campuran serbuk besi pasir dan garam adalah', 'magnetis adalah untuk memisahkan besi dari garam dan pasir', 'filtrasi adalah pasir dan garam diberi air lalu disaring untuk memisahkan pasir dari garam', 'evaporasi adalah larutan garam akan dipanaskan sehingga air pada larutan garam menguap dan garam akan mengkristal']",['pengendapan magnetis pemisahan penyaringan'],35,"50,00","7,00",B,4
567,10,['jelaskan tahapan untuk memisahkan suatu campuran yang terdiri serbuk besi pasir dan garam sehingga didapatkan besi pasir dan garam yang terpisah'],"['tahapan untuk memisahkan campuran serbuk besi pasir dan garam adalah', 'magnetis adalah untuk memisahkan besi dari garam dan pasir', 'filtrasi adalah pasir dan garam diberi air lalu disaring untuk memisahkan pasir dari garam', 'evaporasi adalah larutan garam akan dipanaskan sehingga air pada larutan garam menguap dan garam akan mengkristal']",['pelarutan filtrasi kristalisasi penyaringan endapan pemisahan magnetis'],40,"50,00","8,00",B,4
568,10,['jelaskan tahapan untuk memisahkan suatu campuran yang terdiri serbuk besi pasir dan garam sehingga didapatkan besi pasir dan garam yang terpisah'],"['tahapan untuk memisahkan campuran serbuk besi pasir dan garam adalah', 'magnetis adalah untuk memisahkan besi dari garam dan pasir', 'filtrasi adalah pasir dan garam diberi air lalu disaring untuk memisahkan pasir dari garam', 'evaporasi adalah larutan garam akan dipanaskan sehingga air pada larutan garam menguap dan garam akan mengkristal']",['permata pengedepan yang kedua penyaringan yang ketiga pemisahan magnetig'],35,"50,00","7,00",B,4
569,10,['jelaskan tahapan untuk memisahkan suatu campuran yang terdiri serbuk besi pasir dan garam sehingga didapatkan besi pasir dan garam yang terpisah'],"['tahapan untuk memisahkan campuran serbuk besi pasir dan garam adalah', 'magnetis adalah untuk memisahkan besi dari garam dan pasir', 'filtrasi adalah pasir dan garam diberi air lalu disaring untuk memisahkan pasir dari garam', 'evaporasi adalah larutan garam akan dipanaskan sehingga air pada larutan garam menguap dan garam akan mengkristal']","['magnet untuk memisahkan serbuk besi dan pasir', 'garam dapat dilarutkan di dalam air lalu di saring atau filterasi dari pasir setelah itu di uapkan atau evaporasi untuk mendapatkan garam kembali']",45,"50,00","9,00",A,5
570,10,['jelaskan tahapan untuk memisahkan suatu campuran yang terdiri serbuk besi pasir dan garam sehingga didapatkan besi pasir dan garam yang terpisah'],"['tahapan untuk memisahkan campuran serbuk besi pasir dan garam adalah', 'magnetis adalah untuk memisahkan besi dari garam dan pasir', 'filtrasi adalah pasir dan garam diberi air lalu disaring untuk memisahkan pasir dari garam', 'evaporasi adalah larutan garam akan dipanaskan sehingga air pada larutan garam menguap dan garam akan mengkristal']",['dengan mencampur besi pasir dan garam lalu kita akan mencampur mereka dengan air biasa supaya mereka tercampur rata abis itu kita akan misah mereka dengan hati hati supaya terpisah dengan bagus'],30,"50,00","6,00",C,3
571,10,['jelaskan tahapan untuk memisahkan suatu campuran yang terdiri serbuk besi pasir dan garam sehingga didapatkan besi pasir dan garam yang terpisah'],"['tahapan untuk memisahkan campuran serbuk besi pasir dan garam adalah', 'magnetis adalah untuk memisahkan besi dari garam dan pasir', 'filtrasi adalah pasir dan garam diberi air lalu disaring untuk memisahkan pasir dari garam', 'evaporasi adalah larutan garam akan dipanaskan sehingga air pada larutan garam menguap dan garam akan mengkristal']","['tahapan tahapan dalam memisahkan suatu campuran yang terdiri dari serbuk besi pasir dan garam sehingga didapatkan besi pasir dan garam yang terpisah adalah dengan cara adalah', 'pelarutan', 'filtralisasi', 'kristalisasi', 'penguapan', 'endapan', 'pemisahan magnetik']",40,"50,00","8,00",B,4
572,10,['jelaskan tahapan untuk memisahkan suatu campuran yang terdiri serbuk besi pasir dan garam sehingga didapatkan besi pasir dan garam yang terpisah'],"['tahapan untuk memisahkan campuran serbuk besi pasir dan garam adalah', 'magnetis adalah untuk memisahkan besi dari garam dan pasir', 'filtrasi adalah pasir dan garam diberi air lalu disaring untuk memisahkan pasir dari garam', 'evaporasi adalah larutan garam akan dipanaskan sehingga air pada larutan garam menguap dan garam akan mengkristal']","['filtrasi', 'pelarutan', 'pengekstrakan', 'dan magnetisasi cara memisahkan nya kita akan menggunakan teknik magnetinasi yaitu dengan cara menggunakan magnet untuk memisahkan besi dari pasir dan garam']",35,"50,00","7,00",B,4
573,10,['jelaskan tahapan untuk memisahkan suatu campuran yang terdiri serbuk besi pasir dan garam sehingga didapatkan besi pasir dan garam yang terpisah'],"['tahapan untuk memisahkan campuran serbuk besi pasir dan garam adalah', 'magnetis adalah untuk memisahkan besi dari garam dan pasir', 'filtrasi adalah pasir dan garam diberi air lalu disaring untuk memisahkan pasir dari garam', 'evaporasi adalah larutan garam akan dipanaskan sehingga air pada larutan garam menguap dan garam akan mengkristal']","['tahapan untuk memisahkan suatu campuran yang terdiri serbuk besi pasir dan garam adalah', 'magnetis', 'manget didekatkan dengan campuran tersebut dengan itu kita dapat mendapatkan serbuk besi secara terpisah', 'filtrasi', 'sebelum dilakukannya filtarsi pasir dan garam dicampurkan dengan air', 'lalu garam dilarutkan dalam air', 'setelah itu dilakukannya filtrasi agar dapat dipisahkan antara air garam dengan pasir', 'kristalisasi', 'kristalisasi dilakukan pada air garam kristalisasi dapat dilakukan dengan memanaskan air garam diatas kompor dan ditunggu hingga mengasilkan garam', 'dengan itu kita dapat menghasilkan garam serbuk besi dan pasir secara terpisah']",50,"50,00","10,00",A,5
574,10,['jelaskan tahapan untuk memisahkan suatu campuran yang terdiri serbuk besi pasir dan garam sehingga didapatkan besi pasir dan garam yang terpisah'],"['tahapan untuk memisahkan campuran serbuk besi pasir dan garam adalah', 'magnetis adalah untuk memisahkan besi dari garam dan pasir', 'filtrasi adalah pasir dan garam diberi air lalu disaring untuk memisahkan pasir dari garam', 'evaporasi adalah larutan garam akan dipanaskan sehingga air pada larutan garam menguap dan garam akan mengkristal']",['untuk memisahkan serbuk besi pasir dan garam membedakan antara 3 jenis itu sehingga dapat terpisahkan antara serbuk besi pasir dan garam terpisahkan dalam suatu campuran'],10,"50,00","2,00",E,1
575,10,['jelaskan tahapan untuk memisahkan suatu campuran yang terdiri serbuk besi pasir dan garam sehingga didapatkan besi pasir dan garam yang terpisah'],"['tahapan untuk memisahkan campuran serbuk besi pasir dan garam adalah', 'magnetis adalah untuk memisahkan besi dari garam dan pasir', 'filtrasi adalah pasir dan garam diberi air lalu disaring untuk memisahkan pasir dari garam', 'evaporasi adalah larutan garam akan dipanaskan sehingga air pada larutan garam menguap dan garam akan mengkristal']","['pertama melakukan magnetius agar serbuk besi terangkat', 'lalu lakukan filterasi dengan mencampurkan air kedalam pasir dan garam agar menjadi larutan garam dan pasir akan tersaring dari filterasi', 'terakhir lalukan evaporasi dengan mendidihkan larutan garam hingga air menguap dan garam akan mengkristal dan menjadi kerak garam']",50,"50,00","10,00",A,5
576,10,['jelaskan tahapan untuk memisahkan suatu campuran yang terdiri serbuk besi pasir dan garam sehingga didapatkan besi pasir dan garam yang terpisah'],"['tahapan untuk memisahkan campuran serbuk besi pasir dan garam adalah', 'magnetis adalah untuk memisahkan besi dari garam dan pasir', 'filtrasi adalah pasir dan garam diberi air lalu disaring untuk memisahkan pasir dari garam', 'evaporasi adalah larutan garam akan dipanaskan sehingga air pada larutan garam menguap dan garam akan mengkristal']","['serbuk besi dapat dipisahkan dengan magnet', 'garam dapat dilarutkan dalam air dan disaring atau filtrasi dari pasir lalu diuapkan atau evaporasi untuk mendapatkan garam kembali']",50,"50,00","10,00",A,5
577,10,['jelaskan tahapan untuk memisahkan suatu campuran yang terdiri serbuk besi pasir dan garam sehingga didapatkan besi pasir dan garam yang terpisah'],"['tahapan untuk memisahkan campuran serbuk besi pasir dan garam adalah', 'magnetis adalah untuk memisahkan besi dari garam dan pasir', 'filtrasi adalah pasir dan garam diberi air lalu disaring untuk memisahkan pasir dari garam', 'evaporasi adalah larutan garam akan dipanaskan sehingga air pada larutan garam menguap dan garam akan mengkristal']",['pelarutan filtrasi kristalisasi penyaringan endapan penarikan magnet'],45,"50,00","9,00",A,5
578,10,['jelaskan tahapan untuk memisahkan suatu campuran yang terdiri serbuk besi pasir dan garam sehingga didapatkan besi pasir dan garam yang terpisah'],"['tahapan untuk memisahkan campuran serbuk besi pasir dan garam adalah', 'magnetis adalah untuk memisahkan besi dari garam dan pasir', 'filtrasi adalah pasir dan garam diberi air lalu disaring untuk memisahkan pasir dari garam', 'evaporasi adalah larutan garam akan dipanaskan sehingga air pada larutan garam menguap dan garam akan mengkristal']","['magnet untuk memisahkan serbuk besi dan pasir', 'garam dapat dilarutkan dalam air dan disaring atau filterasi dari pasir lalu diuapkan atau evaporasi untuk mendapatkan garam kembali']",50,"50,00","10,00",A,5
579,10,['jelaskan tahapan untuk memisahkan suatu campuran yang terdiri serbuk besi pasir dan garam sehingga didapatkan besi pasir dan garam yang terpisah'],"['tahapan untuk memisahkan campuran serbuk besi pasir dan garam adalah', 'magnetis adalah untuk memisahkan besi dari garam dan pasir', 'filtrasi adalah pasir dan garam diberi air lalu disaring untuk memisahkan pasir dari garam', 'evaporasi adalah larutan garam akan dipanaskan sehingga air pada larutan garam menguap dan garam akan mengkristal']","['penarikan', 'pemisahan', 'magnetik']",10,"50,00","2,00",E,1
580,10,['jelaskan tahapan untuk memisahkan suatu campuran yang terdiri serbuk besi pasir dan garam sehingga didapatkan besi pasir dan garam yang terpisah'],"['tahapan untuk memisahkan campuran serbuk besi pasir dan garam adalah', 'magnetis adalah untuk memisahkan besi dari garam dan pasir', 'filtrasi adalah pasir dan garam diberi air lalu disaring untuk memisahkan pasir dari garam', 'evaporasi adalah larutan garam akan dipanaskan sehingga air pada larutan garam menguap dan garam akan mengkristal']","['jadi tahap tahapan yang akan dilakukan untuk memisahkan camouran serbuk besi pasir dan garam yaitu adalah', 'pertama akan dilakukan proses penglarutan', 'kedua dilanjutkan filtrasi', 'ketiga dilakukannya kristalisasi', 'keempat setelah melalui proses kristalisasi akan dilanjutkan proses penguapan', 'setelah itu dilakukannya proses pengendapan', 'dan akhirnya dilakukan yaitu tahap pemisahan magnetis untuk memisahsakan serbuk besi']",45,"50,00","9,00",A,5
581,10,['jelaskan tahapan untuk memisahkan suatu campuran yang terdiri serbuk besi pasir dan garam sehingga didapatkan besi pasir dan garam yang terpisah'],"['tahapan untuk memisahkan campuran serbuk besi pasir dan garam adalah', 'magnetis adalah untuk memisahkan besi dari garam dan pasir', 'filtrasi adalah pasir dan garam diberi air lalu disaring untuk memisahkan pasir dari garam', 'evaporasi adalah larutan garam akan dipanaskan sehingga air pada larutan garam menguap dan garam akan mengkristal']","['filtrasi', 'evaporasi', 'magnetik']",35,"50,00","7,00",B,4
582,10,['jelaskan tahapan untuk memisahkan suatu campuran yang terdiri serbuk besi pasir dan garam sehingga didapatkan besi pasir dan garam yang terpisah'],"['tahapan untuk memisahkan campuran serbuk besi pasir dan garam adalah', 'magnetis adalah untuk memisahkan besi dari garam dan pasir', 'filtrasi adalah pasir dan garam diberi air lalu disaring untuk memisahkan pasir dari garam', 'evaporasi adalah larutan garam akan dipanaskan sehingga air pada larutan garam menguap dan garam akan mengkristal']",[],0,"50,00","0,00",E,1
583,10,['jelaskan tahapan untuk memisahkan suatu campuran yang terdiri serbuk besi pasir dan garam sehingga didapatkan besi pasir dan garam yang terpisah'],"['tahapan untuk memisahkan campuran serbuk besi pasir dan garam adalah', 'magnetis adalah untuk memisahkan besi dari garam dan pasir', 'filtrasi adalah pasir dan garam diberi air lalu disaring untuk memisahkan pasir dari garam', 'evaporasi adalah larutan garam akan dipanaskan sehingga air pada larutan garam menguap dan garam akan mengkristal']","['tahapan dalam mmeisahkan suatu campuran yang terdiri dari serbuk besi pasir dan garam sehingga didapatkan besi pasir dan garam yang terpisah adalah dengan melewati proses tahapan pelarutan filtilasi kristalisasi pengendapan penyaringan destilisi dan pengangkatan besi dengan magnet', 'pelarutan', 'filtilasi adalah untuk menyaring garam', 'kristalisasi adalah uap yang mengkristal', 'pengendapan', 'penyaringan', 'destilasi adalah untuk menyaring pasir', 'magnet adalah untuk mengangkat serbuk besi yang terkandung dalam campuran tersebut']",45,"50,00","9,00",A,5
584,10,['jelaskan tahapan untuk memisahkan suatu campuran yang terdiri serbuk besi pasir dan garam sehingga didapatkan besi pasir dan garam yang terpisah'],"['tahapan untuk memisahkan campuran serbuk besi pasir dan garam adalah', 'magnetis adalah untuk memisahkan besi dari garam dan pasir', 'filtrasi adalah pasir dan garam diberi air lalu disaring untuk memisahkan pasir dari garam', 'evaporasi adalah larutan garam akan dipanaskan sehingga air pada larutan garam menguap dan garam akan mengkristal']","['serbuk besi adalah kita dapat menggunakan magnet untuk memisahkan serbuk besi dari campuran karena serbuk besi akan menempel pada magnet', 'pasir adalah kita dapat menuangkan air terlebih dahulu sehingga garam menyatu dengan air setelah itu kita menggunakan saringan halus untuk menyaring pasir agar pasir terpisah dari larutan garam', 'garam adalah kita dapat menaruh larutan garam kedalam wadah setelah itu taruh wadah diruangan terbuka sehingga terkena panas lalu tunggu sampai air menguap sehingga hanya meninggalkan garam']",50,"50,00","10,00",A,5
585,10,['jelaskan tahapan untuk memisahkan suatu campuran yang terdiri serbuk besi pasir dan garam sehingga didapatkan besi pasir dan garam yang terpisah'],"['tahapan untuk memisahkan campuran serbuk besi pasir dan garam adalah', 'magnetis adalah untuk memisahkan besi dari garam dan pasir', 'filtrasi adalah pasir dan garam diberi air lalu disaring untuk memisahkan pasir dari garam', 'evaporasi adalah larutan garam akan dipanaskan sehingga air pada larutan garam menguap dan garam akan mengkristal']",['tahapan untuk memisahkan suatu campuran melakukan kristalisasi'],50,"50,00","10,00",A,5
586,10,['jelaskan tahapan untuk memisahkan suatu campuran yang terdiri serbuk besi pasir dan garam sehingga didapatkan besi pasir dan garam yang terpisah'],"['tahapan untuk memisahkan campuran serbuk besi pasir dan garam adalah', 'magnetis adalah untuk memisahkan besi dari garam dan pasir', 'filtrasi adalah pasir dan garam diberi air lalu disaring untuk memisahkan pasir dari garam', 'evaporasi adalah larutan garam akan dipanaskan sehingga air pada larutan garam menguap dan garam akan mengkristal']","['tahapan ke 1 adalah magnetis adalah besi', 'kita dapat menggunakan magnet untuk menyerap besi dalam campuran tersebut', 'tahapan ke 2 adalah penyaringan adalah pasir', 'kita bisa menambahkan air kedalam campuran tersebut sehingga garam akan larut dan menyisakan pasir pasir dapat diambil menggunakan meode penyaringan', 'tahapan ke 3 adalah evaporasi adalah garam', 'untuk mendapatkan garam kita bisa memanaskan larutan garam tadi lalu ketika larutan tersebut dipanaskan pada suhu tertentu air akan menguap dan menyisakan garam']",50,"50,00","10,00",A,5
587,10,['jelaskan tahapan untuk memisahkan suatu campuran yang terdiri serbuk besi pasir dan garam sehingga didapatkan besi pasir dan garam yang terpisah'],"['tahapan untuk memisahkan campuran serbuk besi pasir dan garam adalah', 'magnetis adalah untuk memisahkan besi dari garam dan pasir', 'filtrasi adalah pasir dan garam diberi air lalu disaring untuk memisahkan pasir dari garam', 'evaporasi adalah larutan garam akan dipanaskan sehingga air pada larutan garam menguap dan garam akan mengkristal']",['pelarutan filtirasi kritalisasi penyaringan endapan dan pemisahan magnetik'],40,"50,00","8,00",B,4
588,10,['jelaskan tahapan untuk memisahkan suatu campuran yang terdiri serbuk besi pasir dan garam sehingga didapatkan besi pasir dan garam yang terpisah'],"['tahapan untuk memisahkan campuran serbuk besi pasir dan garam adalah', 'magnetis adalah untuk memisahkan besi dari garam dan pasir', 'filtrasi adalah pasir dan garam diberi air lalu disaring untuk memisahkan pasir dari garam', 'evaporasi adalah larutan garam akan dipanaskan sehingga air pada larutan garam menguap dan garam akan mengkristal']","['magnet untuk memisahkan serbuk besi dan pasir', 'garam dapat dilarutkan di dalam air dan di saring atau filterasi dari pasir lalu setelah itu di uap kan dan akan mendapatkan garam kembali']",50,"50,00","10,00",A,5
589,10,['jelaskan tahapan untuk memisahkan suatu campuran yang terdiri serbuk besi pasir dan garam sehingga didapatkan besi pasir dan garam yang terpisah'],"['tahapan untuk memisahkan campuran serbuk besi pasir dan garam adalah', 'magnetis adalah untuk memisahkan besi dari garam dan pasir', 'filtrasi adalah pasir dan garam diberi air lalu disaring untuk memisahkan pasir dari garam', 'evaporasi adalah larutan garam akan dipanaskan sehingga air pada larutan garam menguap dan garam akan mengkristal']","['magnetis', 'dalam proses magnetis adalah proses untuk mengambil besi agar dapat dipisahkan dari campuran garam dan pasir', 'setelah itu garam dan pasir diberi air kemudian disaring filtrasi sehingga larutan garam dan pasir terpisah', 'evaporasi', 'evaporasi merupakan proses air menguap dan garam mengkristal']",50,"50,00","10,00",A,5
590,10,['jelaskan tahapan untuk memisahkan suatu campuran yang terdiri serbuk besi pasir dan garam sehingga didapatkan besi pasir dan garam yang terpisah'],"['tahapan untuk memisahkan campuran serbuk besi pasir dan garam adalah', 'magnetis adalah untuk memisahkan besi dari garam dan pasir', 'filtrasi adalah pasir dan garam diberi air lalu disaring untuk memisahkan pasir dari garam', 'evaporasi adalah larutan garam akan dipanaskan sehingga air pada larutan garam menguap dan garam akan mengkristal']",['penguraian filtrasi kristalisasi penyaringan pengendapan pemisahan magnetis'],40,"50,00","8,00",B,4
591,10,['jelaskan tahapan untuk memisahkan suatu campuran yang terdiri serbuk besi pasir dan garam sehingga didapatkan besi pasir dan garam yang terpisah'],"['tahapan untuk memisahkan campuran serbuk besi pasir dan garam adalah', 'magnetis adalah untuk memisahkan besi dari garam dan pasir', 'filtrasi adalah pasir dan garam diberi air lalu disaring untuk memisahkan pasir dari garam', 'evaporasi adalah larutan garam akan dipanaskan sehingga air pada larutan garam menguap dan garam akan mengkristal']","['magnet adalah karena sifat magnetisnya yang beda serbuk besi terpisah dari pasir dan garam', 'pasir dan garam ditambah air adalah garam terlarut menjadi larutan garam', 'filtrasi adalah pasir terpisah dari larutan garam', 'kristalisasi adalah larutan garam menjadi ke bentuk awal yaitu garam']",50,"50,00","10,00",A,5
592,10,['jelaskan tahapan untuk memisahkan suatu campuran yang terdiri serbuk besi pasir dan garam sehingga didapatkan besi pasir dan garam yang terpisah'],"['tahapan untuk memisahkan campuran serbuk besi pasir dan garam adalah', 'magnetis adalah untuk memisahkan besi dari garam dan pasir', 'filtrasi adalah pasir dan garam diberi air lalu disaring untuk memisahkan pasir dari garam', 'evaporasi adalah larutan garam akan dipanaskan sehingga air pada larutan garam menguap dan garam akan mengkristal']","['memisahkannya menggunakan penyaring yang saringannya berukuran kecil sehingga campuran besi tidak tercampur kembali', 'lalu cara memisahkan paris dan garam menggunakan cairan besi karna zat garam ketika mengenai zat besi akan menyatu untuk beberapa detik sehingga garam dan besi masih bisa terpisahkan']",20,"50,00","4,00",D,2
593,10,['jelaskan tahapan untuk memisahkan suatu campuran yang terdiri serbuk besi pasir dan garam sehingga didapatkan besi pasir dan garam yang terpisah'],"['tahapan untuk memisahkan campuran serbuk besi pasir dan garam adalah', 'magnetis adalah untuk memisahkan besi dari garam dan pasir', 'filtrasi adalah pasir dan garam diberi air lalu disaring untuk memisahkan pasir dari garam', 'evaporasi adalah larutan garam akan dipanaskan sehingga air pada larutan garam menguap dan garam akan mengkristal']","['magnetic adalah serbuk besi', 'besi jika di angkat atau di kenakan dengan besi maka besi akan terangkat dengan magnet atau menempel', 'filterasi adalah dengan filterasi garam dapat diketahui begitu pula dengan pasir', 'penyaringan adalah pasir dapat di saring sehingga dapat terpisah dengan besi dan garam']",35,"50,00","7,00",B,4
594,10,['jelaskan tahapan untuk memisahkan suatu campuran yang terdiri serbuk besi pasir dan garam sehingga didapatkan besi pasir dan garam yang terpisah'],"['tahapan untuk memisahkan campuran serbuk besi pasir dan garam adalah', 'magnetis adalah untuk memisahkan besi dari garam dan pasir', 'filtrasi adalah pasir dan garam diberi air lalu disaring untuk memisahkan pasir dari garam', 'evaporasi adalah larutan garam akan dipanaskan sehingga air pada larutan garam menguap dan garam akan mengkristal']","['berikut adalah tahapan tahapan untuk memisahkan suatu campuran yang terdiri serbuk besi pasir dan garam sehingga didapatkan besi pasir dan garam yang terpisah', 'metode magnetis adalah', 'memisahkan serbuk besi dari campuran pasir dan garam', 'sebab serbuk besi adalah jenis logam yg dapat ditarik dgn magnet maka dihasilkannya serbuk besi', 'metode dekantasi', 'larutan garam dan pasir lebih besar dari pasir', 'metode evaporasi dan kristalisasi lebih besar dari garam']",40,"50,00","8,00",B,4
595,10,['jelaskan tahapan untuk memisahkan suatu campuran yang terdiri serbuk besi pasir dan garam sehingga didapatkan besi pasir dan garam yang terpisah'],"['tahapan untuk memisahkan campuran serbuk besi pasir dan garam adalah', 'magnetis adalah untuk memisahkan besi dari garam dan pasir', 'filtrasi adalah pasir dan garam diberi air lalu disaring untuk memisahkan pasir dari garam', 'evaporasi adalah larutan garam akan dipanaskan sehingga air pada larutan garam menguap dan garam akan mengkristal']","['penggunaan adalah serbuk besi dapat dipisahkan dari campuran menggunakan magnet karena besi adlah bahan yang dapat ditarik oleh medan magnet', 'penyaringan adalah air digunakan untuk melarutkan garam sehingga pasir dan serbuk besi akan tetap di atas penyaring', 'kemudian air yang mengandung garam dapat dipisahkan dengan cara pemanasan', 'pengendapan adalah metode pengendapan juga dapat digunakan untuk memisahkan campuran ini', 'campuran direndam dalam air lalu garam yang larut akan terlarut dalam air setelah itu pasir dan serbuk besi akan mengendap dibawah wadah', 'garam yang sudah melarut dapat dipisahkan dengan menyaring airnya']",40,"50,00","8,00",B,4
596,10,['jelaskan tahapan untuk memisahkan suatu campuran yang terdiri serbuk besi pasir dan garam sehingga didapatkan besi pasir dan garam yang terpisah'],"['tahapan untuk memisahkan campuran serbuk besi pasir dan garam adalah', 'magnetis adalah untuk memisahkan besi dari garam dan pasir', 'filtrasi adalah pasir dan garam diberi air lalu disaring untuk memisahkan pasir dari garam', 'evaporasi adalah larutan garam akan dipanaskan sehingga air pada larutan garam menguap dan garam akan mengkristal']","['magnet lebih besar dari perbedaan sifat', 'magnetisnya lebih besar dari serbuk besi', 'pengendapan', 'penyaringan', 'filtrasi', 'kristalisasi', 'pelarutan']",40,"50,00","8,00",B,4
597,10,['jelaskan tahapan untuk memisahkan suatu campuran yang terdiri serbuk besi pasir dan garam sehingga didapatkan besi pasir dan garam yang terpisah'],"['tahapan untuk memisahkan campuran serbuk besi pasir dan garam adalah', 'magnetis adalah untuk memisahkan besi dari garam dan pasir', 'filtrasi adalah pasir dan garam diberi air lalu disaring untuk memisahkan pasir dari garam', 'evaporasi adalah larutan garam akan dipanaskan sehingga air pada larutan garam menguap dan garam akan mengkristal']","['campuran dari serbuk besi pasir dan garam masukkan serbuk besi lalu masukkan pasir lalu panaskan setelah itu kasih garam tunggu hingga panas sehingga terbentuknya alimunium dan terjadinya pasir garam dan besi di pisahkan karena ada yang dari alimunium hetorgen dan juga homogen', 'oleh karena itu pasir besi dan juga garam bisa di pisahkan']",5,"50,00","1,00",E,1
598,10,['jelaskan tahapan untuk memisahkan suatu campuran yang terdiri serbuk besi pasir dan garam sehingga didapatkan besi pasir dan garam yang terpisah'],"['tahapan untuk memisahkan campuran serbuk besi pasir dan garam adalah', 'magnetis adalah untuk memisahkan besi dari garam dan pasir', 'filtrasi adalah pasir dan garam diberi air lalu disaring untuk memisahkan pasir dari garam', 'evaporasi adalah larutan garam akan dipanaskan sehingga air pada larutan garam menguap dan garam akan mengkristal']","['tahapan untuk memisahkan campuran yang terdiri dari serbuk besi pasir dan garam sehingga didapatkan besi pasir dan garam terpisah adalah adalah', 'magnetis adalah untuk memisahkan besi dari garam dan pasir', 'filtrasi adalah pasir dan garam diberi air lalu disaring untuk memisahkan pasir dari garam', 'evaporasi adalah larutan garam akan dipanaskan sehingga air pada larutan garam menguap dan garam akan mengkristal dan menjadi kerak']",50,"50,00","10,00",A,5
599,10,['jelaskan tahapan untuk memisahkan suatu campuran yang terdiri serbuk besi pasir dan garam sehingga didapatkan besi pasir dan garam yang terpisah'],"['tahapan untuk memisahkan campuran serbuk besi pasir dan garam adalah', 'magnetis adalah untuk memisahkan besi dari garam dan pasir', 'filtrasi adalah pasir dan garam diberi air lalu disaring untuk memisahkan pasir dari garam', 'evaporasi adalah larutan garam akan dipanaskan sehingga air pada larutan garam menguap dan garam akan mengkristal']","['tahapan tahapan untuk memisahkan suatu campuran adalah dengan penyaringan filterlisasi kristalisasi endapan penguapan dan pemisahan magnetik', 'serbuk besi dipisahkan dengan cara pemisahan magnetik', 'pasir dipisahkan dengan penyaringan atau filterlisasi', 'sedangkan garam dapat dipisahkan dengan distilasi uap atau penguapan']",45,"50,00","9,00",A,5
600,10,['jelaskan tahapan untuk memisahkan suatu campuran yang terdiri serbuk besi pasir dan garam sehingga didapatkan besi pasir dan garam yang terpisah'],"['tahapan untuk memisahkan campuran serbuk besi pasir dan garam adalah', 'magnetis adalah untuk memisahkan besi dari garam dan pasir', 'filtrasi adalah pasir dan garam diberi air lalu disaring untuk memisahkan pasir dari garam', 'evaporasi adalah larutan garam akan dipanaskan sehingga air pada larutan garam menguap dan garam akan mengkristal']",['untuk memisahkan serbuk besi pasir dan garam menggunakan magnet dan setelah itu serbuk tersebut menjadi zat padat sehingga terpisah dari serbuk tersebut'],20,"50,00","4,00",D,2
601,10,['jelaskan tahapan untuk memisahkan suatu campuran yang terdiri serbuk besi pasir dan garam sehingga didapatkan besi pasir dan garam yang terpisah'],"['tahapan untuk memisahkan campuran serbuk besi pasir dan garam adalah', 'magnetis adalah untuk memisahkan besi dari garam dan pasir', 'filtrasi adalah pasir dan garam diberi air lalu disaring untuk memisahkan pasir dari garam', 'evaporasi adalah larutan garam akan dipanaskan sehingga air pada larutan garam menguap dan garam akan mengkristal']","['tahapan yang dilakukan adalah adalah', 'jika ketiga nya tersebut pada dalam satu wadah kita terlebih dahulu tuangkan keluar wadah tersebut', 'setelah itu mulai kita memisahkan ketiga nya tersebut caranya adalah kita harus terlebih dahulu mencari serbuk besi nya karena mungkin kalau tidak salah serbuk besi itu beda dari yang lain soalnya namanya saja ada besinya jadi harus nya serbuk besi paling dahulu bisa ditemukan', 'nah setelah itu kita lanjutkan dengan mencari pasir karena seharusnya pasir warnanya berbeda dengan garam jadi gampang untuk dibedakan', 'nah setelah dapat tersisa garam yang terakhir jadi itulah tahapan menurut saya']",5,"50,00","1,00",E,1
602,10,['jelaskan tahapan untuk memisahkan suatu campuran yang terdiri serbuk besi pasir dan garam sehingga didapatkan besi pasir dan garam yang terpisah'],"['tahapan untuk memisahkan campuran serbuk besi pasir dan garam adalah', 'magnetis adalah untuk memisahkan besi dari garam dan pasir', 'filtrasi adalah pasir dan garam diberi air lalu disaring untuk memisahkan pasir dari garam', 'evaporasi adalah larutan garam akan dipanaskan sehingga air pada larutan garam menguap dan garam akan mengkristal']",['pelarutan lebih besar dari filtrasi lebih besar dari kristalisasi lebih besar dari penyaringan lebih besar dari pengendapan lebih besar dari pemisahan magnetik'],35,"50,00","7,00",B,4
603,10,['jelaskan tahapan untuk memisahkan suatu campuran yang terdiri serbuk besi pasir dan garam sehingga didapatkan besi pasir dan garam yang terpisah'],"['tahapan untuk memisahkan campuran serbuk besi pasir dan garam adalah', 'magnetis adalah untuk memisahkan besi dari garam dan pasir', 'filtrasi adalah pasir dan garam diberi air lalu disaring untuk memisahkan pasir dari garam', 'evaporasi adalah larutan garam akan dipanaskan sehingga air pada larutan garam menguap dan garam akan mengkristal']",['menggunakan magnetic yg kuhusus untuk memisahkan masing masing mulai serbu besi hingga garam yg terpisah'],30,"50,00","6,00",C,3
604,10,['jelaskan tahapan untuk memisahkan suatu campuran yang terdiri serbuk besi pasir dan garam sehingga didapatkan besi pasir dan garam yang terpisah'],"['tahapan untuk memisahkan campuran serbuk besi pasir dan garam adalah', 'magnetis adalah untuk memisahkan besi dari garam dan pasir', 'filtrasi adalah pasir dan garam diberi air lalu disaring untuk memisahkan pasir dari garam', 'evaporasi adalah larutan garam akan dipanaskan sehingga air pada larutan garam menguap dan garam akan mengkristal']",['menggunakan pemisahan magnetis yang berfungsiuntuk memisahkanserbuk besi dengan pasir dan garam'],30,"50,00","6,00",C,3
605,10,['jelaskan tahapan untuk memisahkan suatu campuran yang terdiri serbuk besi pasir dan garam sehingga didapatkan besi pasir dan garam yang terpisah'],"['tahapan untuk memisahkan campuran serbuk besi pasir dan garam adalah', 'magnetis adalah untuk memisahkan besi dari garam dan pasir', 'filtrasi adalah pasir dan garam diberi air lalu disaring untuk memisahkan pasir dari garam', 'evaporasi adalah larutan garam akan dipanaskan sehingga air pada larutan garam menguap dan garam akan mengkristal']","['tahapan untuk memisahkan suatu campuran yang terdiri serbuk besi pasir dan garam yaitu adalah', 'proses magnetisasi yaitu proses untuk memisahkan serbuk besi dari campuran pasir dan garam menggunakan magnet', 'proses disolusi pelarutan yaitu proses menambahkan dan mencampurkan air kedalam campuran garam dan pasir', 'garam larut ke dalam air sedangkan pasir tidak larut kedalam air', 'proses filtrasi penyaringan yaitu proses memisahkan larutan air garam dan pasir menggunakan kertas saring atau alat penyaringan lainnya', 'pasir akan tertinggal di atas saringan sehingga pasir disebut sebagai residu dan air garam akan melewati saringan sehingga air garam akan disebut sebagai filtrat', 'proses evaporasi dan kristalisasi yaitu proses memanaskan larutan air garam hingga airnya menguap dan meninggalkan atau menyisakan garam dalam bentuk kristal']",50,"50,00","10,00",A,5
606,10,['jelaskan tahapan untuk memisahkan suatu campuran yang terdiri serbuk besi pasir dan garam sehingga didapatkan besi pasir dan garam yang terpisah'],"['tahapan untuk memisahkan campuran serbuk besi pasir dan garam adalah', 'magnetis adalah untuk memisahkan besi dari garam dan pasir', 'filtrasi adalah pasir dan garam diberi air lalu disaring untuk memisahkan pasir dari garam', 'evaporasi adalah larutan garam akan dipanaskan sehingga air pada larutan garam menguap dan garam akan mengkristal']","['magnetis adalah memisahkan besi dari garam dan pasir atau menggunakan magnet untuk mengambil besi', 'filtrasi adalah memisahkan besi pasir dan garam dengan menggunakan saringan', 'evaporasi adalah memisahkan air dengan garam memanaskan air air akan mendidih sedangkan garam akan mengkristal']",50,"50,00","10,00",A,5
607,10,['jelaskan tahapan untuk memisahkan suatu campuran yang terdiri serbuk besi pasir dan garam sehingga didapatkan besi pasir dan garam yang terpisah'],"['tahapan untuk memisahkan campuran serbuk besi pasir dan garam adalah', 'magnetis adalah untuk memisahkan besi dari garam dan pasir', 'filtrasi adalah pasir dan garam diberi air lalu disaring untuk memisahkan pasir dari garam', 'evaporasi adalah larutan garam akan dipanaskan sehingga air pada larutan garam menguap dan garam akan mengkristal']","['pemisahan serbuk besi sendiri dapat menggunakan magnet sebagai pembantu proses pemisahan karena magnet dapat menarik benda yang memiliki kandungan magnetik didalamnya', 'bahan bahan atau hal hal yang memiliki kandungan besi seperti serbuk besi tersebut memiliki daya magnetik didalamnya sehingga setelah diendapkan magnet dapat menarik serbuk besi tersebut dan memisahkannya dari hal lain yang tak memiliki daya magnetik atau kandungan besi didalamnya seperti contohnya tanah', 'pasir dapat menggunakan proses penyaringan', 'metode penyaringan mengandalkan perbedaan ukuran dalam prosesnya', 'pasir dan garam memiliki ukuran yang berbeda sehingga pemisahan menggunakan metode penyaringan cukup efektif', 'selain penyaringan garam juga dapat menggunakan penyubliman', 'namun metode pengendapan juga dapat digunakan untuk pemisahan pasir dan garam']",35,"50,00","7,00",B,4
608,10,['jelaskan tahapan untuk memisahkan suatu campuran yang terdiri serbuk besi pasir dan garam sehingga didapatkan besi pasir dan garam yang terpisah'],"['tahapan untuk memisahkan campuran serbuk besi pasir dan garam adalah', 'magnetis adalah untuk memisahkan besi dari garam dan pasir', 'filtrasi adalah pasir dan garam diberi air lalu disaring untuk memisahkan pasir dari garam', 'evaporasi adalah larutan garam akan dipanaskan sehingga air pada larutan garam menguap dan garam akan mengkristal']","['dengan cara teori magnetik', 'yang pertama masukkan serbuk besi', 'lalu tuangkan pasir', 'dan garam']",10,"50,00","2,00",E,1
609,10,['jelaskan tahapan untuk memisahkan suatu campuran yang terdiri serbuk besi pasir dan garam sehingga didapatkan besi pasir dan garam yang terpisah'],"['tahapan untuk memisahkan campuran serbuk besi pasir dan garam adalah', 'magnetis adalah untuk memisahkan besi dari garam dan pasir', 'filtrasi adalah pasir dan garam diberi air lalu disaring untuk memisahkan pasir dari garam', 'evaporasi adalah larutan garam akan dipanaskan sehingga air pada larutan garam menguap dan garam akan mengkristal']","['lakukan filtrasi untuk memisahkan bubuk besi', 'campur pasir dan garam dengan air lalu aduk sampai garam terlarut lalu pisahkan pasir dengan air yang sudah terlarut sebelumnya didapatkanlah pasir yang terpisah', 'kemudian untuk mendapatkan garam yang terpisah dari air bisa menggunakan sistem kristalisasi dengan cara membiarkan air berada di bawah matahari sampai air kering dan garam akan mengendap didasar wadah atau menggunakan kompor dengan cara memanaskannya sampai air habis kering setelah air habis maka garam akan muncul didasar wadah']",45,"50,00","9,00",A,5
610,10,['jelaskan tahapan untuk memisahkan suatu campuran yang terdiri serbuk besi pasir dan garam sehingga didapatkan besi pasir dan garam yang terpisah'],"['tahapan untuk memisahkan campuran serbuk besi pasir dan garam adalah', 'magnetis adalah untuk memisahkan besi dari garam dan pasir', 'filtrasi adalah pasir dan garam diberi air lalu disaring untuk memisahkan pasir dari garam', 'evaporasi adalah larutan garam akan dipanaskan sehingga air pada larutan garam menguap dan garam akan mengkristal']","['untuk memisahkan besi kita menggunakan magnet agar besi terpisah dari pasir dan garam magnetis', 'lalu untuk memisahkan pasir menggunakan proses filtrasi yaitu dengan mencampur dengan air kemudian di saring maka pasir akan terpisah dari garam', 'selanjutnya dengan menggunakan proses evaporasi yaitu nanti garam akan menguap dengan sendirinya karena terkena sinar matahari']",50,"50,00","10,00",A,5
611,10,['jelaskan tahapan untuk memisahkan suatu campuran yang terdiri serbuk besi pasir dan garam sehingga didapatkan besi pasir dan garam yang terpisah'],"['tahapan untuk memisahkan campuran serbuk besi pasir dan garam adalah', 'magnetis adalah untuk memisahkan besi dari garam dan pasir', 'filtrasi adalah pasir dan garam diberi air lalu disaring untuk memisahkan pasir dari garam', 'evaporasi adalah larutan garam akan dipanaskan sehingga air pada larutan garam menguap dan garam akan mengkristal']","['tahap tahap adalah', 'gunakanlah magnet untuk memisahkan besi dari campuran', 'menggunakan cara filtarisasi untuk melarutkan garam lalu campuran disaring agar pasir dan serbuk besi terpisah dengan air', 'sisa air garam dipanaskan agar menguap dan mendapatkan garam', 'lalu kita menggunakan proses pengendapan', 'yaitu campuran di rendam dalam air sedangkan serbuk besi dan pasir mengendap', 'air garam disaring untuk mendapatkan garam']",50,"50,00","10,00",A,5
612,10,['jelaskan tahapan untuk memisahkan suatu campuran yang terdiri serbuk besi pasir dan garam sehingga didapatkan besi pasir dan garam yang terpisah'],"['tahapan untuk memisahkan campuran serbuk besi pasir dan garam adalah', 'magnetis adalah untuk memisahkan besi dari garam dan pasir', 'filtrasi adalah pasir dan garam diberi air lalu disaring untuk memisahkan pasir dari garam', 'evaporasi adalah larutan garam akan dipanaskan sehingga air pada larutan garam menguap dan garam akan mengkristal']",['menggunakan cara fliterisasi atau endapan kepadaserbuk besi pasir dan garam lalu hasil fliterisasi atau pun endapannya juga bisa di gunakan lalu sampah endapannya bsa di buang agar tidak mengotori'],35,"50,00","7,00",B,4
613,10,['jelaskan tahapan untuk memisahkan suatu campuran yang terdiri serbuk besi pasir dan garam sehingga didapatkan besi pasir dan garam yang terpisah'],"['tahapan untuk memisahkan campuran serbuk besi pasir dan garam adalah', 'magnetis adalah untuk memisahkan besi dari garam dan pasir', 'filtrasi adalah pasir dan garam diberi air lalu disaring untuk memisahkan pasir dari garam', 'evaporasi adalah larutan garam akan dipanaskan sehingga air pada larutan garam menguap dan garam akan mengkristal']","['tahapan untuk memisahkan suatu campuran adalah', 'serbuk besi melakukan proses pemangnetan', 'garam melakukan proses penguapan atau distrilasi uap agar menjadi garam', '3 pasir melakukan proses penyaringan']",40,"50,00","8,00",B,4
614,10,['jelaskan tahapan untuk memisahkan suatu campuran yang terdiri serbuk besi pasir dan garam sehingga didapatkan besi pasir dan garam yang terpisah'],"['tahapan untuk memisahkan campuran serbuk besi pasir dan garam adalah', 'magnetis adalah untuk memisahkan besi dari garam dan pasir', 'filtrasi adalah pasir dan garam diberi air lalu disaring untuk memisahkan pasir dari garam', 'evaporasi adalah larutan garam akan dipanaskan sehingga air pada larutan garam menguap dan garam akan mengkristal']","['tahapan untuk memisahkan suatu campuran yang terdiri dari serbuk besi pasir dan garam sehingga didapatkan besi pasir dan garam yang terpisah yaitu adalah', 'menggunakan metode magnetis untuk memisahkan serbuk besi dari campuran pasir dan garam karena serbuk besi merupakan jenis logam dimana dapat ditarik dengan magnet maka didapatkanlah serbuk besi', 'menggunakan metode dekantasi pada campuran pasir dan garam', 'jadi campuran pasir dan garam diletakkan pada suatu wadah dan akan diberi air dan didiamkan hingga pasir mengendap pada bagian bawah wadah', 'biasanya pada metode dekantasi substansi yang mengendap dibawah dan air akan dipisahkan dengan membuang air perlahan ke wadah lainnya hingga terpisah dari endapan namun pada pemisahan garam dan pasir dilakukan dengan filtrasi', 'jadi larutan garam dan endapan pasir tersebut akan disaring dengan saringan berupa kain dimana larutan garam akan terpisah dari pasir yang tersaring maka didapatkanlah pasir', 'menggunakan metode evaporasi dan kristalisasi dimana larutan akan dipanaskan hingga airnya menguap bagian dari evaporasi lalu garam yang tersisa akan mengkristal menjadi kerak atau residu pada bagian bawah wadah untuk memanaskan bagian dari kristalisasi sehingga larutan air dan garam dapat terpisah dan didapatkanlah garam']",50,"50,00","10,00",A,5
615,10,['jelaskan tahapan untuk memisahkan suatu campuran yang terdiri serbuk besi pasir dan garam sehingga didapatkan besi pasir dan garam yang terpisah'],"['tahapan untuk memisahkan campuran serbuk besi pasir dan garam adalah', 'magnetis adalah untuk memisahkan besi dari garam dan pasir', 'filtrasi adalah pasir dan garam diberi air lalu disaring untuk memisahkan pasir dari garam', 'evaporasi adalah larutan garam akan dipanaskan sehingga air pada larutan garam menguap dan garam akan mengkristal']","['tahapan untuk memisahkan suatu campuran yang terdiri atas serbuk besi pasir dan garam adalah', 'tahapan pertama adalah', 'memisahkan serbuk besi dari pasir dan garam dengan menggunakan magnet karena serbuk besi bersifat magnetik', 'oleh karena itu pada saat suatu magnet didekatkan maka serbuk besi akan menempel ke magnet', 'tahapan kedua adalah', 'memisahkan pasir dari garam dengan menggunakan teknik endapan', 'karena garam memiliki massa lebih besar daripada pasir maka garam akan mengendap di bawah dan pasir tercampur dengan air lalu air dengan pasir dapat dipisahkan dengan tahapan ketiga', 'tahapan ketiga adalah', 'setelah terdapat air dan pasir maka teknik selanjutnya yang digunakan adalah penyaringan atau yang biasa disebut juga sebagai teknik filtrasi', 'karena ukuran partikel garam dan pasir yang berbeda maka hasil penyaringan yang kita dapatkan atau bisa disebut juga sebagai filtrat hanyalah pasir', 'teknik keempat adalah', 'memisahkan garam yang basah dengan teknik destilasi atau teknik yang memanfaatkan titik didih dari kedua campuran yang berbeda sesudah panas maka air akan mulai menguap dan garam tetap mengendap di bawah dikarenakan titik didih air yang lebih rendah daripada garam maka air akan berubah dari wujud cair menjadi gas atau yang bisa kita sebut juga sebagai proses penguapan']",50,"50,00","10,00",A,5
616,10,['jelaskan tahapan untuk memisahkan suatu campuran yang terdiri serbuk besi pasir dan garam sehingga didapatkan besi pasir dan garam yang terpisah'],"['tahapan untuk memisahkan campuran serbuk besi pasir dan garam adalah', 'magnetis adalah untuk memisahkan besi dari garam dan pasir', 'filtrasi adalah pasir dan garam diberi air lalu disaring untuk memisahkan pasir dari garam', 'evaporasi adalah larutan garam akan dipanaskan sehingga air pada larutan garam menguap dan garam akan mengkristal']",['penguraian filtrasi kristalisasi penguapan endapan dan proses pemisahan magnetik'],30,"50,00","6,00",C,3
617,10,['jelaskan tahapan untuk memisahkan suatu campuran yang terdiri serbuk besi pasir dan garam sehingga didapatkan besi pasir dan garam yang terpisah'],"['tahapan untuk memisahkan campuran serbuk besi pasir dan garam adalah', 'magnetis adalah untuk memisahkan besi dari garam dan pasir', 'filtrasi adalah pasir dan garam diberi air lalu disaring untuk memisahkan pasir dari garam', 'evaporasi adalah larutan garam akan dipanaskan sehingga air pada larutan garam menguap dan garam akan mengkristal']","['untuk memisahkan serbuk besi menggunakan metode pemagnetan', 'untuk garam menggunakan distilasi uap', 'untuk pasir menggunakan penyaringan']",35,"50,00","7,00",B,4
618,10,['jelaskan tahapan untuk memisahkan suatu campuran yang terdiri serbuk besi pasir dan garam sehingga didapatkan besi pasir dan garam yang terpisah'],"['tahapan untuk memisahkan campuran serbuk besi pasir dan garam adalah', 'magnetis adalah untuk memisahkan besi dari garam dan pasir', 'filtrasi adalah pasir dan garam diberi air lalu disaring untuk memisahkan pasir dari garam', 'evaporasi adalah larutan garam akan dipanaskan sehingga air pada larutan garam menguap dan garam akan mengkristal']","['menggunakan suntik mainan lalu angkat satu persatu dengan perlahan', 'tuangkan minyak besi pasir dan garam ke wadah yang berbeda', 'sudah selesai dan semua cairan akan terpisah']",10,"50,00","2,00",E,1
619,10,['jelaskan tahapan untuk memisahkan suatu campuran yang terdiri serbuk besi pasir dan garam sehingga didapatkan besi pasir dan garam yang terpisah'],"['tahapan untuk memisahkan campuran serbuk besi pasir dan garam adalah', 'magnetis adalah untuk memisahkan besi dari garam dan pasir', 'filtrasi adalah pasir dan garam diberi air lalu disaring untuk memisahkan pasir dari garam', 'evaporasi adalah larutan garam akan dipanaskan sehingga air pada larutan garam menguap dan garam akan mengkristal']",['tahapan untuk memisahkan suatu campuran yang terdiri dari serbuk besi pasir dan garam agar terpisah adalah dengan cara memisahkan mereka satu persatu'],10,"50,00","2,00",E,1
620,10,['jelaskan tahapan untuk memisahkan suatu campuran yang terdiri serbuk besi pasir dan garam sehingga didapatkan besi pasir dan garam yang terpisah'],"['tahapan untuk memisahkan campuran serbuk besi pasir dan garam adalah', 'magnetis adalah untuk memisahkan besi dari garam dan pasir', 'filtrasi adalah pasir dan garam diberi air lalu disaring untuk memisahkan pasir dari garam', 'evaporasi adalah larutan garam akan dipanaskan sehingga air pada larutan garam menguap dan garam akan mengkristal']","['penggunaan maget adalah serbuk besi dapat dipisahkan dari campuran dengan menggunakan magnet karena besi adalah bahan yg dapat ditarik oleh medan magnet', 'penyaringan adalah air gigunakan untuk melarutkan garam kemudian campuran disaring untuk memisahkan pasir dan serbuk besi', 'air garam yg tersisa dipanaskan untuk menguapkan air dan mendapatkan garam', 'pendapat adalah campuran direndan dalam air garam larutan dalam air sedangkan pasir dan serbuk besi mengendap', 'air garam disaring untuk medapatkan garam']",40,"50,00","8,00",B,4
621,10,['jelaskan tahapan untuk memisahkan suatu campuran yang terdiri serbuk besi pasir dan garam sehingga didapatkan besi pasir dan garam yang terpisah'],"['tahapan untuk memisahkan campuran serbuk besi pasir dan garam adalah', 'magnetis adalah untuk memisahkan besi dari garam dan pasir', 'filtrasi adalah pasir dan garam diberi air lalu disaring untuk memisahkan pasir dari garam', 'evaporasi adalah larutan garam akan dipanaskan sehingga air pada larutan garam menguap dan garam akan mengkristal']","['magnetis adalah memisahkan serbuk besi dari pasir dan garam', 'penyaringan adalah pasir dan garam diberi air sehingga pasir dan garam terpisah', 'evaporasi adalah proses penguapan sehingga garam menjadi kristal']",45,"50,00","9,00",A,5
622,10,['jelaskan tahapan untuk memisahkan suatu campuran yang terdiri serbuk besi pasir dan garam sehingga didapatkan besi pasir dan garam yang terpisah'],"['tahapan untuk memisahkan campuran serbuk besi pasir dan garam adalah', 'magnetis adalah untuk memisahkan besi dari garam dan pasir', 'filtrasi adalah pasir dan garam diberi air lalu disaring untuk memisahkan pasir dari garam', 'evaporasi adalah larutan garam akan dipanaskan sehingga air pada larutan garam menguap dan garam akan mengkristal']","['mengggunakan metode pemisahan dengan magnet', 'magnet digunakan untuk memisahkan besi dari pasir dan garam', 'kemudian menggunakan metode pemisahan dengan penyaringan untuk menyaring pasir dan memisahkan nya dengan garam']",35,"50,00","7,00",B,4
623,10,['jelaskan tahapan untuk memisahkan suatu campuran yang terdiri serbuk besi pasir dan garam sehingga didapatkan besi pasir dan garam yang terpisah'],"['tahapan untuk memisahkan campuran serbuk besi pasir dan garam adalah', 'magnetis adalah untuk memisahkan besi dari garam dan pasir', 'filtrasi adalah pasir dan garam diberi air lalu disaring untuk memisahkan pasir dari garam', 'evaporasi adalah larutan garam akan dipanaskan sehingga air pada larutan garam menguap dan garam akan mengkristal']","['cara memisahkan serbuk besi pasir dan garam', 'untuk memisahkan besi dan pasir cukup menggunakan magnet karena besi memiliki sifat yang dapat tertarik oleh magner', 'dan serbuk pasir tidak dapat tertarik oleh magnet', 'cara memisahkan garam itu simpel metode ini digunakan untuk memisahkan minyak kayu putih juga metode ini disebut distilasi uap']",45,"50,00","9,00",A,5
624,10,['jelaskan tahapan untuk memisahkan suatu campuran yang terdiri serbuk besi pasir dan garam sehingga didapatkan besi pasir dan garam yang terpisah'],"['tahapan untuk memisahkan campuran serbuk besi pasir dan garam adalah', 'magnetis adalah untuk memisahkan besi dari garam dan pasir', 'filtrasi adalah pasir dan garam diberi air lalu disaring untuk memisahkan pasir dari garam', 'evaporasi adalah larutan garam akan dipanaskan sehingga air pada larutan garam menguap dan garam akan mengkristal']","['tahapan yang dilalui adalah', 'magnetis untuk mengambil besi dari campuran pasir dan garam', 'pasir dan garam diberi air agar pasir bisa terpisah', 'terakhir unutk mengambil garam gunakan metode evaporasi hasilnya air akan menguap dan garam akan mengkristal']",45,"50,00","9,00",A,5
625,10,['jelaskan tahapan untuk memisahkan suatu campuran yang terdiri serbuk besi pasir dan garam sehingga didapatkan besi pasir dan garam yang terpisah'],"['tahapan untuk memisahkan campuran serbuk besi pasir dan garam adalah', 'magnetis adalah untuk memisahkan besi dari garam dan pasir', 'filtrasi adalah pasir dan garam diberi air lalu disaring untuk memisahkan pasir dari garam', 'evaporasi adalah larutan garam akan dipanaskan sehingga air pada larutan garam menguap dan garam akan mengkristal']","['mencampurkan campuran dengan air membuat garam menjadi larut', 'magnetik untuk memisahkan serbuk besi pada campuran sehingga menyisakan campuran pasir dan garam', 'ayakan untuk memisahkan larutan garam dengan pasir', 'pengendapan', 'evaporasi mengubah larutan garam menjadi uap hingga mendidih', 'kristalisasi pembekuan larutan garam untuk menghasilkan garam murni']",50,"50,00","10,00",A,5
626,10,['jelaskan tahapan untuk memisahkan suatu campuran yang terdiri serbuk besi pasir dan garam sehingga didapatkan besi pasir dan garam yang terpisah'],"['tahapan untuk memisahkan campuran serbuk besi pasir dan garam adalah', 'magnetis adalah untuk memisahkan besi dari garam dan pasir', 'filtrasi adalah pasir dan garam diberi air lalu disaring untuk memisahkan pasir dari garam', 'evaporasi adalah larutan garam akan dipanaskan sehingga air pada larutan garam menguap dan garam akan mengkristal']","['serbuk besi dipisahkan menggunakan magnet', 'pisahkan pasir dan garam menggunakan air sehingga garam ikut terlarut', 'fsairng pasir menggunakan kain']",40,"50,00","8,00",B,4
627,10,['jelaskan tahapan untuk memisahkan suatu campuran yang terdiri serbuk besi pasir dan garam sehingga didapatkan besi pasir dan garam yang terpisah'],"['tahapan untuk memisahkan campuran serbuk besi pasir dan garam adalah', 'magnetis adalah untuk memisahkan besi dari garam dan pasir', 'filtrasi adalah pasir dan garam diberi air lalu disaring untuk memisahkan pasir dari garam', 'evaporasi adalah larutan garam akan dipanaskan sehingga air pada larutan garam menguap dan garam akan mengkristal']","['untuk memisahkan serbuk besi maka digunakan metode pemisah yaitu magnetik dimana pemisahannya menggunakan magnet', 'serbuk besi akan menempel pada magnet dan yang bukan serbuk besi tidak akan menempel pada magnet sehingga terpisah', 'untuk memisahkan pasir maka digunakan metode pemisah yaitu saringan atau filtrasi', 'pasir akan melewati rongga rongga penyaringan karena memiliki wujud yang sangat kecil sehingga dapat terpisah melalui saringan dan pasir yang sudah difiltrasi dinamakan filtrat', 'untuk memisahkan garam maka digunakan metode pemisah yaitu metode pemisah dengan destilasi atau dengan cara menyumblim', 'garam dipanaskan sehingga uap terpisah dari garam dan menjadi terpisah']",45,"50,00","9,00",A,5
628,10,['jelaskan tahapan untuk memisahkan suatu campuran yang terdiri serbuk besi pasir dan garam sehingga didapatkan besi pasir dan garam yang terpisah'],"['tahapan untuk memisahkan campuran serbuk besi pasir dan garam adalah', 'magnetis adalah untuk memisahkan besi dari garam dan pasir', 'filtrasi adalah pasir dan garam diberi air lalu disaring untuk memisahkan pasir dari garam', 'evaporasi adalah larutan garam akan dipanaskan sehingga air pada larutan garam menguap dan garam akan mengkristal']","['pisahkan serbuk besi menggunakan magnet', 'lalu pisahkan pasir menggunakan air lalu aduk sampai garam ikut terlarut', 'lalu saring pasir menggunakan kain lalu keringkan', 'lalu cara memisahkan garam dari air dengan memasak air hingga surut', 'sehingga tersisa endapan garam lalu tiriskan']",45,"50,00","9,00",A,5
629,10,['jelaskan tahapan untuk memisahkan suatu campuran yang terdiri serbuk besi pasir dan garam sehingga didapatkan besi pasir dan garam yang terpisah'],"['tahapan untuk memisahkan campuran serbuk besi pasir dan garam adalah', 'magnetis adalah untuk memisahkan besi dari garam dan pasir', 'filtrasi adalah pasir dan garam diberi air lalu disaring untuk memisahkan pasir dari garam', 'evaporasi adalah larutan garam akan dipanaskan sehingga air pada larutan garam menguap dan garam akan mengkristal']","['penggunaan magnet adalah serbuk besi dapat dipisahkan dari campuran dengan menggunakan magnet dikarenakan besi adalah bahan yang dapat ditarik oleh medan magnet', 'penyaringan adalah air dapat digunakan untuk melarutkan garam lalu campuran disaring untuk dapat memisahkan pasir dan serbuk besi air garam yang tersisa dipanaskan untuk dapat menguapkamn air dan juga mendapatkan garam', 'pengendapan adalah campuran yang direndam di dalam air sedangkan pasir dan juga serbuk besi mengendap di air garam untuk mendapatkan garam']",40,"50,00","8,00",B,4
630,10,['jelaskan tahapan untuk memisahkan suatu campuran yang terdiri serbuk besi pasir dan garam sehingga didapatkan besi pasir dan garam yang terpisah'],"['tahapan untuk memisahkan campuran serbuk besi pasir dan garam adalah', 'magnetis adalah untuk memisahkan besi dari garam dan pasir', 'filtrasi adalah pasir dan garam diberi air lalu disaring untuk memisahkan pasir dari garam', 'evaporasi adalah larutan garam akan dipanaskan sehingga air pada larutan garam menguap dan garam akan mengkristal']","['besi cara memisakannya adalah menggunakan magnet', 'pasir dengan cara disaring atau diayak', 'garam dengan cara berikan air agar garam larut']",35,"50,00","7,00",B,4
631,10,['jelaskan tahapan untuk memisahkan suatu campuran yang terdiri serbuk besi pasir dan garam sehingga didapatkan besi pasir dan garam yang terpisah'],"['tahapan untuk memisahkan campuran serbuk besi pasir dan garam adalah', 'magnetis adalah untuk memisahkan besi dari garam dan pasir', 'filtrasi adalah pasir dan garam diberi air lalu disaring untuk memisahkan pasir dari garam', 'evaporasi adalah larutan garam akan dipanaskan sehingga air pada larutan garam menguap dan garam akan mengkristal']","['serbuk besi menggunakan magnet untuk terpisah', 'pasir menggunakan filtrasi atau penyaringan untuk terpisah', 'sedangkan garam mengguhnakan evaporasi']",40,"50,00","8,00",B,4
632,10,['jelaskan tahapan untuk memisahkan suatu campuran yang terdiri serbuk besi pasir dan garam sehingga didapatkan besi pasir dan garam yang terpisah'],"['tahapan untuk memisahkan campuran serbuk besi pasir dan garam adalah', 'magnetis adalah untuk memisahkan besi dari garam dan pasir', 'filtrasi adalah pasir dan garam diberi air lalu disaring untuk memisahkan pasir dari garam', 'evaporasi adalah larutan garam akan dipanaskan sehingga air pada larutan garam menguap dan garam akan mengkristal']",['untuk serbuk besi cara memisahkan dengan magnet karena besi mempunyai sifat magnetik sementara pasir tidak bisa ditarik karena tidak mempunyai sifat magnetik sementara untuk garam memisahkan dengan cara proses evaporasi atau penguapan'],40,"50,00","8,00",B,4
633,10,['jelaskan tahapan untuk memisahkan suatu campuran yang terdiri serbuk besi pasir dan garam sehingga didapatkan besi pasir dan garam yang terpisah'],"['tahapan untuk memisahkan campuran serbuk besi pasir dan garam adalah', 'magnetis adalah untuk memisahkan besi dari garam dan pasir', 'filtrasi adalah pasir dan garam diberi air lalu disaring untuk memisahkan pasir dari garam', 'evaporasi adalah larutan garam akan dipanaskan sehingga air pada larutan garam menguap dan garam akan mengkristal']","['tahapan memisahkan suatu campuran yang terdiri dari serbuk besi pasir dan garam sehingga didapat besi pasir dan garam yaitu adalah', 'langkah yang pertama kita memakai magnet untuk mengambil besi jadi yang tersisa sekarang adalah garam dan pasir', 'langkah yang kedua kita bisa melarutkan air ke dalam garam dan pasir kemudian melakukan filtrasi atau penyaringan jadi pasir nya akan tersaring dan tinggal campuran air dan garam', 'langkah yang ke 3 atau langkah terakhir adalah melakukan evaporasi atau pemanasan terhadap campuran air dan garam agar air nya menguap dan hanya garam yang tersisa', 'jadi campuran serbuk besi pasir dan garam akan terpisah dengan magnet melakukan filtrasi atau penyaringan dan melakukan evaporasi atau pemanasan']",50,"50,00","10,00",A,5
634,10,['jelaskan tahapan untuk memisahkan suatu campuran yang terdiri serbuk besi pasir dan garam sehingga didapatkan besi pasir dan garam yang terpisah'],"['tahapan untuk memisahkan campuran serbuk besi pasir dan garam adalah', 'magnetis adalah untuk memisahkan besi dari garam dan pasir', 'filtrasi adalah pasir dan garam diberi air lalu disaring untuk memisahkan pasir dari garam', 'evaporasi adalah larutan garam akan dipanaskan sehingga air pada larutan garam menguap dan garam akan mengkristal']","['pertama siapkan magnet untuk mengambil serbuk besi pada campuran', 'kedua letakan campuran pada air supaya molekul air mengambil garam', 'ketiga ambilkan pasir di genangan air dan letakkan dekat matahari supaya mengering', 'terus ambil air garam dan letakkan di panas matahari yang terik supaya air menguap dan tersisa garam']",35,"50,00","7,00",B,4
635,10,['jelaskan tahapan untuk memisahkan suatu campuran yang terdiri serbuk besi pasir dan garam sehingga didapatkan besi pasir dan garam yang terpisah'],"['tahapan untuk memisahkan campuran serbuk besi pasir dan garam adalah', 'magnetis adalah untuk memisahkan besi dari garam dan pasir', 'filtrasi adalah pasir dan garam diberi air lalu disaring untuk memisahkan pasir dari garam', 'evaporasi adalah larutan garam akan dipanaskan sehingga air pada larutan garam menguap dan garam akan mengkristal']","['magnetis adalah memisahkan besi dengan yang lainnya dengan cara mendekatkan magnet ke besi sehingga besi terpisah degan lainnya', 'filtrasi adalah memberi air ke pasir dan garam lalu menyaringnya', 'evolitrasi adalah air menguap sehingga garam menjadi mengkristal']",40,"50,00","8,00",B,4
636,10,['jelaskan tahapan untuk memisahkan suatu campuran yang terdiri serbuk besi pasir dan garam sehingga didapatkan besi pasir dan garam yang terpisah'],"['tahapan untuk memisahkan campuran serbuk besi pasir dan garam adalah', 'magnetis adalah untuk memisahkan besi dari garam dan pasir', 'filtrasi adalah pasir dan garam diberi air lalu disaring untuk memisahkan pasir dari garam', 'evaporasi adalah larutan garam akan dipanaskan sehingga air pada larutan garam menguap dan garam akan mengkristal']","['peloporan', 'filterisasi', 'kristalisasi', 'penguapan', 'endapan', 'pemisahan maknetik']",30,"50,00","6,00",C,3
637,10,['jelaskan tahapan untuk memisahkan suatu campuran yang terdiri serbuk besi pasir dan garam sehingga didapatkan besi pasir dan garam yang terpisah'],"['tahapan untuk memisahkan campuran serbuk besi pasir dan garam adalah', 'magnetis adalah untuk memisahkan besi dari garam dan pasir', 'filtrasi adalah pasir dan garam diberi air lalu disaring untuk memisahkan pasir dari garam', 'evaporasi adalah larutan garam akan dipanaskan sehingga air pada larutan garam menguap dan garam akan mengkristal']","['untuk memisahkan serbuk besi pasir dan garam yaitu terlebih dahulu jika ingin mengangkat serbuk besi dari pasir dan garam maka menggunakan magnet', 'setelah itu untuk mengangkat pasir dari garam menggunakan dekantasi dan untuk memisahkan garam dari pasir menggunakan sublimasi']",45,"50,00","9,00",A,5
638,10,['jelaskan tahapan untuk memisahkan suatu campuran yang terdiri serbuk besi pasir dan garam sehingga didapatkan besi pasir dan garam yang terpisah'],"['tahapan untuk memisahkan campuran serbuk besi pasir dan garam adalah', 'magnetis adalah untuk memisahkan besi dari garam dan pasir', 'filtrasi adalah pasir dan garam diberi air lalu disaring untuk memisahkan pasir dari garam', 'evaporasi adalah larutan garam akan dipanaskan sehingga air pada larutan garam menguap dan garam akan mengkristal']",['memisahkan besi menggunakan cara magnetic memisakan pasir dengan cara penyaringan atau filterisasi dan memisahkan garam dengan desilitasi'],40,"50,00","8,00",B,4
639,10,['jelaskan tahapan untuk memisahkan suatu campuran yang terdiri serbuk besi pasir dan garam sehingga didapatkan besi pasir dan garam yang terpisah'],"['tahapan untuk memisahkan campuran serbuk besi pasir dan garam adalah', 'magnetis adalah untuk memisahkan besi dari garam dan pasir', 'filtrasi adalah pasir dan garam diberi air lalu disaring untuk memisahkan pasir dari garam', 'evaporasi adalah larutan garam akan dipanaskan sehingga air pada larutan garam menguap dan garam akan mengkristal']","['petama gunakan magnet untuk memisahkan serbuk besi', 'garam menggunakan distrilasi uap', 'pasir mengguakan metode penyaringan']",35,"50,00","7,00",B,4
640,10,['jelaskan tahapan untuk memisahkan suatu campuran yang terdiri serbuk besi pasir dan garam sehingga didapatkan besi pasir dan garam yang terpisah'],"['tahapan untuk memisahkan campuran serbuk besi pasir dan garam adalah', 'magnetis adalah untuk memisahkan besi dari garam dan pasir', 'filtrasi adalah pasir dan garam diberi air lalu disaring untuk memisahkan pasir dari garam', 'evaporasi adalah larutan garam akan dipanaskan sehingga air pada larutan garam menguap dan garam akan mengkristal']",['dengan menggunakan cara menggunakan magnet magnet akan menarik serbuk besi dan menyaring pasir dan garam sehingga serbuk besi pasir dan garam terpisah'],40,"50,00","8,00",B,4
641,10,['jelaskan tahapan untuk memisahkan suatu campuran yang terdiri serbuk besi pasir dan garam sehingga didapatkan besi pasir dan garam yang terpisah'],"['tahapan untuk memisahkan campuran serbuk besi pasir dan garam adalah', 'magnetis adalah untuk memisahkan besi dari garam dan pasir', 'filtrasi adalah pasir dan garam diberi air lalu disaring untuk memisahkan pasir dari garam', 'evaporasi adalah larutan garam akan dipanaskan sehingga air pada larutan garam menguap dan garam akan mengkristal']","['pertama untuk mendapatkan serbuk besi kita dapat menggunakan magnet agar dapat terpisahkan', 'kedua untuk mendapatkan pasir yang harus dilakukan adalah melarutkan garam agar pasir dapat disaring dan terpisahkan', 'ketiga untuk mendapatkan garam yang harus dilakukan adalah memanaskan larutan garam agar mendapatkan garam']",40,"50,00","8,00",B,4
642,10,['jelaskan tahapan untuk memisahkan suatu campuran yang terdiri serbuk besi pasir dan garam sehingga didapatkan besi pasir dan garam yang terpisah'],"['tahapan untuk memisahkan campuran serbuk besi pasir dan garam adalah', 'magnetis adalah untuk memisahkan besi dari garam dan pasir', 'filtrasi adalah pasir dan garam diberi air lalu disaring untuk memisahkan pasir dari garam', 'evaporasi adalah larutan garam akan dipanaskan sehingga air pada larutan garam menguap dan garam akan mengkristal']","['serbuk pasir sama dengan magnet', 'garam sama dengan distrilasi uap', 'pasir sama dengan penyaringan']",35,"50,00","7,00",B,4
643,10,['jelaskan tahapan untuk memisahkan suatu campuran yang terdiri serbuk besi pasir dan garam sehingga didapatkan besi pasir dan garam yang terpisah'],"['tahapan untuk memisahkan campuran serbuk besi pasir dan garam adalah', 'magnetis adalah untuk memisahkan besi dari garam dan pasir', 'filtrasi adalah pasir dan garam diberi air lalu disaring untuk memisahkan pasir dari garam', 'evaporasi adalah larutan garam akan dipanaskan sehingga air pada larutan garam menguap dan garam akan mengkristal']",['yang pertama memisahkan serbuk besi dengan menggunakan teknik magnetik yang kedua memisahkan pasir dengan teknik filtrasi atau penyaringan dan yang terakhir garam dengan menggunakan teknik pengkristalan garam dipanaskan sehingga cairan dan garam terpisah'],45,"50,00","9,00",A,5
644,10,['jelaskan tahapan untuk memisahkan suatu campuran yang terdiri serbuk besi pasir dan garam sehingga didapatkan besi pasir dan garam yang terpisah'],"['tahapan untuk memisahkan campuran serbuk besi pasir dan garam adalah', 'magnetis adalah untuk memisahkan besi dari garam dan pasir', 'filtrasi adalah pasir dan garam diberi air lalu disaring untuk memisahkan pasir dari garam', 'evaporasi adalah larutan garam akan dipanaskan sehingga air pada larutan garam menguap dan garam akan mengkristal']","['serbuk besi adalah magnet', 'garam adalah distrilasi uap', 'pasir adalah penyaringan']",35,"50,00","7,00",B,4
645,10,['jelaskan tahapan untuk memisahkan suatu campuran yang terdiri serbuk besi pasir dan garam sehingga didapatkan besi pasir dan garam yang terpisah'],"['tahapan untuk memisahkan campuran serbuk besi pasir dan garam adalah', 'magnetis adalah untuk memisahkan besi dari garam dan pasir', 'filtrasi adalah pasir dan garam diberi air lalu disaring untuk memisahkan pasir dari garam', 'evaporasi adalah larutan garam akan dipanaskan sehingga air pada larutan garam menguap dan garam akan mengkristal']","['pemisahan adalah menggunakan magnet agar serbuk besi dapat menempel pada magnet dan terpisah dari campuran pasir dan garam', 'filtrasi adalah dengan menambahkan air di campuran pasir dan garam kemudian di filtrasi agar pasir dan garam terpisah', 'evaporasi adalah dengan memanaskan larutan air garam hingga air menguap dan tersisa garam']",45,"50,00","9,00",A,5
646,10,['jelaskan tahapan untuk memisahkan suatu campuran yang terdiri serbuk besi pasir dan garam sehingga didapatkan besi pasir dan garam yang terpisah'],"['tahapan untuk memisahkan campuran serbuk besi pasir dan garam adalah', 'magnetis adalah untuk memisahkan besi dari garam dan pasir', 'filtrasi adalah pasir dan garam diberi air lalu disaring untuk memisahkan pasir dari garam', 'evaporasi adalah larutan garam akan dipanaskan sehingga air pada larutan garam menguap dan garam akan mengkristal']","['memisahkan campuran ketiga partikel ini dapat dilakukan dengan cara adalah', 'memisahkan serbuk besi dapat menggunakan sistem magnetis yaitu mendekatkan magnet ke campuran tersebut menggunakan sebuah magnet', 'memisahkan pasir dengan garam dapat dilakukan dengan metode pengayakan atau penyaringan', 'bisa juga dengan ditambahkan air lalu menggunakan metode penguapan']",30,"50,00","6,00",C,3
647,10,['jelaskan tahapan untuk memisahkan suatu campuran yang terdiri serbuk besi pasir dan garam sehingga didapatkan besi pasir dan garam yang terpisah'],"['tahapan untuk memisahkan campuran serbuk besi pasir dan garam adalah', 'magnetis adalah untuk memisahkan besi dari garam dan pasir', 'filtrasi adalah pasir dan garam diberi air lalu disaring untuk memisahkan pasir dari garam', 'evaporasi adalah larutan garam akan dipanaskan sehingga air pada larutan garam menguap dan garam akan mengkristal']",['1 penggunaan magnet'],10,"50,00","2,00",E,1
648,10,['jelaskan tahapan untuk memisahkan suatu campuran yang terdiri serbuk besi pasir dan garam sehingga didapatkan besi pasir dan garam yang terpisah'],"['tahapan untuk memisahkan campuran serbuk besi pasir dan garam adalah', 'magnetis adalah untuk memisahkan besi dari garam dan pasir', 'filtrasi adalah pasir dan garam diberi air lalu disaring untuk memisahkan pasir dari garam', 'evaporasi adalah larutan garam akan dipanaskan sehingga air pada larutan garam menguap dan garam akan mengkristal']","['dengan menggunakan mesin pemisah serbuk campuran adalah', 'tuangkan suatu campuran serbuk ke dalam mesin', 'siapkan tempat untuk memisahkan hasil serbuk', 'pisahkan serbuk campuran hasil dari pemisahan menjadi sebuk besi serbuk pasir dan serbuk garam']",20,"50,00","4,00",D,2
649,10,['jelaskan tahapan untuk memisahkan suatu campuran yang terdiri serbuk besi pasir dan garam sehingga didapatkan besi pasir dan garam yang terpisah'],"['tahapan untuk memisahkan campuran serbuk besi pasir dan garam adalah', 'magnetis adalah untuk memisahkan besi dari garam dan pasir', 'filtrasi adalah pasir dan garam diberi air lalu disaring untuk memisahkan pasir dari garam', 'evaporasi adalah larutan garam akan dipanaskan sehingga air pada larutan garam menguap dan garam akan mengkristal']",['kosong'],0,"50,00","0,00",E,1
650,10,['jelaskan tahapan untuk memisahkan suatu campuran yang terdiri serbuk besi pasir dan garam sehingga didapatkan besi pasir dan garam yang terpisah'],"['tahapan untuk memisahkan campuran serbuk besi pasir dan garam adalah', 'magnetis adalah untuk memisahkan besi dari garam dan pasir', 'filtrasi adalah pasir dan garam diberi air lalu disaring untuk memisahkan pasir dari garam', 'evaporasi adalah larutan garam akan dipanaskan sehingga air pada larutan garam menguap dan garam akan mengkristal']","['serbuk besi dipisahkan dengan menggunakan magnet', 'pasir dengan penyaringan', 'garam dengan evaporasi', 'langkah adalah', 'taruh serbuk besi dan pasir dan garam di satu wadah', 'ambil magnet untuk memisahkan serbuk besi dengan pasir', 'serbuk besi akan terangkat dan pasir akan tetap di wadahnya', 'lalu garam dipisahkan dengan didiamkan dibawah sinar matahari sehingga terbentuklah kristal kristal', 'lalu pasir dan garam disaring partikel yang lebih kecil yaitu garam akan tersaring sehingga pasir terpisah dengan garam']",40,"50,00","8,00",B,4
651,10,['jelaskan tahapan untuk memisahkan suatu campuran yang terdiri serbuk besi pasir dan garam sehingga didapatkan besi pasir dan garam yang terpisah'],"['tahapan untuk memisahkan campuran serbuk besi pasir dan garam adalah', 'magnetis adalah untuk memisahkan besi dari garam dan pasir', 'filtrasi adalah pasir dan garam diberi air lalu disaring untuk memisahkan pasir dari garam', 'evaporasi adalah larutan garam akan dipanaskan sehingga air pada larutan garam menguap dan garam akan mengkristal']","['menyiapkan tempat untuk memisahkan serbuk besi pasir garam', 'menggunakan sarung tangan']",10,"50,00","2,00",E,1
652,10,['jelaskan tahapan untuk memisahkan suatu campuran yang terdiri serbuk besi pasir dan garam sehingga didapatkan besi pasir dan garam yang terpisah'],"['tahapan untuk memisahkan campuran serbuk besi pasir dan garam adalah', 'magnetis adalah untuk memisahkan besi dari garam dan pasir', 'filtrasi adalah pasir dan garam diberi air lalu disaring untuk memisahkan pasir dari garam', 'evaporasi adalah larutan garam akan dipanaskan sehingga air pada larutan garam menguap dan garam akan mengkristal']","['pertama kita pisahkan terlebih dahulu serbuk besi menggunakan metode magnetisasi menggunakan magnet untuk menarik serbuk besi sehingga terpisah dari campuran', 'kedua kita lakukan metode filtrasi untuk menyaring dan memisahkan antara larutan garam dan endapan pasir', 'ketiga kita menggunakan metode kristalisasi atau evaporasi untuk memisahkan antara larutan garam dan air dengan cara cukup dijemur dipanas matahari lalu airnya akan menguap dan garam akan mengkristal dan berkerak dibawah']",50,"50,00","10,00",A,5
653,10,['jelaskan tahapan untuk memisahkan suatu campuran yang terdiri serbuk besi pasir dan garam sehingga didapatkan besi pasir dan garam yang terpisah'],"['tahapan untuk memisahkan campuran serbuk besi pasir dan garam adalah', 'magnetis adalah untuk memisahkan besi dari garam dan pasir', 'filtrasi adalah pasir dan garam diberi air lalu disaring untuk memisahkan pasir dari garam', 'evaporasi adalah larutan garam akan dipanaskan sehingga air pada larutan garam menguap dan garam akan mengkristal']",['memisahkan serbuk besi dan pasir pertama mengangkat serbuk besi dengan menggunakan magnet setelah itu mengangkat dengan'],10,"50,00","2,00",E,1
654,10,['jelaskan tahapan untuk memisahkan suatu campuran yang terdiri serbuk besi pasir dan garam sehingga didapatkan besi pasir dan garam yang terpisah'],"['tahapan untuk memisahkan campuran serbuk besi pasir dan garam adalah', 'magnetis adalah untuk memisahkan besi dari garam dan pasir', 'filtrasi adalah pasir dan garam diberi air lalu disaring untuk memisahkan pasir dari garam', 'evaporasi adalah larutan garam akan dipanaskan sehingga air pada larutan garam menguap dan garam akan mengkristal']","['penggunaan magnet', 'terdapat dua campuran yaitu serbuk pasir dan serbuk besi setelah itu masukan magnet kedalam kedua campuran tersebut kemudian serbuk besi akan menempel pada magnet', 'karena serbuk besi mudah menempel pada magnet', 'proses penyaringan serbuk pasir', 'pasir akan diayak menjadi lebih kecil', 'proses krtistalisai adalah garam dijemur dibawah sinar matahari dan garam menguap menjadi air dan terbentuk proses kristalisasi']",40,"50,00","8,00",B,4
655,10,['jelaskan tahapan untuk memisahkan suatu campuran yang terdiri serbuk besi pasir dan garam sehingga didapatkan besi pasir dan garam yang terpisah'],"['tahapan untuk memisahkan campuran serbuk besi pasir dan garam adalah', 'magnetis adalah untuk memisahkan besi dari garam dan pasir', 'filtrasi adalah pasir dan garam diberi air lalu disaring untuk memisahkan pasir dari garam', 'evaporasi adalah larutan garam akan dipanaskan sehingga air pada larutan garam menguap dan garam akan mengkristal']","['untuk memisahkan serbuk besi pasir dan garam magnet dapat digunakan', 'setelah proses pemisahan serbuk besi akan menjadi zat padat dan terpisah dari serbuk lainnya']",20,"50,00","4,00",D,2
656,10,['jelaskan tahapan untuk memisahkan suatu campuran yang terdiri serbuk besi pasir dan garam sehingga didapatkan besi pasir dan garam yang terpisah'],"['tahapan untuk memisahkan campuran serbuk besi pasir dan garam adalah', 'magnetis adalah untuk memisahkan besi dari garam dan pasir', 'filtrasi adalah pasir dan garam diberi air lalu disaring untuk memisahkan pasir dari garam', 'evaporasi adalah larutan garam akan dipanaskan sehingga air pada larutan garam menguap dan garam akan mengkristal']","['mesin pemisah serbuk campuran dapat digunakan untuk memisahkan serbuk besi pasir dan garam dengan cara adalah', 'menuangkan campuran serbuk ke dalam mesin', 'menyiapkan tempat untuk memisahkan hasil serbuk', 'memisahkan serbuk campuran menjadi serbuk besi serbuk pasir dan serbuk garam']",20,"50,00","4,00",D,2
657,10,['jelaskan tahapan untuk memisahkan suatu campuran yang terdiri serbuk besi pasir dan garam sehingga didapatkan besi pasir dan garam yang terpisah'],"['tahapan untuk memisahkan campuran serbuk besi pasir dan garam adalah', 'magnetis adalah untuk memisahkan besi dari garam dan pasir', 'filtrasi adalah pasir dan garam diberi air lalu disaring untuk memisahkan pasir dari garam', 'evaporasi adalah larutan garam akan dipanaskan sehingga air pada larutan garam menguap dan garam akan mengkristal']","['campuran besi dapat dipisahkan menggunakan penyaring halus sehingga komponen komponennya tidak tercampur kembali', 'selain itu cairan besi dapat digunakan untuk memisahkan garam dan pasir karena garam akan menyatu dengan besi untuk beberapa detik memungkinkan pemisahan']",20,"50,00","4,00",D,2
658,10,['jelaskan tahapan untuk memisahkan suatu campuran yang terdiri serbuk besi pasir dan garam sehingga didapatkan besi pasir dan garam yang terpisah'],"['tahapan untuk memisahkan campuran serbuk besi pasir dan garam adalah', 'magnetis adalah untuk memisahkan besi dari garam dan pasir', 'filtrasi adalah pasir dan garam diberi air lalu disaring untuk memisahkan pasir dari garam', 'evaporasi adalah larutan garam akan dipanaskan sehingga air pada larutan garam menguap dan garam akan mengkristal']","['campuran besi dapat dipisahkan menggunakan penyaring halus sehingga komponen komponennya tidak tercampur kembali', 'selain itu cairan besi dapat digunakan untuk memisahkan garam dan pasir karena garam akan menyatu dengan besi untuk beberapa detik memungkinkan pemisahan']",20,"50,00","4,00",D,2
659,10,['jelaskan tahapan untuk memisahkan suatu campuran yang terdiri serbuk besi pasir dan garam sehingga didapatkan besi pasir dan garam yang terpisah'],"['tahapan untuk memisahkan campuran serbuk besi pasir dan garam adalah', 'magnetis adalah untuk memisahkan besi dari garam dan pasir', 'filtrasi adalah pasir dan garam diberi air lalu disaring untuk memisahkan pasir dari garam', 'evaporasi adalah larutan garam akan dipanaskan sehingga air pada larutan garam menguap dan garam akan mengkristal']","['magnet dapat digunakan untuk memisahkan serbuk besi pasir dan garam', 'setelah proses pemisahan serbuk besi akan menjadi zat padat dan terpisah dari serbuk lainnya']",20,"50,00","4,00",D,2
660,10,['jelaskan tahapan untuk memisahkan suatu campuran yang terdiri serbuk besi pasir dan garam sehingga didapatkan besi pasir dan garam yang terpisah'],"['tahapan untuk memisahkan campuran serbuk besi pasir dan garam adalah', 'magnetis adalah untuk memisahkan besi dari garam dan pasir', 'filtrasi adalah pasir dan garam diberi air lalu disaring untuk memisahkan pasir dari garam', 'evaporasi adalah larutan garam akan dipanaskan sehingga air pada larutan garam menguap dan garam akan mengkristal']","['dengan menggunakan magnet kita dapat memisahkan serbuk besi pasir dan garam', 'setelah proses pemisahan serbuk besi akan menjadi zat padat dan terpisah dari serbuk lainnya']",20,"50,00","4,00",D,2
661,10,['jelaskan tahapan untuk memisahkan suatu campuran yang terdiri serbuk besi pasir dan garam sehingga didapatkan besi pasir dan garam yang terpisah'],"['tahapan untuk memisahkan campuran serbuk besi pasir dan garam adalah', 'magnetis adalah untuk memisahkan besi dari garam dan pasir', 'filtrasi adalah pasir dan garam diberi air lalu disaring untuk memisahkan pasir dari garam', 'evaporasi adalah larutan garam akan dipanaskan sehingga air pada larutan garam menguap dan garam akan mengkristal']","['untuk memisahkan campuran besi pasir dan garam kita dapat menggunakan penyaring yang sangat halus sehingga komponen komponennya tidak tercampur kembali', 'kemudian kita dapat menggunakan cairan besi untuk memisahkan garam dan pasir karena garam akan menyatu dengan besi untuk beberapa detik memungkinkan pemisahan']",20,"50,00","4,00",D,2
662,10,['jelaskan tahapan untuk memisahkan suatu campuran yang terdiri serbuk besi pasir dan garam sehingga didapatkan besi pasir dan garam yang terpisah'],"['tahapan untuk memisahkan campuran serbuk besi pasir dan garam adalah', 'magnetis adalah untuk memisahkan besi dari garam dan pasir', 'filtrasi adalah pasir dan garam diberi air lalu disaring untuk memisahkan pasir dari garam', 'evaporasi adalah larutan garam akan dipanaskan sehingga air pada larutan garam menguap dan garam akan mengkristal']","['memisahkan campuran ketiga partikel ini dapat dilakukan dengan cara adalah', 'memisahkan serbuk besi dapat menggunakan sistem magnetis yaitu mendekatkan magnet ke campuran tersebut menggunakan sebuah magnet', 'memisahkan pasir dengan garam dapat dilakukan dengan metode pengayakan atau penyaringan', 'bisa juga dengan ditambahkan air lalu menggunakan metode penguapan']",30,"50,00","6,00",C,3
663,11,"['kongres pemuda kedua digagas oleh perhimpunan pelajar pelajar indonesia pppi sebuah organisasi pemuda yang beranggotakan pelajar dari seluruh indonesia', 'kongres ini bertujuan untuk memperkuat rasa persatuan dan kebangsaan indonesia yang telah tumbuh di dalam benak dan sanubari pemuda pemudi', 'sebelum kongres digelar para pemuda mengadakan pertemuan terlebih dahulu pada 3 mei 1928 dan 12 agustus 1928 mereka membahas tentang pembentukan panitia susunan acara kongres waktu tempat dan biaya', 'kemudian pertemuan itu menyepakati bahwa kongres pemuda kedua akan diselenggarakan pada 27 28 oktober 1928 di tiga lokasi berbeda yaitu gedung katholieke jongenlingen bond oost java bioscoop dan indonesische clubgebouw rumah indekos kramat no', '106', 'keseluruhan biaya akan ditanggung oleh organisasi organisasi yang menghadiri kongres serta sumbangan sukarela', 'tulislah naskah sumpah pemuda yang dikumandangkan oleh para pemuda pada tanggal 28 oktober 1928']","['kami putra dan putri indonesia mengaku bertumpah darah yang satu tanah air indonesia', 'kami putra dan putri indonesia mengaku berbangsa yang satu bangsa indonesia', 'kami putra dan putri indonesia menjunjung bahasa persatuan bahasa indonesia']","['kami putra putri indonesia mengakui pertumpahan darah yang satu tanah air indonesia', 'kami putra putri indonesia mengakui berbangsa yang satu bangsa indonesia', 'kami putra putri indonesia menjunjung bahasa persatuan bahasa indonesia']",25,30,"8,33",B,4
664,11,"['kongres pemuda kedua digagas oleh perhimpunan pelajar pelajar indonesia pppi sebuah organisasi pemuda yang beranggotakan pelajar dari seluruh indonesia', 'kongres ini bertujuan untuk memperkuat rasa persatuan dan kebangsaan indonesia yang telah tumbuh di dalam benak dan sanubari pemuda pemudi', 'sebelum kongres digelar para pemuda mengadakan pertemuan terlebih dahulu pada 3 mei 1928 dan 12 agustus 1928 mereka membahas tentang pembentukan panitia susunan acara kongres waktu tempat dan biaya', 'kemudian pertemuan itu menyepakati bahwa kongres pemuda kedua akan diselenggarakan pada 27 28 oktober 1928 di tiga lokasi berbeda yaitu gedung katholieke jongenlingen bond oost java bioscoop dan indonesische clubgebouw rumah indekos kramat no', '106', 'keseluruhan biaya akan ditanggung oleh organisasi organisasi yang menghadiri kongres serta sumbangan sukarela', 'tulislah naskah sumpah pemuda yang dikumandangkan oleh para pemuda pada tanggal 28 oktober 1928']","['kami putra dan putri indonesia mengaku bertumpah darah yang satu tanah air indonesia', 'kami putra dan putri indonesia mengaku berbangsa yang satu bangsa indonesia', 'kami putra dan putri indonesia menjunjung bahasa persatuan bahasa indonesia']",['naskahnya0 adalah kami bangsa indonesia dengan ini menyatakan indonesia telah merdeka'],5,30,"1,67",E,1
665,11,"['kongres pemuda kedua digagas oleh perhimpunan pelajar pelajar indonesia pppi sebuah organisasi pemuda yang beranggotakan pelajar dari seluruh indonesia', 'kongres ini bertujuan untuk memperkuat rasa persatuan dan kebangsaan indonesia yang telah tumbuh di dalam benak dan sanubari pemuda pemudi', 'sebelum kongres digelar para pemuda mengadakan pertemuan terlebih dahulu pada 3 mei 1928 dan 12 agustus 1928 mereka membahas tentang pembentukan panitia susunan acara kongres waktu tempat dan biaya', 'kemudian pertemuan itu menyepakati bahwa kongres pemuda kedua akan diselenggarakan pada 27 28 oktober 1928 di tiga lokasi berbeda yaitu gedung katholieke jongenlingen bond oost java bioscoop dan indonesische clubgebouw rumah indekos kramat no', '106', 'keseluruhan biaya akan ditanggung oleh organisasi organisasi yang menghadiri kongres serta sumbangan sukarela', 'tulislah naskah sumpah pemuda yang dikumandangkan oleh para pemuda pada tanggal 28 oktober 1928']","['kami putra dan putri indonesia mengaku bertumpah darah yang satu tanah air indonesia', 'kami putra dan putri indonesia mengaku berbangsa yang satu bangsa indonesia', 'kami putra dan putri indonesia menjunjung bahasa persatuan bahasa indonesia']","['kami para putra putri indonesia menyatakan dengan ini tidak akan ada lagi pertumpahan darah', 'kami putra putri indonesia akan berjuang demi kemerdekaan indonesia untuk seluruh rakyat indonesia', 'kami puta putri indonesia berjanji untuk melawan penjajahan dan mengusir penjajahan dengan baik dan tidak akan menumpahkan darah di tanah indonesia ini']",5,30,"1,67",E,1
666,11,"['kongres pemuda kedua digagas oleh perhimpunan pelajar pelajar indonesia pppi sebuah organisasi pemuda yang beranggotakan pelajar dari seluruh indonesia', 'kongres ini bertujuan untuk memperkuat rasa persatuan dan kebangsaan indonesia yang telah tumbuh di dalam benak dan sanubari pemuda pemudi', 'sebelum kongres digelar para pemuda mengadakan pertemuan terlebih dahulu pada 3 mei 1928 dan 12 agustus 1928 mereka membahas tentang pembentukan panitia susunan acara kongres waktu tempat dan biaya', 'kemudian pertemuan itu menyepakati bahwa kongres pemuda kedua akan diselenggarakan pada 27 28 oktober 1928 di tiga lokasi berbeda yaitu gedung katholieke jongenlingen bond oost java bioscoop dan indonesische clubgebouw rumah indekos kramat no', '106', 'keseluruhan biaya akan ditanggung oleh organisasi organisasi yang menghadiri kongres serta sumbangan sukarela', 'tulislah naskah sumpah pemuda yang dikumandangkan oleh para pemuda pada tanggal 28 oktober 1928']","['kami putra dan putri indonesia mengaku bertumpah darah yang satu tanah air indonesia', 'kami putra dan putri indonesia mengaku berbangsa yang satu bangsa indonesia', 'kami putra dan putri indonesia menjunjung bahasa persatuan bahasa indonesia']","['kami putra putri indonesia mengaku memiliki tanah air yang satu dan berbangsa satu', 'kami putra putri indonesia mengaku berbahasa yang satu', 'kami putra putri indonesia mengaku memiliki tanah yang merdeka dan berdaulat']",10,30,"3,33",E,1
667,11,"['kongres pemuda kedua digagas oleh perhimpunan pelajar pelajar indonesia pppi sebuah organisasi pemuda yang beranggotakan pelajar dari seluruh indonesia', 'kongres ini bertujuan untuk memperkuat rasa persatuan dan kebangsaan indonesia yang telah tumbuh di dalam benak dan sanubari pemuda pemudi', 'sebelum kongres digelar para pemuda mengadakan pertemuan terlebih dahulu pada 3 mei 1928 dan 12 agustus 1928 mereka membahas tentang pembentukan panitia susunan acara kongres waktu tempat dan biaya', 'kemudian pertemuan itu menyepakati bahwa kongres pemuda kedua akan diselenggarakan pada 27 28 oktober 1928 di tiga lokasi berbeda yaitu gedung katholieke jongenlingen bond oost java bioscoop dan indonesische clubgebouw rumah indekos kramat no', '106', 'keseluruhan biaya akan ditanggung oleh organisasi organisasi yang menghadiri kongres serta sumbangan sukarela', 'tulislah naskah sumpah pemuda yang dikumandangkan oleh para pemuda pada tanggal 28 oktober 1928']","['kami putra dan putri indonesia mengaku bertumpah darah yang satu tanah air indonesia', 'kami putra dan putri indonesia mengaku berbangsa yang satu bangsa indonesia', 'kami putra dan putri indonesia menjunjung bahasa persatuan bahasa indonesia']","['kami putra putri indonesia', 'berbangsa yang satu', 'bangsa indonesia', 'kami putra putri indonesia', 'berbahasa yang satu', 'bahasa indonesia', 'kami putra putri indonesia', 'bertumpah darah yang satu tanah air indonesia']",30,30,"10,00",A,5
668,11,"['kongres pemuda kedua digagas oleh perhimpunan pelajar pelajar indonesia pppi sebuah organisasi pemuda yang beranggotakan pelajar dari seluruh indonesia', 'kongres ini bertujuan untuk memperkuat rasa persatuan dan kebangsaan indonesia yang telah tumbuh di dalam benak dan sanubari pemuda pemudi', 'sebelum kongres digelar para pemuda mengadakan pertemuan terlebih dahulu pada 3 mei 1928 dan 12 agustus 1928 mereka membahas tentang pembentukan panitia susunan acara kongres waktu tempat dan biaya', 'kemudian pertemuan itu menyepakati bahwa kongres pemuda kedua akan diselenggarakan pada 27 28 oktober 1928 di tiga lokasi berbeda yaitu gedung katholieke jongenlingen bond oost java bioscoop dan indonesische clubgebouw rumah indekos kramat no', '106', 'keseluruhan biaya akan ditanggung oleh organisasi organisasi yang menghadiri kongres serta sumbangan sukarela', 'tulislah naskah sumpah pemuda yang dikumandangkan oleh para pemuda pada tanggal 28 oktober 1928']","['kami putra dan putri indonesia mengaku bertumpah darah yang satu tanah air indonesia', 'kami putra dan putri indonesia mengaku berbangsa yang satu bangsa indonesia', 'kami putra dan putri indonesia menjunjung bahasa persatuan bahasa indonesia']","['kami putra putri indonesia mengaku bertumpah darah yang satu di indonesia', 'kami putra putri indonesia mengaku berbahasa satu yaitu bahasa indonesia', 'kami putra putri indonesia mengaku berbangsa satu yaitu bangsa indonesia']",30,30,"10,00",A,5
669,11,"['kongres pemuda kedua digagas oleh perhimpunan pelajar pelajar indonesia pppi sebuah organisasi pemuda yang beranggotakan pelajar dari seluruh indonesia', 'kongres ini bertujuan untuk memperkuat rasa persatuan dan kebangsaan indonesia yang telah tumbuh di dalam benak dan sanubari pemuda pemudi', 'sebelum kongres digelar para pemuda mengadakan pertemuan terlebih dahulu pada 3 mei 1928 dan 12 agustus 1928 mereka membahas tentang pembentukan panitia susunan acara kongres waktu tempat dan biaya', 'kemudian pertemuan itu menyepakati bahwa kongres pemuda kedua akan diselenggarakan pada 27 28 oktober 1928 di tiga lokasi berbeda yaitu gedung katholieke jongenlingen bond oost java bioscoop dan indonesische clubgebouw rumah indekos kramat no', '106', 'keseluruhan biaya akan ditanggung oleh organisasi organisasi yang menghadiri kongres serta sumbangan sukarela', 'tulislah naskah sumpah pemuda yang dikumandangkan oleh para pemuda pada tanggal 28 oktober 1928']","['kami putra dan putri indonesia mengaku bertumpah darah yang satu tanah air indonesia', 'kami putra dan putri indonesia mengaku berbangsa yang satu bangsa indonesia', 'kami putra dan putri indonesia menjunjung bahasa persatuan bahasa indonesia']","['kami putra putri indonesia mengakui pertumpahan darah yang satu tanah air', 'berbangsa yang satu bangsa indonesia', 'bahasa persatuan bahasa indonesia']",10,30,"3,33",E,1
670,11,"['kongres pemuda kedua digagas oleh perhimpunan pelajar pelajar indonesia pppi sebuah organisasi pemuda yang beranggotakan pelajar dari seluruh indonesia', 'kongres ini bertujuan untuk memperkuat rasa persatuan dan kebangsaan indonesia yang telah tumbuh di dalam benak dan sanubari pemuda pemudi', 'sebelum kongres digelar para pemuda mengadakan pertemuan terlebih dahulu pada 3 mei 1928 dan 12 agustus 1928 mereka membahas tentang pembentukan panitia susunan acara kongres waktu tempat dan biaya', 'kemudian pertemuan itu menyepakati bahwa kongres pemuda kedua akan diselenggarakan pada 27 28 oktober 1928 di tiga lokasi berbeda yaitu gedung katholieke jongenlingen bond oost java bioscoop dan indonesische clubgebouw rumah indekos kramat no', '106', 'keseluruhan biaya akan ditanggung oleh organisasi organisasi yang menghadiri kongres serta sumbangan sukarela', 'tulislah naskah sumpah pemuda yang dikumandangkan oleh para pemuda pada tanggal 28 oktober 1928']","['kami putra dan putri indonesia mengaku bertumpah darah yang satu tanah air indonesia', 'kami putra dan putri indonesia mengaku berbangsa yang satu bangsa indonesia', 'kami putra dan putri indonesia menjunjung bahasa persatuan bahasa indonesia']",['kami putra putri indonesia bertumpah darah yang satu'],5,30,"1,67",E,1
671,11,"['kongres pemuda kedua digagas oleh perhimpunan pelajar pelajar indonesia pppi sebuah organisasi pemuda yang beranggotakan pelajar dari seluruh indonesia', 'kongres ini bertujuan untuk memperkuat rasa persatuan dan kebangsaan indonesia yang telah tumbuh di dalam benak dan sanubari pemuda pemudi', 'sebelum kongres digelar para pemuda mengadakan pertemuan terlebih dahulu pada 3 mei 1928 dan 12 agustus 1928 mereka membahas tentang pembentukan panitia susunan acara kongres waktu tempat dan biaya', 'kemudian pertemuan itu menyepakati bahwa kongres pemuda kedua akan diselenggarakan pada 27 28 oktober 1928 di tiga lokasi berbeda yaitu gedung katholieke jongenlingen bond oost java bioscoop dan indonesische clubgebouw rumah indekos kramat no', '106', 'keseluruhan biaya akan ditanggung oleh organisasi organisasi yang menghadiri kongres serta sumbangan sukarela', 'tulislah naskah sumpah pemuda yang dikumandangkan oleh para pemuda pada tanggal 28 oktober 1928']","['kami putra dan putri indonesia mengaku bertumpah darah yang satu tanah air indonesia', 'kami putra dan putri indonesia mengaku berbangsa yang satu bangsa indonesia', 'kami putra dan putri indonesia menjunjung bahasa persatuan bahasa indonesia']",['para pemuda pemudi indonesia menjunjung tanah air indonesia tumpah darah semangat kemerdekaan'],5,30,"1,67",E,1
672,11,"['kongres pemuda kedua digagas oleh perhimpunan pelajar pelajar indonesia pppi sebuah organisasi pemuda yang beranggotakan pelajar dari seluruh indonesia', 'kongres ini bertujuan untuk memperkuat rasa persatuan dan kebangsaan indonesia yang telah tumbuh di dalam benak dan sanubari pemuda pemudi', 'sebelum kongres digelar para pemuda mengadakan pertemuan terlebih dahulu pada 3 mei 1928 dan 12 agustus 1928 mereka membahas tentang pembentukan panitia susunan acara kongres waktu tempat dan biaya', 'kemudian pertemuan itu menyepakati bahwa kongres pemuda kedua akan diselenggarakan pada 27 28 oktober 1928 di tiga lokasi berbeda yaitu gedung katholieke jongenlingen bond oost java bioscoop dan indonesische clubgebouw rumah indekos kramat no', '106', 'keseluruhan biaya akan ditanggung oleh organisasi organisasi yang menghadiri kongres serta sumbangan sukarela', 'tulislah naskah sumpah pemuda yang dikumandangkan oleh para pemuda pada tanggal 28 oktober 1928']","['kami putra dan putri indonesia mengaku bertumpah darah yang satu tanah air indonesia', 'kami putra dan putri indonesia mengaku berbangsa yang satu bangsa indonesia', 'kami putra dan putri indonesia menjunjung bahasa persatuan bahasa indonesia']",['kami putra dan putri indonesia mengaku berbahasa yang satu'],5,30,"1,67",E,1
673,11,"['kongres pemuda kedua digagas oleh perhimpunan pelajar pelajar indonesia pppi sebuah organisasi pemuda yang beranggotakan pelajar dari seluruh indonesia', 'kongres ini bertujuan untuk memperkuat rasa persatuan dan kebangsaan indonesia yang telah tumbuh di dalam benak dan sanubari pemuda pemudi', 'sebelum kongres digelar para pemuda mengadakan pertemuan terlebih dahulu pada 3 mei 1928 dan 12 agustus 1928 mereka membahas tentang pembentukan panitia susunan acara kongres waktu tempat dan biaya', 'kemudian pertemuan itu menyepakati bahwa kongres pemuda kedua akan diselenggarakan pada 27 28 oktober 1928 di tiga lokasi berbeda yaitu gedung katholieke jongenlingen bond oost java bioscoop dan indonesische clubgebouw rumah indekos kramat no', '106', 'keseluruhan biaya akan ditanggung oleh organisasi organisasi yang menghadiri kongres serta sumbangan sukarela', 'tulislah naskah sumpah pemuda yang dikumandangkan oleh para pemuda pada tanggal 28 oktober 1928']","['kami putra dan putri indonesia mengaku bertumpah darah yang satu tanah air indonesia', 'kami putra dan putri indonesia mengaku berbangsa yang satu bangsa indonesia', 'kami putra dan putri indonesia menjunjung bahasa persatuan bahasa indonesia']",['naskah sumpah pemuda adalah naskah kongres pemuda kedua yang di gagas oleh perhimpunan pelajar pelajar indonesia'],5,30,"1,67",E,1
674,11,"['kongres pemuda kedua digagas oleh perhimpunan pelajar pelajar indonesia pppi sebuah organisasi pemuda yang beranggotakan pelajar dari seluruh indonesia', 'kongres ini bertujuan untuk memperkuat rasa persatuan dan kebangsaan indonesia yang telah tumbuh di dalam benak dan sanubari pemuda pemudi', 'sebelum kongres digelar para pemuda mengadakan pertemuan terlebih dahulu pada 3 mei 1928 dan 12 agustus 1928 mereka membahas tentang pembentukan panitia susunan acara kongres waktu tempat dan biaya', 'kemudian pertemuan itu menyepakati bahwa kongres pemuda kedua akan diselenggarakan pada 27 28 oktober 1928 di tiga lokasi berbeda yaitu gedung katholieke jongenlingen bond oost java bioscoop dan indonesische clubgebouw rumah indekos kramat no', '106', 'keseluruhan biaya akan ditanggung oleh organisasi organisasi yang menghadiri kongres serta sumbangan sukarela', 'tulislah naskah sumpah pemuda yang dikumandangkan oleh para pemuda pada tanggal 28 oktober 1928']","['kami putra dan putri indonesia mengaku bertumpah darah yang satu tanah air indonesia', 'kami putra dan putri indonesia mengaku berbangsa yang satu bangsa indonesia', 'kami putra dan putri indonesia menjunjung bahasa persatuan bahasa indonesia']",['kosong'],0,30,"0,00",E,1
675,11,"['kongres pemuda kedua digagas oleh perhimpunan pelajar pelajar indonesia pppi sebuah organisasi pemuda yang beranggotakan pelajar dari seluruh indonesia', 'kongres ini bertujuan untuk memperkuat rasa persatuan dan kebangsaan indonesia yang telah tumbuh di dalam benak dan sanubari pemuda pemudi', 'sebelum kongres digelar para pemuda mengadakan pertemuan terlebih dahulu pada 3 mei 1928 dan 12 agustus 1928 mereka membahas tentang pembentukan panitia susunan acara kongres waktu tempat dan biaya', 'kemudian pertemuan itu menyepakati bahwa kongres pemuda kedua akan diselenggarakan pada 27 28 oktober 1928 di tiga lokasi berbeda yaitu gedung katholieke jongenlingen bond oost java bioscoop dan indonesische clubgebouw rumah indekos kramat no', '106', 'keseluruhan biaya akan ditanggung oleh organisasi organisasi yang menghadiri kongres serta sumbangan sukarela', 'tulislah naskah sumpah pemuda yang dikumandangkan oleh para pemuda pada tanggal 28 oktober 1928']","['kami putra dan putri indonesia mengaku bertumpah darah yang satu tanah air indonesia', 'kami putra dan putri indonesia mengaku berbangsa yang satu bangsa indonesia', 'kami putra dan putri indonesia menjunjung bahasa persatuan bahasa indonesia']",['kami pemuda pemudi indonesia menyatakan seluruh rakyat indonesia kemerdekaannya'],5,30,"1,67",E,1
676,11,"['kongres pemuda kedua digagas oleh perhimpunan pelajar pelajar indonesia pppi sebuah organisasi pemuda yang beranggotakan pelajar dari seluruh indonesia', 'kongres ini bertujuan untuk memperkuat rasa persatuan dan kebangsaan indonesia yang telah tumbuh di dalam benak dan sanubari pemuda pemudi', 'sebelum kongres digelar para pemuda mengadakan pertemuan terlebih dahulu pada 3 mei 1928 dan 12 agustus 1928 mereka membahas tentang pembentukan panitia susunan acara kongres waktu tempat dan biaya', 'kemudian pertemuan itu menyepakati bahwa kongres pemuda kedua akan diselenggarakan pada 27 28 oktober 1928 di tiga lokasi berbeda yaitu gedung katholieke jongenlingen bond oost java bioscoop dan indonesische clubgebouw rumah indekos kramat no', '106', 'keseluruhan biaya akan ditanggung oleh organisasi organisasi yang menghadiri kongres serta sumbangan sukarela', 'tulislah naskah sumpah pemuda yang dikumandangkan oleh para pemuda pada tanggal 28 oktober 1928']","['kami putra dan putri indonesia mengaku bertumpah darah yang satu tanah air indonesia', 'kami putra dan putri indonesia mengaku berbangsa yang satu bangsa indonesia', 'kami putra dan putri indonesia menjunjung bahasa persatuan bahasa indonesia']","['kami putra putri indonesia menyatakan dengain ini hak segala bangsa', 'kami putra putri menyatakan bersatu berdaulaut adik dan makmuir']",5,30,"1,67",E,1
677,11,"['kongres pemuda kedua digagas oleh perhimpunan pelajar pelajar indonesia pppi sebuah organisasi pemuda yang beranggotakan pelajar dari seluruh indonesia', 'kongres ini bertujuan untuk memperkuat rasa persatuan dan kebangsaan indonesia yang telah tumbuh di dalam benak dan sanubari pemuda pemudi', 'sebelum kongres digelar para pemuda mengadakan pertemuan terlebih dahulu pada 3 mei 1928 dan 12 agustus 1928 mereka membahas tentang pembentukan panitia susunan acara kongres waktu tempat dan biaya', 'kemudian pertemuan itu menyepakati bahwa kongres pemuda kedua akan diselenggarakan pada 27 28 oktober 1928 di tiga lokasi berbeda yaitu gedung katholieke jongenlingen bond oost java bioscoop dan indonesische clubgebouw rumah indekos kramat no', '106', 'keseluruhan biaya akan ditanggung oleh organisasi organisasi yang menghadiri kongres serta sumbangan sukarela', 'tulislah naskah sumpah pemuda yang dikumandangkan oleh para pemuda pada tanggal 28 oktober 1928']","['kami putra dan putri indonesia mengaku bertumpah darah yang satu tanah air indonesia', 'kami putra dan putri indonesia mengaku berbangsa yang satu bangsa indonesia', 'kami putra dan putri indonesia menjunjung bahasa persatuan bahasa indonesia']","['sumpah pemuda', 'kami putra putri indonesia mengaku menggunakan bahasa persatuan bahasa indonesia', 'kamiputra danputriindonesia mengaku bertumpah darah untuk indonesia', 'kami puteraputeri indonesia']",20,30,"6,67",C,3
678,11,"['kongres pemuda kedua digagas oleh perhimpunan pelajar pelajar indonesia pppi sebuah organisasi pemuda yang beranggotakan pelajar dari seluruh indonesia', 'kongres ini bertujuan untuk memperkuat rasa persatuan dan kebangsaan indonesia yang telah tumbuh di dalam benak dan sanubari pemuda pemudi', 'sebelum kongres digelar para pemuda mengadakan pertemuan terlebih dahulu pada 3 mei 1928 dan 12 agustus 1928 mereka membahas tentang pembentukan panitia susunan acara kongres waktu tempat dan biaya', 'kemudian pertemuan itu menyepakati bahwa kongres pemuda kedua akan diselenggarakan pada 27 28 oktober 1928 di tiga lokasi berbeda yaitu gedung katholieke jongenlingen bond oost java bioscoop dan indonesische clubgebouw rumah indekos kramat no', '106', 'keseluruhan biaya akan ditanggung oleh organisasi organisasi yang menghadiri kongres serta sumbangan sukarela', 'tulislah naskah sumpah pemuda yang dikumandangkan oleh para pemuda pada tanggal 28 oktober 1928']","['kami putra dan putri indonesia mengaku bertumpah darah yang satu tanah air indonesia', 'kami putra dan putri indonesia mengaku berbangsa yang satu bangsa indonesia', 'kami putra dan putri indonesia menjunjung bahasa persatuan bahasa indonesia']","['kami putra putri indonesia mengaku berbangsa yang satu bangsa indonesia', 'kami putra putri indonesia menjunjung tinggi persatuan', 'kami putra putri indonesia berbahasa yang satu bahasa indonesia']",10,30,"3,33",E,1
679,11,"['kongres pemuda kedua digagas oleh perhimpunan pelajar pelajar indonesia pppi sebuah organisasi pemuda yang beranggotakan pelajar dari seluruh indonesia', 'kongres ini bertujuan untuk memperkuat rasa persatuan dan kebangsaan indonesia yang telah tumbuh di dalam benak dan sanubari pemuda pemudi', 'sebelum kongres digelar para pemuda mengadakan pertemuan terlebih dahulu pada 3 mei 1928 dan 12 agustus 1928 mereka membahas tentang pembentukan panitia susunan acara kongres waktu tempat dan biaya', 'kemudian pertemuan itu menyepakati bahwa kongres pemuda kedua akan diselenggarakan pada 27 28 oktober 1928 di tiga lokasi berbeda yaitu gedung katholieke jongenlingen bond oost java bioscoop dan indonesische clubgebouw rumah indekos kramat no', '106', 'keseluruhan biaya akan ditanggung oleh organisasi organisasi yang menghadiri kongres serta sumbangan sukarela', 'tulislah naskah sumpah pemuda yang dikumandangkan oleh para pemuda pada tanggal 28 oktober 1928']","['kami putra dan putri indonesia mengaku bertumpah darah yang satu tanah air indonesia', 'kami putra dan putri indonesia mengaku berbangsa yang satu bangsa indonesia', 'kami putra dan putri indonesia menjunjung bahasa persatuan bahasa indonesia']","['kami bangsa indonesia mengaku bertanah air yang satu bangsa indonesia', 'kami bangsa indonesia mengaku bahasa yang satu bahasa indonesia', 'kami bangsa indonesia mengaku bertumpah tanah air yang satu bangsa indonesia']",30,30,"10,00",A,5
680,11,"['kongres pemuda kedua digagas oleh perhimpunan pelajar pelajar indonesia pppi sebuah organisasi pemuda yang beranggotakan pelajar dari seluruh indonesia', 'kongres ini bertujuan untuk memperkuat rasa persatuan dan kebangsaan indonesia yang telah tumbuh di dalam benak dan sanubari pemuda pemudi', 'sebelum kongres digelar para pemuda mengadakan pertemuan terlebih dahulu pada 3 mei 1928 dan 12 agustus 1928 mereka membahas tentang pembentukan panitia susunan acara kongres waktu tempat dan biaya', 'kemudian pertemuan itu menyepakati bahwa kongres pemuda kedua akan diselenggarakan pada 27 28 oktober 1928 di tiga lokasi berbeda yaitu gedung katholieke jongenlingen bond oost java bioscoop dan indonesische clubgebouw rumah indekos kramat no', '106', 'keseluruhan biaya akan ditanggung oleh organisasi organisasi yang menghadiri kongres serta sumbangan sukarela', 'tulislah naskah sumpah pemuda yang dikumandangkan oleh para pemuda pada tanggal 28 oktober 1928']","['kami putra dan putri indonesia mengaku bertumpah darah yang satu tanah air indonesia', 'kami putra dan putri indonesia mengaku berbangsa yang satu bangsa indonesia', 'kami putra dan putri indonesia menjunjung bahasa persatuan bahasa indonesia']","['naskah sumpah pemuda antara lain adalah', 'kami putra dan putri indonesia mengaku tumpah darah indonesia', 'kami putra dan putri indonesia mengaku berbangsa yang 1 bangsa indonesia', 'kami putra dan putri indonesia mengaku bahasa yang 1 bahasa indonesia']",20,30,"6,67",C,3
681,11,"['kongres pemuda kedua digagas oleh perhimpunan pelajar pelajar indonesia pppi sebuah organisasi pemuda yang beranggotakan pelajar dari seluruh indonesia', 'kongres ini bertujuan untuk memperkuat rasa persatuan dan kebangsaan indonesia yang telah tumbuh di dalam benak dan sanubari pemuda pemudi', 'sebelum kongres digelar para pemuda mengadakan pertemuan terlebih dahulu pada 3 mei 1928 dan 12 agustus 1928 mereka membahas tentang pembentukan panitia susunan acara kongres waktu tempat dan biaya', 'kemudian pertemuan itu menyepakati bahwa kongres pemuda kedua akan diselenggarakan pada 27 28 oktober 1928 di tiga lokasi berbeda yaitu gedung katholieke jongenlingen bond oost java bioscoop dan indonesische clubgebouw rumah indekos kramat no', '106', 'keseluruhan biaya akan ditanggung oleh organisasi organisasi yang menghadiri kongres serta sumbangan sukarela', 'tulislah naskah sumpah pemuda yang dikumandangkan oleh para pemuda pada tanggal 28 oktober 1928']","['kami putra dan putri indonesia mengaku bertumpah darah yang satu tanah air indonesia', 'kami putra dan putri indonesia mengaku berbangsa yang satu bangsa indonesia', 'kami putra dan putri indonesia menjunjung bahasa persatuan bahasa indonesia']","['kami putra dan putri indonesia mengaku berbangsa satu bangsa indonesia', 'kami putra dan putri indonesia mengaku bernegara satu negara indonesia', 'kami putra dan putri indonesia mengaku berbahasa satu bahasa indonesia']",20,30,"6,67",C,3
682,11,"['kongres pemuda kedua digagas oleh perhimpunan pelajar pelajar indonesia pppi sebuah organisasi pemuda yang beranggotakan pelajar dari seluruh indonesia', 'kongres ini bertujuan untuk memperkuat rasa persatuan dan kebangsaan indonesia yang telah tumbuh di dalam benak dan sanubari pemuda pemudi', 'sebelum kongres digelar para pemuda mengadakan pertemuan terlebih dahulu pada 3 mei 1928 dan 12 agustus 1928 mereka membahas tentang pembentukan panitia susunan acara kongres waktu tempat dan biaya', 'kemudian pertemuan itu menyepakati bahwa kongres pemuda kedua akan diselenggarakan pada 27 28 oktober 1928 di tiga lokasi berbeda yaitu gedung katholieke jongenlingen bond oost java bioscoop dan indonesische clubgebouw rumah indekos kramat no', '106', 'keseluruhan biaya akan ditanggung oleh organisasi organisasi yang menghadiri kongres serta sumbangan sukarela', 'tulislah naskah sumpah pemuda yang dikumandangkan oleh para pemuda pada tanggal 28 oktober 1928']","['kami putra dan putri indonesia mengaku bertumpah darah yang satu tanah air indonesia', 'kami putra dan putri indonesia mengaku berbangsa yang satu bangsa indonesia', 'kami putra dan putri indonesia menjunjung bahasa persatuan bahasa indonesia']","['kami putra dan putri indonesia mengaku bertumpah darah yg satu', 'kami putra dan putri indonesia bahwa kita tidak membeda bedakan ras suku dan agama']",10,30,"3,33",E,1
683,11,"['kongres pemuda kedua digagas oleh perhimpunan pelajar pelajar indonesia pppi sebuah organisasi pemuda yang beranggotakan pelajar dari seluruh indonesia', 'kongres ini bertujuan untuk memperkuat rasa persatuan dan kebangsaan indonesia yang telah tumbuh di dalam benak dan sanubari pemuda pemudi', 'sebelum kongres digelar para pemuda mengadakan pertemuan terlebih dahulu pada 3 mei 1928 dan 12 agustus 1928 mereka membahas tentang pembentukan panitia susunan acara kongres waktu tempat dan biaya', 'kemudian pertemuan itu menyepakati bahwa kongres pemuda kedua akan diselenggarakan pada 27 28 oktober 1928 di tiga lokasi berbeda yaitu gedung katholieke jongenlingen bond oost java bioscoop dan indonesische clubgebouw rumah indekos kramat no', '106', 'keseluruhan biaya akan ditanggung oleh organisasi organisasi yang menghadiri kongres serta sumbangan sukarela', 'tulislah naskah sumpah pemuda yang dikumandangkan oleh para pemuda pada tanggal 28 oktober 1928']","['kami putra dan putri indonesia mengaku bertumpah darah yang satu tanah air indonesia', 'kami putra dan putri indonesia mengaku berbangsa yang satu bangsa indonesia', 'kami putra dan putri indonesia menjunjung bahasa persatuan bahasa indonesia']",['kami putra putri pemuda indonesia menyatakan kemerdekaan indonesia'],5,30,"1,67",E,1
684,11,"['kongres pemuda kedua digagas oleh perhimpunan pelajar pelajar indonesia pppi sebuah organisasi pemuda yang beranggotakan pelajar dari seluruh indonesia', 'kongres ini bertujuan untuk memperkuat rasa persatuan dan kebangsaan indonesia yang telah tumbuh di dalam benak dan sanubari pemuda pemudi', 'sebelum kongres digelar para pemuda mengadakan pertemuan terlebih dahulu pada 3 mei 1928 dan 12 agustus 1928 mereka membahas tentang pembentukan panitia susunan acara kongres waktu tempat dan biaya', 'kemudian pertemuan itu menyepakati bahwa kongres pemuda kedua akan diselenggarakan pada 27 28 oktober 1928 di tiga lokasi berbeda yaitu gedung katholieke jongenlingen bond oost java bioscoop dan indonesische clubgebouw rumah indekos kramat no', '106', 'keseluruhan biaya akan ditanggung oleh organisasi organisasi yang menghadiri kongres serta sumbangan sukarela', 'tulislah naskah sumpah pemuda yang dikumandangkan oleh para pemuda pada tanggal 28 oktober 1928']","['kami putra dan putri indonesia mengaku bertumpah darah yang satu tanah air indonesia', 'kami putra dan putri indonesia mengaku berbangsa yang satu bangsa indonesia', 'kami putra dan putri indonesia menjunjung bahasa persatuan bahasa indonesia']","['kami putra putri indonesia', 'kami putra putri indonesia', 'bertumpah darah', 'tanah air indonesia']",10,30,"3,33",E,1
685,11,"['kongres pemuda kedua digagas oleh perhimpunan pelajar pelajar indonesia pppi sebuah organisasi pemuda yang beranggotakan pelajar dari seluruh indonesia', 'kongres ini bertujuan untuk memperkuat rasa persatuan dan kebangsaan indonesia yang telah tumbuh di dalam benak dan sanubari pemuda pemudi', 'sebelum kongres digelar para pemuda mengadakan pertemuan terlebih dahulu pada 3 mei 1928 dan 12 agustus 1928 mereka membahas tentang pembentukan panitia susunan acara kongres waktu tempat dan biaya', 'kemudian pertemuan itu menyepakati bahwa kongres pemuda kedua akan diselenggarakan pada 27 28 oktober 1928 di tiga lokasi berbeda yaitu gedung katholieke jongenlingen bond oost java bioscoop dan indonesische clubgebouw rumah indekos kramat no', '106', 'keseluruhan biaya akan ditanggung oleh organisasi organisasi yang menghadiri kongres serta sumbangan sukarela', 'tulislah naskah sumpah pemuda yang dikumandangkan oleh para pemuda pada tanggal 28 oktober 1928']","['kami putra dan putri indonesia mengaku bertumpah darah yang satu tanah air indonesia', 'kami putra dan putri indonesia mengaku berbangsa yang satu bangsa indonesia', 'kami putra dan putri indonesia menjunjung bahasa persatuan bahasa indonesia']","['pembukaan', 'bahwa kemerdekaan itu iyalah hak segala bangsa', 'oleh kerena itu kami putera putri indonesia menyatakan bahwa penjajahan', 'oleh karena itu penjajahan harus di hapuskan karena tidak sesuai dengan prikemanusia dan prikeadilan']",5,30,"1,67",E,1
686,11,"['kongres pemuda kedua digagas oleh perhimpunan pelajar pelajar indonesia pppi sebuah organisasi pemuda yang beranggotakan pelajar dari seluruh indonesia', 'kongres ini bertujuan untuk memperkuat rasa persatuan dan kebangsaan indonesia yang telah tumbuh di dalam benak dan sanubari pemuda pemudi', 'sebelum kongres digelar para pemuda mengadakan pertemuan terlebih dahulu pada 3 mei 1928 dan 12 agustus 1928 mereka membahas tentang pembentukan panitia susunan acara kongres waktu tempat dan biaya', 'kemudian pertemuan itu menyepakati bahwa kongres pemuda kedua akan diselenggarakan pada 27 28 oktober 1928 di tiga lokasi berbeda yaitu gedung katholieke jongenlingen bond oost java bioscoop dan indonesische clubgebouw rumah indekos kramat no', '106', 'keseluruhan biaya akan ditanggung oleh organisasi organisasi yang menghadiri kongres serta sumbangan sukarela', 'tulislah naskah sumpah pemuda yang dikumandangkan oleh para pemuda pada tanggal 28 oktober 1928']","['kami putra dan putri indonesia mengaku bertumpah darah yang satu tanah air indonesia', 'kami putra dan putri indonesia mengaku berbangsa yang satu bangsa indonesia', 'kami putra dan putri indonesia menjunjung bahasa persatuan bahasa indonesia']",['kosong'],0,30,"0,00",E,1
687,11,"['kongres pemuda kedua digagas oleh perhimpunan pelajar pelajar indonesia pppi sebuah organisasi pemuda yang beranggotakan pelajar dari seluruh indonesia', 'kongres ini bertujuan untuk memperkuat rasa persatuan dan kebangsaan indonesia yang telah tumbuh di dalam benak dan sanubari pemuda pemudi', 'sebelum kongres digelar para pemuda mengadakan pertemuan terlebih dahulu pada 3 mei 1928 dan 12 agustus 1928 mereka membahas tentang pembentukan panitia susunan acara kongres waktu tempat dan biaya', 'kemudian pertemuan itu menyepakati bahwa kongres pemuda kedua akan diselenggarakan pada 27 28 oktober 1928 di tiga lokasi berbeda yaitu gedung katholieke jongenlingen bond oost java bioscoop dan indonesische clubgebouw rumah indekos kramat no', '106', 'keseluruhan biaya akan ditanggung oleh organisasi organisasi yang menghadiri kongres serta sumbangan sukarela', 'tulislah naskah sumpah pemuda yang dikumandangkan oleh para pemuda pada tanggal 28 oktober 1928']","['kami putra dan putri indonesia mengaku bertumpah darah yang satu tanah air indonesia', 'kami putra dan putri indonesia mengaku berbangsa yang satu bangsa indonesia', 'kami putra dan putri indonesia menjunjung bahasa persatuan bahasa indonesia']","['kami putra dan putri indonesia', 'menjunjung bahasa persatuan indonesia', 'kami putra dan putri indonesia', 'mengaku berbangsa yang satu bangsa indonesia', 'kami putra dan putri indonesia', 'mengaku bersumpah darah yang satu bangsa indonesia']",10,30,"3,33",E,1
688,11,"['kongres pemuda kedua digagas oleh perhimpunan pelajar pelajar indonesia pppi sebuah organisasi pemuda yang beranggotakan pelajar dari seluruh indonesia', 'kongres ini bertujuan untuk memperkuat rasa persatuan dan kebangsaan indonesia yang telah tumbuh di dalam benak dan sanubari pemuda pemudi', 'sebelum kongres digelar para pemuda mengadakan pertemuan terlebih dahulu pada 3 mei 1928 dan 12 agustus 1928 mereka membahas tentang pembentukan panitia susunan acara kongres waktu tempat dan biaya', 'kemudian pertemuan itu menyepakati bahwa kongres pemuda kedua akan diselenggarakan pada 27 28 oktober 1928 di tiga lokasi berbeda yaitu gedung katholieke jongenlingen bond oost java bioscoop dan indonesische clubgebouw rumah indekos kramat no', '106', 'keseluruhan biaya akan ditanggung oleh organisasi organisasi yang menghadiri kongres serta sumbangan sukarela', 'tulislah naskah sumpah pemuda yang dikumandangkan oleh para pemuda pada tanggal 28 oktober 1928']","['kami putra dan putri indonesia mengaku bertumpah darah yang satu tanah air indonesia', 'kami putra dan putri indonesia mengaku berbangsa yang satu bangsa indonesia', 'kami putra dan putri indonesia menjunjung bahasa persatuan bahasa indonesia']","['kami putra putri indonesia', 'menjunjung tinggi sikap nasionalisme', 'dan memiliki sikap semangat persatuan']",5,30,"1,67",E,1
689,11,"['kongres pemuda kedua digagas oleh perhimpunan pelajar pelajar indonesia pppi sebuah organisasi pemuda yang beranggotakan pelajar dari seluruh indonesia', 'kongres ini bertujuan untuk memperkuat rasa persatuan dan kebangsaan indonesia yang telah tumbuh di dalam benak dan sanubari pemuda pemudi', 'sebelum kongres digelar para pemuda mengadakan pertemuan terlebih dahulu pada 3 mei 1928 dan 12 agustus 1928 mereka membahas tentang pembentukan panitia susunan acara kongres waktu tempat dan biaya', 'kemudian pertemuan itu menyepakati bahwa kongres pemuda kedua akan diselenggarakan pada 27 28 oktober 1928 di tiga lokasi berbeda yaitu gedung katholieke jongenlingen bond oost java bioscoop dan indonesische clubgebouw rumah indekos kramat no', '106', 'keseluruhan biaya akan ditanggung oleh organisasi organisasi yang menghadiri kongres serta sumbangan sukarela', 'tulislah naskah sumpah pemuda yang dikumandangkan oleh para pemuda pada tanggal 28 oktober 1928']","['kami putra dan putri indonesia mengaku bertumpah darah yang satu tanah air indonesia', 'kami putra dan putri indonesia mengaku berbangsa yang satu bangsa indonesia', 'kami putra dan putri indonesia menjunjung bahasa persatuan bahasa indonesia']","['kami putra dan putri indonesia mengaku bertumpah darah yang satu tanah air indonesia', 'kami bangsa indonesia menjunjung tinggi bahasa persatuan bahasa indonesia', 'kami putra dan putri indonesia mengaku berbangsa yang satu bangsa indonesia', 'kami bangsa indonesia menjunjung tinggi semangat kebangsaan', 'kami putra dan putri indonesia mengaku berbangsa yang satu bangsa indonesia', 'kami putra dan putri indonesia mengakui adanya satu tanah air satu bangsa dan satu bahasa persatuan', 'kami putra dan putri indonesia mendjeloeskan satu tanah air indonesia', 'sebab itu kami mengakoe bertoempah darah jang satu tanah air indonesia', 'sebab itu kami mengakoe berbangsa jang satu bangsa indonesia', 'sebab itu kami mengakoe berbahasa persatoean bahasa indonesia']",30,30,"10,00",A,5
690,11,"['kongres pemuda kedua digagas oleh perhimpunan pelajar pelajar indonesia pppi sebuah organisasi pemuda yang beranggotakan pelajar dari seluruh indonesia', 'kongres ini bertujuan untuk memperkuat rasa persatuan dan kebangsaan indonesia yang telah tumbuh di dalam benak dan sanubari pemuda pemudi', 'sebelum kongres digelar para pemuda mengadakan pertemuan terlebih dahulu pada 3 mei 1928 dan 12 agustus 1928 mereka membahas tentang pembentukan panitia susunan acara kongres waktu tempat dan biaya', 'kemudian pertemuan itu menyepakati bahwa kongres pemuda kedua akan diselenggarakan pada 27 28 oktober 1928 di tiga lokasi berbeda yaitu gedung katholieke jongenlingen bond oost java bioscoop dan indonesische clubgebouw rumah indekos kramat no', '106', 'keseluruhan biaya akan ditanggung oleh organisasi organisasi yang menghadiri kongres serta sumbangan sukarela', 'tulislah naskah sumpah pemuda yang dikumandangkan oleh para pemuda pada tanggal 28 oktober 1928']","['kami putra dan putri indonesia mengaku bertumpah darah yang satu tanah air indonesia', 'kami putra dan putri indonesia mengaku berbangsa yang satu bangsa indonesia', 'kami putra dan putri indonesia menjunjung bahasa persatuan bahasa indonesia']","['sumpah pemuda', 'kami putra dan putri indonesia bersumpah bangsa yang satu bangsa indonesia', 'kami putra dan putri indonesia bersumpah berbahasa yang satu bahasa indonesia', 'kami putra dan putri indonesia bersumpah bertumpah darah']",20,30,"6,67",C,3
691,11,"['kongres pemuda kedua digagas oleh perhimpunan pelajar pelajar indonesia pppi sebuah organisasi pemuda yang beranggotakan pelajar dari seluruh indonesia', 'kongres ini bertujuan untuk memperkuat rasa persatuan dan kebangsaan indonesia yang telah tumbuh di dalam benak dan sanubari pemuda pemudi', 'sebelum kongres digelar para pemuda mengadakan pertemuan terlebih dahulu pada 3 mei 1928 dan 12 agustus 1928 mereka membahas tentang pembentukan panitia susunan acara kongres waktu tempat dan biaya', 'kemudian pertemuan itu menyepakati bahwa kongres pemuda kedua akan diselenggarakan pada 27 28 oktober 1928 di tiga lokasi berbeda yaitu gedung katholieke jongenlingen bond oost java bioscoop dan indonesische clubgebouw rumah indekos kramat no', '106', 'keseluruhan biaya akan ditanggung oleh organisasi organisasi yang menghadiri kongres serta sumbangan sukarela', 'tulislah naskah sumpah pemuda yang dikumandangkan oleh para pemuda pada tanggal 28 oktober 1928']","['kami putra dan putri indonesia mengaku bertumpah darah yang satu tanah air indonesia', 'kami putra dan putri indonesia mengaku berbangsa yang satu bangsa indonesia', 'kami putra dan putri indonesia menjunjung bahasa persatuan bahasa indonesia']","['kami putra dan putri indfonesia', 'menjunjung bahasa persatuan indonesia', 'kami putra dan puti indonesia', 'mengaku berbangsa yang satu bangsa indonesia']",20,30,"6,67",C,3
692,11,"['kongres pemuda kedua digagas oleh perhimpunan pelajar pelajar indonesia pppi sebuah organisasi pemuda yang beranggotakan pelajar dari seluruh indonesia', 'kongres ini bertujuan untuk memperkuat rasa persatuan dan kebangsaan indonesia yang telah tumbuh di dalam benak dan sanubari pemuda pemudi', 'sebelum kongres digelar para pemuda mengadakan pertemuan terlebih dahulu pada 3 mei 1928 dan 12 agustus 1928 mereka membahas tentang pembentukan panitia susunan acara kongres waktu tempat dan biaya', 'kemudian pertemuan itu menyepakati bahwa kongres pemuda kedua akan diselenggarakan pada 27 28 oktober 1928 di tiga lokasi berbeda yaitu gedung katholieke jongenlingen bond oost java bioscoop dan indonesische clubgebouw rumah indekos kramat no', '106', 'keseluruhan biaya akan ditanggung oleh organisasi organisasi yang menghadiri kongres serta sumbangan sukarela', 'tulislah naskah sumpah pemuda yang dikumandangkan oleh para pemuda pada tanggal 28 oktober 1928']","['kami putra dan putri indonesia mengaku bertumpah darah yang satu tanah air indonesia', 'kami putra dan putri indonesia mengaku berbangsa yang satu bangsa indonesia', 'kami putra dan putri indonesia menjunjung bahasa persatuan bahasa indonesia']","['kami putra dan putri indonesia', 'bertumpah darah yang satu tanah air indonesia', 'kami putra dan putri indonesia', 'berbahasa yang satu bahasa indonesia', 'kami putra dan putri indonesia', 'mengaku bertanah air yang satu tanah air indonesia']",20,30,"6,67",C,3
693,11,"['kongres pemuda kedua digagas oleh perhimpunan pelajar pelajar indonesia pppi sebuah organisasi pemuda yang beranggotakan pelajar dari seluruh indonesia', 'kongres ini bertujuan untuk memperkuat rasa persatuan dan kebangsaan indonesia yang telah tumbuh di dalam benak dan sanubari pemuda pemudi', 'sebelum kongres digelar para pemuda mengadakan pertemuan terlebih dahulu pada 3 mei 1928 dan 12 agustus 1928 mereka membahas tentang pembentukan panitia susunan acara kongres waktu tempat dan biaya', 'kemudian pertemuan itu menyepakati bahwa kongres pemuda kedua akan diselenggarakan pada 27 28 oktober 1928 di tiga lokasi berbeda yaitu gedung katholieke jongenlingen bond oost java bioscoop dan indonesische clubgebouw rumah indekos kramat no', '106', 'keseluruhan biaya akan ditanggung oleh organisasi organisasi yang menghadiri kongres serta sumbangan sukarela', 'tulislah naskah sumpah pemuda yang dikumandangkan oleh para pemuda pada tanggal 28 oktober 1928']","['kami putra dan putri indonesia mengaku bertumpah darah yang satu tanah air indonesia', 'kami putra dan putri indonesia mengaku berbangsa yang satu bangsa indonesia', 'kami putra dan putri indonesia menjunjung bahasa persatuan bahasa indonesia']","['kami putra dan putri indonesia mengaku berbangsa yang satu bangsa indonesia', 'kami putra dan putri indonesia mengaku bertumpah darah yang satu tanah airku indonesia', 'kami putra dan putri indonesia menjunjung bahasa persatuan bahasa indonesia']",30,30,"10,00",A,5
694,11,"['kongres pemuda kedua digagas oleh perhimpunan pelajar pelajar indonesia pppi sebuah organisasi pemuda yang beranggotakan pelajar dari seluruh indonesia', 'kongres ini bertujuan untuk memperkuat rasa persatuan dan kebangsaan indonesia yang telah tumbuh di dalam benak dan sanubari pemuda pemudi', 'sebelum kongres digelar para pemuda mengadakan pertemuan terlebih dahulu pada 3 mei 1928 dan 12 agustus 1928 mereka membahas tentang pembentukan panitia susunan acara kongres waktu tempat dan biaya', 'kemudian pertemuan itu menyepakati bahwa kongres pemuda kedua akan diselenggarakan pada 27 28 oktober 1928 di tiga lokasi berbeda yaitu gedung katholieke jongenlingen bond oost java bioscoop dan indonesische clubgebouw rumah indekos kramat no', '106', 'keseluruhan biaya akan ditanggung oleh organisasi organisasi yang menghadiri kongres serta sumbangan sukarela', 'tulislah naskah sumpah pemuda yang dikumandangkan oleh para pemuda pada tanggal 28 oktober 1928']","['kami putra dan putri indonesia mengaku bertumpah darah yang satu tanah air indonesia', 'kami putra dan putri indonesia mengaku berbangsa yang satu bangsa indonesia', 'kami putra dan putri indonesia menjunjung bahasa persatuan bahasa indonesia']",['kami pemuda pemudi indonesia berjanji dan berdaulat'],5,30,"1,67",E,1
695,11,"['kongres pemuda kedua digagas oleh perhimpunan pelajar pelajar indonesia pppi sebuah organisasi pemuda yang beranggotakan pelajar dari seluruh indonesia', 'kongres ini bertujuan untuk memperkuat rasa persatuan dan kebangsaan indonesia yang telah tumbuh di dalam benak dan sanubari pemuda pemudi', 'sebelum kongres digelar para pemuda mengadakan pertemuan terlebih dahulu pada 3 mei 1928 dan 12 agustus 1928 mereka membahas tentang pembentukan panitia susunan acara kongres waktu tempat dan biaya', 'kemudian pertemuan itu menyepakati bahwa kongres pemuda kedua akan diselenggarakan pada 27 28 oktober 1928 di tiga lokasi berbeda yaitu gedung katholieke jongenlingen bond oost java bioscoop dan indonesische clubgebouw rumah indekos kramat no', '106', 'keseluruhan biaya akan ditanggung oleh organisasi organisasi yang menghadiri kongres serta sumbangan sukarela', 'tulislah naskah sumpah pemuda yang dikumandangkan oleh para pemuda pada tanggal 28 oktober 1928']","['kami putra dan putri indonesia mengaku bertumpah darah yang satu tanah air indonesia', 'kami putra dan putri indonesia mengaku berbangsa yang satu bangsa indonesia', 'kami putra dan putri indonesia menjunjung bahasa persatuan bahasa indonesia']","['kami pemuda pemudi indonesia menyatakan persatuan seluruh rakyat indonesia', 'kami pemuda pemudi indonesia menyatakan bahasa persatuan indonesia adalah bahasa indonesia', 'kami pemuda pemudi indonesia menyatakan untuk bersatu untuk melawan penjajahan']",10,30,"3,33",E,1
696,11,"['kongres pemuda kedua digagas oleh perhimpunan pelajar pelajar indonesia pppi sebuah organisasi pemuda yang beranggotakan pelajar dari seluruh indonesia', 'kongres ini bertujuan untuk memperkuat rasa persatuan dan kebangsaan indonesia yang telah tumbuh di dalam benak dan sanubari pemuda pemudi', 'sebelum kongres digelar para pemuda mengadakan pertemuan terlebih dahulu pada 3 mei 1928 dan 12 agustus 1928 mereka membahas tentang pembentukan panitia susunan acara kongres waktu tempat dan biaya', 'kemudian pertemuan itu menyepakati bahwa kongres pemuda kedua akan diselenggarakan pada 27 28 oktober 1928 di tiga lokasi berbeda yaitu gedung katholieke jongenlingen bond oost java bioscoop dan indonesische clubgebouw rumah indekos kramat no', '106', 'keseluruhan biaya akan ditanggung oleh organisasi organisasi yang menghadiri kongres serta sumbangan sukarela', 'tulislah naskah sumpah pemuda yang dikumandangkan oleh para pemuda pada tanggal 28 oktober 1928']","['kami putra dan putri indonesia mengaku bertumpah darah yang satu tanah air indonesia', 'kami putra dan putri indonesia mengaku berbangsa yang satu bangsa indonesia', 'kami putra dan putri indonesia menjunjung bahasa persatuan bahasa indonesia']","['kami putra putri pemuda indonesia', 'kami pemuda indonesia dengan ini menyatakan']",5,30,"1,67",E,1
697,11,"['kongres pemuda kedua digagas oleh perhimpunan pelajar pelajar indonesia pppi sebuah organisasi pemuda yang beranggotakan pelajar dari seluruh indonesia', 'kongres ini bertujuan untuk memperkuat rasa persatuan dan kebangsaan indonesia yang telah tumbuh di dalam benak dan sanubari pemuda pemudi', 'sebelum kongres digelar para pemuda mengadakan pertemuan terlebih dahulu pada 3 mei 1928 dan 12 agustus 1928 mereka membahas tentang pembentukan panitia susunan acara kongres waktu tempat dan biaya', 'kemudian pertemuan itu menyepakati bahwa kongres pemuda kedua akan diselenggarakan pada 27 28 oktober 1928 di tiga lokasi berbeda yaitu gedung katholieke jongenlingen bond oost java bioscoop dan indonesische clubgebouw rumah indekos kramat no', '106', 'keseluruhan biaya akan ditanggung oleh organisasi organisasi yang menghadiri kongres serta sumbangan sukarela', 'tulislah naskah sumpah pemuda yang dikumandangkan oleh para pemuda pada tanggal 28 oktober 1928']","['kami putra dan putri indonesia mengaku bertumpah darah yang satu tanah air indonesia', 'kami putra dan putri indonesia mengaku berbangsa yang satu bangsa indonesia', 'kami putra dan putri indonesia menjunjung bahasa persatuan bahasa indonesia']",['kami putra dan putri indonesia mengaku berbangsa yang satu bangsa indonesia'],10,30,"3,33",E,1
698,11,"['kongres pemuda kedua digagas oleh perhimpunan pelajar pelajar indonesia pppi sebuah organisasi pemuda yang beranggotakan pelajar dari seluruh indonesia', 'kongres ini bertujuan untuk memperkuat rasa persatuan dan kebangsaan indonesia yang telah tumbuh di dalam benak dan sanubari pemuda pemudi', 'sebelum kongres digelar para pemuda mengadakan pertemuan terlebih dahulu pada 3 mei 1928 dan 12 agustus 1928 mereka membahas tentang pembentukan panitia susunan acara kongres waktu tempat dan biaya', 'kemudian pertemuan itu menyepakati bahwa kongres pemuda kedua akan diselenggarakan pada 27 28 oktober 1928 di tiga lokasi berbeda yaitu gedung katholieke jongenlingen bond oost java bioscoop dan indonesische clubgebouw rumah indekos kramat no', '106', 'keseluruhan biaya akan ditanggung oleh organisasi organisasi yang menghadiri kongres serta sumbangan sukarela', 'tulislah naskah sumpah pemuda yang dikumandangkan oleh para pemuda pada tanggal 28 oktober 1928']","['kami putra dan putri indonesia mengaku bertumpah darah yang satu tanah air indonesia', 'kami putra dan putri indonesia mengaku berbangsa yang satu bangsa indonesia', 'kami putra dan putri indonesia menjunjung bahasa persatuan bahasa indonesia']","['kami sebagai pemuda pemudi berjanji akan menggunakan bahasa indonesia sebagai bahasa persatuan', 'kami sebagai pemuda pemudi indonesia berjanji akan melaksanakan kewajiban dengan penuh tanggung jawab', 'kami pemuda pemudi indonesia berjanji akan menggunakan dasar negara sebagai pedoman sehari hari']",10,30,"3,33",E,1
699,11,"['kongres pemuda kedua digagas oleh perhimpunan pelajar pelajar indonesia pppi sebuah organisasi pemuda yang beranggotakan pelajar dari seluruh indonesia', 'kongres ini bertujuan untuk memperkuat rasa persatuan dan kebangsaan indonesia yang telah tumbuh di dalam benak dan sanubari pemuda pemudi', 'sebelum kongres digelar para pemuda mengadakan pertemuan terlebih dahulu pada 3 mei 1928 dan 12 agustus 1928 mereka membahas tentang pembentukan panitia susunan acara kongres waktu tempat dan biaya', 'kemudian pertemuan itu menyepakati bahwa kongres pemuda kedua akan diselenggarakan pada 27 28 oktober 1928 di tiga lokasi berbeda yaitu gedung katholieke jongenlingen bond oost java bioscoop dan indonesische clubgebouw rumah indekos kramat no', '106', 'keseluruhan biaya akan ditanggung oleh organisasi organisasi yang menghadiri kongres serta sumbangan sukarela', 'tulislah naskah sumpah pemuda yang dikumandangkan oleh para pemuda pada tanggal 28 oktober 1928']","['kami putra dan putri indonesia mengaku bertumpah darah yang satu tanah air indonesia', 'kami putra dan putri indonesia mengaku berbangsa yang satu bangsa indonesia', 'kami putra dan putri indonesia menjunjung bahasa persatuan bahasa indonesia']","['kami putra dan putri indonesia berdarah yang satu indonesia', 'kami putra dan putri indonesia berbahasa yang satu indonesia']",8,30,"2,67",E,1
700,11,"['kongres pemuda kedua digagas oleh perhimpunan pelajar pelajar indonesia pppi sebuah organisasi pemuda yang beranggotakan pelajar dari seluruh indonesia', 'kongres ini bertujuan untuk memperkuat rasa persatuan dan kebangsaan indonesia yang telah tumbuh di dalam benak dan sanubari pemuda pemudi', 'sebelum kongres digelar para pemuda mengadakan pertemuan terlebih dahulu pada 3 mei 1928 dan 12 agustus 1928 mereka membahas tentang pembentukan panitia susunan acara kongres waktu tempat dan biaya', 'kemudian pertemuan itu menyepakati bahwa kongres pemuda kedua akan diselenggarakan pada 27 28 oktober 1928 di tiga lokasi berbeda yaitu gedung katholieke jongenlingen bond oost java bioscoop dan indonesische clubgebouw rumah indekos kramat no', '106', 'keseluruhan biaya akan ditanggung oleh organisasi organisasi yang menghadiri kongres serta sumbangan sukarela', 'tulislah naskah sumpah pemuda yang dikumandangkan oleh para pemuda pada tanggal 28 oktober 1928']","['kami putra dan putri indonesia mengaku bertumpah darah yang satu tanah air indonesia', 'kami putra dan putri indonesia mengaku berbangsa yang satu bangsa indonesia', 'kami putra dan putri indonesia menjunjung bahasa persatuan bahasa indonesia']","['kami putra dan putri indonesia', 'menjunjung bahasa persatuan indonesia', 'kami putra dan putri indonesia', 'mengaku bangsa yang satu yaitu bangsa indonesia']",15,30,"5,00",D,2
701,11,"['kongres pemuda kedua digagas oleh perhimpunan pelajar pelajar indonesia pppi sebuah organisasi pemuda yang beranggotakan pelajar dari seluruh indonesia', 'kongres ini bertujuan untuk memperkuat rasa persatuan dan kebangsaan indonesia yang telah tumbuh di dalam benak dan sanubari pemuda pemudi', 'sebelum kongres digelar para pemuda mengadakan pertemuan terlebih dahulu pada 3 mei 1928 dan 12 agustus 1928 mereka membahas tentang pembentukan panitia susunan acara kongres waktu tempat dan biaya', 'kemudian pertemuan itu menyepakati bahwa kongres pemuda kedua akan diselenggarakan pada 27 28 oktober 1928 di tiga lokasi berbeda yaitu gedung katholieke jongenlingen bond oost java bioscoop dan indonesische clubgebouw rumah indekos kramat no', '106', 'keseluruhan biaya akan ditanggung oleh organisasi organisasi yang menghadiri kongres serta sumbangan sukarela', 'tulislah naskah sumpah pemuda yang dikumandangkan oleh para pemuda pada tanggal 28 oktober 1928']","['kami putra dan putri indonesia mengaku bertumpah darah yang satu tanah air indonesia', 'kami putra dan putri indonesia mengaku berbangsa yang satu bangsa indonesia', 'kami putra dan putri indonesia menjunjung bahasa persatuan bahasa indonesia']","['kami putra dan putri indonesia', 'menjunjung bahasa persatuan bahasa indonesia', 'kami putra dan putri indonesia', 'mengaku berbangsa yang satu bangsa indonesia', 'kami putra dan putri indonesia', 'mengaku bertumpah darah yang satu tanah airku indonesia']",25,30,"8,33",B,4
702,11,"['kongres pemuda kedua digagas oleh perhimpunan pelajar pelajar indonesia pppi sebuah organisasi pemuda yang beranggotakan pelajar dari seluruh indonesia', 'kongres ini bertujuan untuk memperkuat rasa persatuan dan kebangsaan indonesia yang telah tumbuh di dalam benak dan sanubari pemuda pemudi', 'sebelum kongres digelar para pemuda mengadakan pertemuan terlebih dahulu pada 3 mei 1928 dan 12 agustus 1928 mereka membahas tentang pembentukan panitia susunan acara kongres waktu tempat dan biaya', 'kemudian pertemuan itu menyepakati bahwa kongres pemuda kedua akan diselenggarakan pada 27 28 oktober 1928 di tiga lokasi berbeda yaitu gedung katholieke jongenlingen bond oost java bioscoop dan indonesische clubgebouw rumah indekos kramat no', '106', 'keseluruhan biaya akan ditanggung oleh organisasi organisasi yang menghadiri kongres serta sumbangan sukarela', 'tulislah naskah sumpah pemuda yang dikumandangkan oleh para pemuda pada tanggal 28 oktober 1928']","['kami putra dan putri indonesia mengaku bertumpah darah yang satu tanah air indonesia', 'kami putra dan putri indonesia mengaku berbangsa yang satu bangsa indonesia', 'kami putra dan putri indonesia menjunjung bahasa persatuan bahasa indonesia']",['tidak ingat'],5,30,"1,67",E,1
703,11,"['kongres pemuda kedua digagas oleh perhimpunan pelajar pelajar indonesia pppi sebuah organisasi pemuda yang beranggotakan pelajar dari seluruh indonesia', 'kongres ini bertujuan untuk memperkuat rasa persatuan dan kebangsaan indonesia yang telah tumbuh di dalam benak dan sanubari pemuda pemudi', 'sebelum kongres digelar para pemuda mengadakan pertemuan terlebih dahulu pada 3 mei 1928 dan 12 agustus 1928 mereka membahas tentang pembentukan panitia susunan acara kongres waktu tempat dan biaya', 'kemudian pertemuan itu menyepakati bahwa kongres pemuda kedua akan diselenggarakan pada 27 28 oktober 1928 di tiga lokasi berbeda yaitu gedung katholieke jongenlingen bond oost java bioscoop dan indonesische clubgebouw rumah indekos kramat no', '106', 'keseluruhan biaya akan ditanggung oleh organisasi organisasi yang menghadiri kongres serta sumbangan sukarela', 'tulislah naskah sumpah pemuda yang dikumandangkan oleh para pemuda pada tanggal 28 oktober 1928']","['kami putra dan putri indonesia mengaku bertumpah darah yang satu tanah air indonesia', 'kami putra dan putri indonesia mengaku berbangsa yang satu bangsa indonesia', 'kami putra dan putri indonesia menjunjung bahasa persatuan bahasa indonesia']","['kami putra putri indonesia menjunjung tinggi jiwa pancasila', 'kami putra putri indonesia menjunjung tinggi bahasa persatuan bahasa indonesia', 'kami putra putri indonesia menjunjung tinggi kesatuan dan persatuan negara indonesia']",15,30,"5,00",D,2
704,11,"['kongres pemuda kedua digagas oleh perhimpunan pelajar pelajar indonesia pppi sebuah organisasi pemuda yang beranggotakan pelajar dari seluruh indonesia', 'kongres ini bertujuan untuk memperkuat rasa persatuan dan kebangsaan indonesia yang telah tumbuh di dalam benak dan sanubari pemuda pemudi', 'sebelum kongres digelar para pemuda mengadakan pertemuan terlebih dahulu pada 3 mei 1928 dan 12 agustus 1928 mereka membahas tentang pembentukan panitia susunan acara kongres waktu tempat dan biaya', 'kemudian pertemuan itu menyepakati bahwa kongres pemuda kedua akan diselenggarakan pada 27 28 oktober 1928 di tiga lokasi berbeda yaitu gedung katholieke jongenlingen bond oost java bioscoop dan indonesische clubgebouw rumah indekos kramat no', '106', 'keseluruhan biaya akan ditanggung oleh organisasi organisasi yang menghadiri kongres serta sumbangan sukarela', 'tulislah naskah sumpah pemuda yang dikumandangkan oleh para pemuda pada tanggal 28 oktober 1928']","['kami putra dan putri indonesia mengaku bertumpah darah yang satu tanah air indonesia', 'kami putra dan putri indonesia mengaku berbangsa yang satu bangsa indonesia', 'kami putra dan putri indonesia menjunjung bahasa persatuan bahasa indonesia']","['kami putra dan putri indonesia mengaku bertumpah darah yang satu bangsa indonesia', 'kami putra dan putri indonesia mangaku berbangsa yang satu bangsa indonesia', 'kami putra dan putri indonesia menjunjung tinggi bahasa persatuan bahasa indonesia']",30,30,"10,00",A,5
705,11,"['kongres pemuda kedua digagas oleh perhimpunan pelajar pelajar indonesia pppi sebuah organisasi pemuda yang beranggotakan pelajar dari seluruh indonesia', 'kongres ini bertujuan untuk memperkuat rasa persatuan dan kebangsaan indonesia yang telah tumbuh di dalam benak dan sanubari pemuda pemudi', 'sebelum kongres digelar para pemuda mengadakan pertemuan terlebih dahulu pada 3 mei 1928 dan 12 agustus 1928 mereka membahas tentang pembentukan panitia susunan acara kongres waktu tempat dan biaya', 'kemudian pertemuan itu menyepakati bahwa kongres pemuda kedua akan diselenggarakan pada 27 28 oktober 1928 di tiga lokasi berbeda yaitu gedung katholieke jongenlingen bond oost java bioscoop dan indonesische clubgebouw rumah indekos kramat no', '106', 'keseluruhan biaya akan ditanggung oleh organisasi organisasi yang menghadiri kongres serta sumbangan sukarela', 'tulislah naskah sumpah pemuda yang dikumandangkan oleh para pemuda pada tanggal 28 oktober 1928']","['kami putra dan putri indonesia mengaku bertumpah darah yang satu tanah air indonesia', 'kami putra dan putri indonesia mengaku berbangsa yang satu bangsa indonesia', 'kami putra dan putri indonesia menjunjung bahasa persatuan bahasa indonesia']","['sumpah pemuda yang dikumandangkan oleh para pemuda pada tanggal 28 oktober 1928 adalah', 'kami putra putri berbangsa yang satu bangsa indonesia', 'kami putra putri indonesia berbahasa yang satu bahasa indonesia', 'kami putra putri indonesia bertumpah darah yang satu darah indonesia']",20,30,"6,67",C,3
706,11,"['kongres pemuda kedua digagas oleh perhimpunan pelajar pelajar indonesia pppi sebuah organisasi pemuda yang beranggotakan pelajar dari seluruh indonesia', 'kongres ini bertujuan untuk memperkuat rasa persatuan dan kebangsaan indonesia yang telah tumbuh di dalam benak dan sanubari pemuda pemudi', 'sebelum kongres digelar para pemuda mengadakan pertemuan terlebih dahulu pada 3 mei 1928 dan 12 agustus 1928 mereka membahas tentang pembentukan panitia susunan acara kongres waktu tempat dan biaya', 'kemudian pertemuan itu menyepakati bahwa kongres pemuda kedua akan diselenggarakan pada 27 28 oktober 1928 di tiga lokasi berbeda yaitu gedung katholieke jongenlingen bond oost java bioscoop dan indonesische clubgebouw rumah indekos kramat no', '106', 'keseluruhan biaya akan ditanggung oleh organisasi organisasi yang menghadiri kongres serta sumbangan sukarela', 'tulislah naskah sumpah pemuda yang dikumandangkan oleh para pemuda pada tanggal 28 oktober 1928']","['kami putra dan putri indonesia mengaku bertumpah darah yang satu tanah air indonesia', 'kami putra dan putri indonesia mengaku berbangsa yang satu bangsa indonesia', 'kami putra dan putri indonesia menjunjung bahasa persatuan bahasa indonesia']","['kami putra dan putri indonesia bertumpah darah yang satu tanah air indoensia', 'kami putra dan putri indonesia mengaku berbahasa yang satu bahasa indonesia', 'kami putra dan putri indonesia berbangsa yang satu bangsa indonesia']",30,30,"10,00",A,5
707,11,"['kongres pemuda kedua digagas oleh perhimpunan pelajar pelajar indonesia pppi sebuah organisasi pemuda yang beranggotakan pelajar dari seluruh indonesia', 'kongres ini bertujuan untuk memperkuat rasa persatuan dan kebangsaan indonesia yang telah tumbuh di dalam benak dan sanubari pemuda pemudi', 'sebelum kongres digelar para pemuda mengadakan pertemuan terlebih dahulu pada 3 mei 1928 dan 12 agustus 1928 mereka membahas tentang pembentukan panitia susunan acara kongres waktu tempat dan biaya', 'kemudian pertemuan itu menyepakati bahwa kongres pemuda kedua akan diselenggarakan pada 27 28 oktober 1928 di tiga lokasi berbeda yaitu gedung katholieke jongenlingen bond oost java bioscoop dan indonesische clubgebouw rumah indekos kramat no', '106', 'keseluruhan biaya akan ditanggung oleh organisasi organisasi yang menghadiri kongres serta sumbangan sukarela', 'tulislah naskah sumpah pemuda yang dikumandangkan oleh para pemuda pada tanggal 28 oktober 1928']","['kami putra dan putri indonesia mengaku bertumpah darah yang satu tanah air indonesia', 'kami putra dan putri indonesia mengaku berbangsa yang satu bangsa indonesia', 'kami putra dan putri indonesia menjunjung bahasa persatuan bahasa indonesia']",['kosong'],0,30,"0,00",E,1
708,11,"['kongres pemuda kedua digagas oleh perhimpunan pelajar pelajar indonesia pppi sebuah organisasi pemuda yang beranggotakan pelajar dari seluruh indonesia', 'kongres ini bertujuan untuk memperkuat rasa persatuan dan kebangsaan indonesia yang telah tumbuh di dalam benak dan sanubari pemuda pemudi', 'sebelum kongres digelar para pemuda mengadakan pertemuan terlebih dahulu pada 3 mei 1928 dan 12 agustus 1928 mereka membahas tentang pembentukan panitia susunan acara kongres waktu tempat dan biaya', 'kemudian pertemuan itu menyepakati bahwa kongres pemuda kedua akan diselenggarakan pada 27 28 oktober 1928 di tiga lokasi berbeda yaitu gedung katholieke jongenlingen bond oost java bioscoop dan indonesische clubgebouw rumah indekos kramat no', '106', 'keseluruhan biaya akan ditanggung oleh organisasi organisasi yang menghadiri kongres serta sumbangan sukarela', 'tulislah naskah sumpah pemuda yang dikumandangkan oleh para pemuda pada tanggal 28 oktober 1928']","['kami putra dan putri indonesia mengaku bertumpah darah yang satu tanah air indonesia', 'kami putra dan putri indonesia mengaku berbangsa yang satu bangsa indonesia', 'kami putra dan putri indonesia menjunjung bahasa persatuan bahasa indonesia']",['kami pemuda pemudi indonesia bersumpah untuk selalu menjaga persatuan dan kesatuan indonesia dengan jujur dan ikhlas dan selalu berusaha untuk membuat negara ini menjadi lebih baik atau berkembang'],10,30,"3,33",E,1
709,11,"['kongres pemuda kedua digagas oleh perhimpunan pelajar pelajar indonesia pppi sebuah organisasi pemuda yang beranggotakan pelajar dari seluruh indonesia', 'kongres ini bertujuan untuk memperkuat rasa persatuan dan kebangsaan indonesia yang telah tumbuh di dalam benak dan sanubari pemuda pemudi', 'sebelum kongres digelar para pemuda mengadakan pertemuan terlebih dahulu pada 3 mei 1928 dan 12 agustus 1928 mereka membahas tentang pembentukan panitia susunan acara kongres waktu tempat dan biaya', 'kemudian pertemuan itu menyepakati bahwa kongres pemuda kedua akan diselenggarakan pada 27 28 oktober 1928 di tiga lokasi berbeda yaitu gedung katholieke jongenlingen bond oost java bioscoop dan indonesische clubgebouw rumah indekos kramat no', '106', 'keseluruhan biaya akan ditanggung oleh organisasi organisasi yang menghadiri kongres serta sumbangan sukarela', 'tulislah naskah sumpah pemuda yang dikumandangkan oleh para pemuda pada tanggal 28 oktober 1928']","['kami putra dan putri indonesia mengaku bertumpah darah yang satu tanah air indonesia', 'kami putra dan putri indonesia mengaku berbangsa yang satu bangsa indonesia', 'kami putra dan putri indonesia menjunjung bahasa persatuan bahasa indonesia']","['kami putra putri indonesia mengaku bertumpah darah yang satu tanah air indonesia', 'kami putra putri indonesia mengaku berbangsa yang satu bangsa indonesia', 'kami putra putri indonesia menjunjung bahasa persatuan bahasa indonesia']",30,30,"10,00",A,5
710,11,"['kongres pemuda kedua digagas oleh perhimpunan pelajar pelajar indonesia pppi sebuah organisasi pemuda yang beranggotakan pelajar dari seluruh indonesia', 'kongres ini bertujuan untuk memperkuat rasa persatuan dan kebangsaan indonesia yang telah tumbuh di dalam benak dan sanubari pemuda pemudi', 'sebelum kongres digelar para pemuda mengadakan pertemuan terlebih dahulu pada 3 mei 1928 dan 12 agustus 1928 mereka membahas tentang pembentukan panitia susunan acara kongres waktu tempat dan biaya', 'kemudian pertemuan itu menyepakati bahwa kongres pemuda kedua akan diselenggarakan pada 27 28 oktober 1928 di tiga lokasi berbeda yaitu gedung katholieke jongenlingen bond oost java bioscoop dan indonesische clubgebouw rumah indekos kramat no', '106', 'keseluruhan biaya akan ditanggung oleh organisasi organisasi yang menghadiri kongres serta sumbangan sukarela', 'tulislah naskah sumpah pemuda yang dikumandangkan oleh para pemuda pada tanggal 28 oktober 1928']","['kami putra dan putri indonesia mengaku bertumpah darah yang satu tanah air indonesia', 'kami putra dan putri indonesia mengaku berbangsa yang satu bangsa indonesia', 'kami putra dan putri indonesia menjunjung bahasa persatuan bahasa indonesia']","['kami putra putri indonesia mengaku bertumpah darah dari satu ngeara indonesia', 'kami putra putri indonesia', 'mengaku negara yang satu bangsa indonesia', 'kami putra putri indonesia', 'menjunjung bahasa indonesia sebagai bahasa persatuan']",30,30,"10,00",A,5
711,11,"['kongres pemuda kedua digagas oleh perhimpunan pelajar pelajar indonesia pppi sebuah organisasi pemuda yang beranggotakan pelajar dari seluruh indonesia', 'kongres ini bertujuan untuk memperkuat rasa persatuan dan kebangsaan indonesia yang telah tumbuh di dalam benak dan sanubari pemuda pemudi', 'sebelum kongres digelar para pemuda mengadakan pertemuan terlebih dahulu pada 3 mei 1928 dan 12 agustus 1928 mereka membahas tentang pembentukan panitia susunan acara kongres waktu tempat dan biaya', 'kemudian pertemuan itu menyepakati bahwa kongres pemuda kedua akan diselenggarakan pada 27 28 oktober 1928 di tiga lokasi berbeda yaitu gedung katholieke jongenlingen bond oost java bioscoop dan indonesische clubgebouw rumah indekos kramat no', '106', 'keseluruhan biaya akan ditanggung oleh organisasi organisasi yang menghadiri kongres serta sumbangan sukarela', 'tulislah naskah sumpah pemuda yang dikumandangkan oleh para pemuda pada tanggal 28 oktober 1928']","['kami putra dan putri indonesia mengaku bertumpah darah yang satu tanah air indonesia', 'kami putra dan putri indonesia mengaku berbangsa yang satu bangsa indonesia', 'kami putra dan putri indonesia menjunjung bahasa persatuan bahasa indonesia']","['kami putra putri indonesia menjunjung tinggi pancasila', 'kami putra putri indonesia memiliki perbedaan ras suku dan bangsa', 'kami putra putri indonesia']",5,30,"1,67",E,1
712,11,"['kongres pemuda kedua digagas oleh perhimpunan pelajar pelajar indonesia pppi sebuah organisasi pemuda yang beranggotakan pelajar dari seluruh indonesia', 'kongres ini bertujuan untuk memperkuat rasa persatuan dan kebangsaan indonesia yang telah tumbuh di dalam benak dan sanubari pemuda pemudi', 'sebelum kongres digelar para pemuda mengadakan pertemuan terlebih dahulu pada 3 mei 1928 dan 12 agustus 1928 mereka membahas tentang pembentukan panitia susunan acara kongres waktu tempat dan biaya', 'kemudian pertemuan itu menyepakati bahwa kongres pemuda kedua akan diselenggarakan pada 27 28 oktober 1928 di tiga lokasi berbeda yaitu gedung katholieke jongenlingen bond oost java bioscoop dan indonesische clubgebouw rumah indekos kramat no', '106', 'keseluruhan biaya akan ditanggung oleh organisasi organisasi yang menghadiri kongres serta sumbangan sukarela', 'tulislah naskah sumpah pemuda yang dikumandangkan oleh para pemuda pada tanggal 28 oktober 1928']","['kami putra dan putri indonesia mengaku bertumpah darah yang satu tanah air indonesia', 'kami putra dan putri indonesia mengaku berbangsa yang satu bangsa indonesia', 'kami putra dan putri indonesia menjunjung bahasa persatuan bahasa indonesia']","['kami putra dan putri indonesia mengaku bertumpah darah yang satu tanah air indonesia', 'kami putra dan putri indonesia mengaku berbangsa yang satu bangsa indonesia', 'kami putra dan putri indonesia mengaku berbahasa yang satu bahasa indonesia']",30,30,"10,00",A,5
713,11,"['kongres pemuda kedua digagas oleh perhimpunan pelajar pelajar indonesia pppi sebuah organisasi pemuda yang beranggotakan pelajar dari seluruh indonesia', 'kongres ini bertujuan untuk memperkuat rasa persatuan dan kebangsaan indonesia yang telah tumbuh di dalam benak dan sanubari pemuda pemudi', 'sebelum kongres digelar para pemuda mengadakan pertemuan terlebih dahulu pada 3 mei 1928 dan 12 agustus 1928 mereka membahas tentang pembentukan panitia susunan acara kongres waktu tempat dan biaya', 'kemudian pertemuan itu menyepakati bahwa kongres pemuda kedua akan diselenggarakan pada 27 28 oktober 1928 di tiga lokasi berbeda yaitu gedung katholieke jongenlingen bond oost java bioscoop dan indonesische clubgebouw rumah indekos kramat no', '106', 'keseluruhan biaya akan ditanggung oleh organisasi organisasi yang menghadiri kongres serta sumbangan sukarela', 'tulislah naskah sumpah pemuda yang dikumandangkan oleh para pemuda pada tanggal 28 oktober 1928']","['kami putra dan putri indonesia mengaku bertumpah darah yang satu tanah air indonesia', 'kami putra dan putri indonesia mengaku berbangsa yang satu bangsa indonesia', 'kami putra dan putri indonesia menjunjung bahasa persatuan bahasa indonesia']","['kami putra putri indonesia mengaku bertumpah darah yang satu dan berbahasa yang satu bahasa indonesia', 'kami putra putri indonesia menjunjung tinggi persatuan dan kesatuan', 'kami putra putri indonesia berjanji akan selalu rela berkorban']",15,30,"5,00",D,2
714,11,"['kongres pemuda kedua digagas oleh perhimpunan pelajar pelajar indonesia pppi sebuah organisasi pemuda yang beranggotakan pelajar dari seluruh indonesia', 'kongres ini bertujuan untuk memperkuat rasa persatuan dan kebangsaan indonesia yang telah tumbuh di dalam benak dan sanubari pemuda pemudi', 'sebelum kongres digelar para pemuda mengadakan pertemuan terlebih dahulu pada 3 mei 1928 dan 12 agustus 1928 mereka membahas tentang pembentukan panitia susunan acara kongres waktu tempat dan biaya', 'kemudian pertemuan itu menyepakati bahwa kongres pemuda kedua akan diselenggarakan pada 27 28 oktober 1928 di tiga lokasi berbeda yaitu gedung katholieke jongenlingen bond oost java bioscoop dan indonesische clubgebouw rumah indekos kramat no', '106', 'keseluruhan biaya akan ditanggung oleh organisasi organisasi yang menghadiri kongres serta sumbangan sukarela', 'tulislah naskah sumpah pemuda yang dikumandangkan oleh para pemuda pada tanggal 28 oktober 1928']","['kami putra dan putri indonesia mengaku bertumpah darah yang satu tanah air indonesia', 'kami putra dan putri indonesia mengaku berbangsa yang satu bangsa indonesia', 'kami putra dan putri indonesia menjunjung bahasa persatuan bahasa indonesia']","['pemuda pemudi indonesia', 'dengan ini menyatakan bahwa indonesia membutuhkan kalian']",5,30,"1,67",E,1
715,11,"['kongres pemuda kedua digagas oleh perhimpunan pelajar pelajar indonesia pppi sebuah organisasi pemuda yang beranggotakan pelajar dari seluruh indonesia', 'kongres ini bertujuan untuk memperkuat rasa persatuan dan kebangsaan indonesia yang telah tumbuh di dalam benak dan sanubari pemuda pemudi', 'sebelum kongres digelar para pemuda mengadakan pertemuan terlebih dahulu pada 3 mei 1928 dan 12 agustus 1928 mereka membahas tentang pembentukan panitia susunan acara kongres waktu tempat dan biaya', 'kemudian pertemuan itu menyepakati bahwa kongres pemuda kedua akan diselenggarakan pada 27 28 oktober 1928 di tiga lokasi berbeda yaitu gedung katholieke jongenlingen bond oost java bioscoop dan indonesische clubgebouw rumah indekos kramat no', '106', 'keseluruhan biaya akan ditanggung oleh organisasi organisasi yang menghadiri kongres serta sumbangan sukarela', 'tulislah naskah sumpah pemuda yang dikumandangkan oleh para pemuda pada tanggal 28 oktober 1928']","['kami putra dan putri indonesia mengaku bertumpah darah yang satu tanah air indonesia', 'kami putra dan putri indonesia mengaku berbangsa yang satu bangsa indonesia', 'kami putra dan putri indonesia menjunjung bahasa persatuan bahasa indonesia']","['kami putra dan putri indonesia', 'akan menjunjung persatuan dan kesatuan', 'mencintai dan membela tanah air', 'kami putri dan putra indonesia', 'menjunjung kemerdekaan indonesia']",10,30,"3,33",E,1
716,11,"['kongres pemuda kedua digagas oleh perhimpunan pelajar pelajar indonesia pppi sebuah organisasi pemuda yang beranggotakan pelajar dari seluruh indonesia', 'kongres ini bertujuan untuk memperkuat rasa persatuan dan kebangsaan indonesia yang telah tumbuh di dalam benak dan sanubari pemuda pemudi', 'sebelum kongres digelar para pemuda mengadakan pertemuan terlebih dahulu pada 3 mei 1928 dan 12 agustus 1928 mereka membahas tentang pembentukan panitia susunan acara kongres waktu tempat dan biaya', 'kemudian pertemuan itu menyepakati bahwa kongres pemuda kedua akan diselenggarakan pada 27 28 oktober 1928 di tiga lokasi berbeda yaitu gedung katholieke jongenlingen bond oost java bioscoop dan indonesische clubgebouw rumah indekos kramat no', '106', 'keseluruhan biaya akan ditanggung oleh organisasi organisasi yang menghadiri kongres serta sumbangan sukarela', 'tulislah naskah sumpah pemuda yang dikumandangkan oleh para pemuda pada tanggal 28 oktober 1928']","['kami putra dan putri indonesia mengaku bertumpah darah yang satu tanah air indonesia', 'kami putra dan putri indonesia mengaku berbangsa yang satu bangsa indonesia', 'kami putra dan putri indonesia menjunjung bahasa persatuan bahasa indonesia']",['tidak boleh membeda bedakan ras agama suku'],5,30,"1,67",E,1
717,11,"['kongres pemuda kedua digagas oleh perhimpunan pelajar pelajar indonesia pppi sebuah organisasi pemuda yang beranggotakan pelajar dari seluruh indonesia', 'kongres ini bertujuan untuk memperkuat rasa persatuan dan kebangsaan indonesia yang telah tumbuh di dalam benak dan sanubari pemuda pemudi', 'sebelum kongres digelar para pemuda mengadakan pertemuan terlebih dahulu pada 3 mei 1928 dan 12 agustus 1928 mereka membahas tentang pembentukan panitia susunan acara kongres waktu tempat dan biaya', 'kemudian pertemuan itu menyepakati bahwa kongres pemuda kedua akan diselenggarakan pada 27 28 oktober 1928 di tiga lokasi berbeda yaitu gedung katholieke jongenlingen bond oost java bioscoop dan indonesische clubgebouw rumah indekos kramat no', '106', 'keseluruhan biaya akan ditanggung oleh organisasi organisasi yang menghadiri kongres serta sumbangan sukarela', 'tulislah naskah sumpah pemuda yang dikumandangkan oleh para pemuda pada tanggal 28 oktober 1928']","['kami putra dan putri indonesia mengaku bertumpah darah yang satu tanah air indonesia', 'kami putra dan putri indonesia mengaku berbangsa yang satu bangsa indonesia', 'kami putra dan putri indonesia menjunjung bahasa persatuan bahasa indonesia']",['kami pemuda pemudi indonesia menyatakan bahwa persatuan dan kesatuan bangsa indonesia merupakan kunci kemerdekaan maka dari itu mari kita bersatu untuk mendapatkan kemerdekaan'],5,30,"1,67",E,1
718,11,"['kongres pemuda kedua digagas oleh perhimpunan pelajar pelajar indonesia pppi sebuah organisasi pemuda yang beranggotakan pelajar dari seluruh indonesia', 'kongres ini bertujuan untuk memperkuat rasa persatuan dan kebangsaan indonesia yang telah tumbuh di dalam benak dan sanubari pemuda pemudi', 'sebelum kongres digelar para pemuda mengadakan pertemuan terlebih dahulu pada 3 mei 1928 dan 12 agustus 1928 mereka membahas tentang pembentukan panitia susunan acara kongres waktu tempat dan biaya', 'kemudian pertemuan itu menyepakati bahwa kongres pemuda kedua akan diselenggarakan pada 27 28 oktober 1928 di tiga lokasi berbeda yaitu gedung katholieke jongenlingen bond oost java bioscoop dan indonesische clubgebouw rumah indekos kramat no', '106', 'keseluruhan biaya akan ditanggung oleh organisasi organisasi yang menghadiri kongres serta sumbangan sukarela', 'tulislah naskah sumpah pemuda yang dikumandangkan oleh para pemuda pada tanggal 28 oktober 1928']","['kami putra dan putri indonesia mengaku bertumpah darah yang satu tanah air indonesia', 'kami putra dan putri indonesia mengaku berbangsa yang satu bangsa indonesia', 'kami putra dan putri indonesia menjunjung bahasa persatuan bahasa indonesia']","['kami putra dan putri indonesia', 'menjunjung bahasa persatuan bahasa indonesia', 'kami putra dan putri indonesia', 'mengaku berbangsa yang satu bangsa indonesia', 'kami putra dan putri indonesia', 'mengaku bertumpah darah yang satu tanah airku indonesia']",25,30,"8,33",B,4
719,11,"['kongres pemuda kedua digagas oleh perhimpunan pelajar pelajar indonesia pppi sebuah organisasi pemuda yang beranggotakan pelajar dari seluruh indonesia', 'kongres ini bertujuan untuk memperkuat rasa persatuan dan kebangsaan indonesia yang telah tumbuh di dalam benak dan sanubari pemuda pemudi', 'sebelum kongres digelar para pemuda mengadakan pertemuan terlebih dahulu pada 3 mei 1928 dan 12 agustus 1928 mereka membahas tentang pembentukan panitia susunan acara kongres waktu tempat dan biaya', 'kemudian pertemuan itu menyepakati bahwa kongres pemuda kedua akan diselenggarakan pada 27 28 oktober 1928 di tiga lokasi berbeda yaitu gedung katholieke jongenlingen bond oost java bioscoop dan indonesische clubgebouw rumah indekos kramat no', '106', 'keseluruhan biaya akan ditanggung oleh organisasi organisasi yang menghadiri kongres serta sumbangan sukarela', 'tulislah naskah sumpah pemuda yang dikumandangkan oleh para pemuda pada tanggal 28 oktober 1928']","['kami putra dan putri indonesia mengaku bertumpah darah yang satu tanah air indonesia', 'kami putra dan putri indonesia mengaku berbangsa yang satu bangsa indonesia', 'kami putra dan putri indonesia menjunjung bahasa persatuan bahasa indonesia']","['kami putra dan putri indonesia mengaku bertumpah darah yang satu tanah air indonesia', 'kami putra dan putri indonesia mengaku berbangsa yang satu bangsa indonesia', 'kami putra dan putri indonesia mengaku berbahasa yang satu bahasa indonesia']",30,30,"10,00",A,5
720,11,"['kongres pemuda kedua digagas oleh perhimpunan pelajar pelajar indonesia pppi sebuah organisasi pemuda yang beranggotakan pelajar dari seluruh indonesia', 'kongres ini bertujuan untuk memperkuat rasa persatuan dan kebangsaan indonesia yang telah tumbuh di dalam benak dan sanubari pemuda pemudi', 'sebelum kongres digelar para pemuda mengadakan pertemuan terlebih dahulu pada 3 mei 1928 dan 12 agustus 1928 mereka membahas tentang pembentukan panitia susunan acara kongres waktu tempat dan biaya', 'kemudian pertemuan itu menyepakati bahwa kongres pemuda kedua akan diselenggarakan pada 27 28 oktober 1928 di tiga lokasi berbeda yaitu gedung katholieke jongenlingen bond oost java bioscoop dan indonesische clubgebouw rumah indekos kramat no', '106', 'keseluruhan biaya akan ditanggung oleh organisasi organisasi yang menghadiri kongres serta sumbangan sukarela', 'tulislah naskah sumpah pemuda yang dikumandangkan oleh para pemuda pada tanggal 28 oktober 1928']","['kami putra dan putri indonesia mengaku bertumpah darah yang satu tanah air indonesia', 'kami putra dan putri indonesia mengaku berbangsa yang satu bangsa indonesia', 'kami putra dan putri indonesia menjunjung bahasa persatuan bahasa indonesia']","['kami putra dan putri indonesia mengaku berbangsa yang satu bangsa indonesia', 'kami putra dan putri indonesia menjunjung tinggi bahasa persatuan bahasa indonesia', 'kami putra dan putri indonesia mengaku bertumpah darah yang satu tanah air indonesia']",30,30,"10,00",A,5
721,11,"['kongres pemuda kedua digagas oleh perhimpunan pelajar pelajar indonesia pppi sebuah organisasi pemuda yang beranggotakan pelajar dari seluruh indonesia', 'kongres ini bertujuan untuk memperkuat rasa persatuan dan kebangsaan indonesia yang telah tumbuh di dalam benak dan sanubari pemuda pemudi', 'sebelum kongres digelar para pemuda mengadakan pertemuan terlebih dahulu pada 3 mei 1928 dan 12 agustus 1928 mereka membahas tentang pembentukan panitia susunan acara kongres waktu tempat dan biaya', 'kemudian pertemuan itu menyepakati bahwa kongres pemuda kedua akan diselenggarakan pada 27 28 oktober 1928 di tiga lokasi berbeda yaitu gedung katholieke jongenlingen bond oost java bioscoop dan indonesische clubgebouw rumah indekos kramat no', '106', 'keseluruhan biaya akan ditanggung oleh organisasi organisasi yang menghadiri kongres serta sumbangan sukarela', 'tulislah naskah sumpah pemuda yang dikumandangkan oleh para pemuda pada tanggal 28 oktober 1928']","['kami putra dan putri indonesia mengaku bertumpah darah yang satu tanah air indonesia', 'kami putra dan putri indonesia mengaku berbangsa yang satu bangsa indonesia', 'kami putra dan putri indonesia menjunjung bahasa persatuan bahasa indonesia']","['kami putra dan putri indonesia', 'menjujung bahasa persatuan indonesia', 'kami putra dan putri indonesia', 'mengaku berbangsa yang satu bangsa indonesia', 'kami putra dan putri indonesia', 'mengaku']",20,30,"6,67",C,3
722,11,"['kongres pemuda kedua digagas oleh perhimpunan pelajar pelajar indonesia pppi sebuah organisasi pemuda yang beranggotakan pelajar dari seluruh indonesia', 'kongres ini bertujuan untuk memperkuat rasa persatuan dan kebangsaan indonesia yang telah tumbuh di dalam benak dan sanubari pemuda pemudi', 'sebelum kongres digelar para pemuda mengadakan pertemuan terlebih dahulu pada 3 mei 1928 dan 12 agustus 1928 mereka membahas tentang pembentukan panitia susunan acara kongres waktu tempat dan biaya', 'kemudian pertemuan itu menyepakati bahwa kongres pemuda kedua akan diselenggarakan pada 27 28 oktober 1928 di tiga lokasi berbeda yaitu gedung katholieke jongenlingen bond oost java bioscoop dan indonesische clubgebouw rumah indekos kramat no', '106', 'keseluruhan biaya akan ditanggung oleh organisasi organisasi yang menghadiri kongres serta sumbangan sukarela', 'tulislah naskah sumpah pemuda yang dikumandangkan oleh para pemuda pada tanggal 28 oktober 1928']","['kami putra dan putri indonesia mengaku bertumpah darah yang satu tanah air indonesia', 'kami putra dan putri indonesia mengaku berbangsa yang satu bangsa indonesia', 'kami putra dan putri indonesia menjunjung bahasa persatuan bahasa indonesia']",['kami putra dan putri akan memperkuat rasa persatuan dan kesatuan'],5,30,"1,67",E,1
723,11,"['kongres pemuda kedua digagas oleh perhimpunan pelajar pelajar indonesia pppi sebuah organisasi pemuda yang beranggotakan pelajar dari seluruh indonesia', 'kongres ini bertujuan untuk memperkuat rasa persatuan dan kebangsaan indonesia yang telah tumbuh di dalam benak dan sanubari pemuda pemudi', 'sebelum kongres digelar para pemuda mengadakan pertemuan terlebih dahulu pada 3 mei 1928 dan 12 agustus 1928 mereka membahas tentang pembentukan panitia susunan acara kongres waktu tempat dan biaya', 'kemudian pertemuan itu menyepakati bahwa kongres pemuda kedua akan diselenggarakan pada 27 28 oktober 1928 di tiga lokasi berbeda yaitu gedung katholieke jongenlingen bond oost java bioscoop dan indonesische clubgebouw rumah indekos kramat no', '106', 'keseluruhan biaya akan ditanggung oleh organisasi organisasi yang menghadiri kongres serta sumbangan sukarela', 'tulislah naskah sumpah pemuda yang dikumandangkan oleh para pemuda pada tanggal 28 oktober 1928']","['kami putra dan putri indonesia mengaku bertumpah darah yang satu tanah air indonesia', 'kami putra dan putri indonesia mengaku berbangsa yang satu bangsa indonesia', 'kami putra dan putri indonesia menjunjung bahasa persatuan bahasa indonesia']","['sumpah pemuda kami putra putri indonesia mengaku', 'ndak tau pak smile']",5,30,"1,67",E,1
724,11,"['kongres pemuda kedua digagas oleh perhimpunan pelajar pelajar indonesia pppi sebuah organisasi pemuda yang beranggotakan pelajar dari seluruh indonesia', 'kongres ini bertujuan untuk memperkuat rasa persatuan dan kebangsaan indonesia yang telah tumbuh di dalam benak dan sanubari pemuda pemudi', 'sebelum kongres digelar para pemuda mengadakan pertemuan terlebih dahulu pada 3 mei 1928 dan 12 agustus 1928 mereka membahas tentang pembentukan panitia susunan acara kongres waktu tempat dan biaya', 'kemudian pertemuan itu menyepakati bahwa kongres pemuda kedua akan diselenggarakan pada 27 28 oktober 1928 di tiga lokasi berbeda yaitu gedung katholieke jongenlingen bond oost java bioscoop dan indonesische clubgebouw rumah indekos kramat no', '106', 'keseluruhan biaya akan ditanggung oleh organisasi organisasi yang menghadiri kongres serta sumbangan sukarela', 'tulislah naskah sumpah pemuda yang dikumandangkan oleh para pemuda pada tanggal 28 oktober 1928']","['kami putra dan putri indonesia mengaku bertumpah darah yang satu tanah air indonesia', 'kami putra dan putri indonesia mengaku berbangsa yang satu bangsa indonesia', 'kami putra dan putri indonesia menjunjung bahasa persatuan bahasa indonesia']",['maaf pak syaa lupa'],5,30,"1,67",E,1
725,11,"['kongres pemuda kedua digagas oleh perhimpunan pelajar pelajar indonesia pppi sebuah organisasi pemuda yang beranggotakan pelajar dari seluruh indonesia', 'kongres ini bertujuan untuk memperkuat rasa persatuan dan kebangsaan indonesia yang telah tumbuh di dalam benak dan sanubari pemuda pemudi', 'sebelum kongres digelar para pemuda mengadakan pertemuan terlebih dahulu pada 3 mei 1928 dan 12 agustus 1928 mereka membahas tentang pembentukan panitia susunan acara kongres waktu tempat dan biaya', 'kemudian pertemuan itu menyepakati bahwa kongres pemuda kedua akan diselenggarakan pada 27 28 oktober 1928 di tiga lokasi berbeda yaitu gedung katholieke jongenlingen bond oost java bioscoop dan indonesische clubgebouw rumah indekos kramat no', '106', 'keseluruhan biaya akan ditanggung oleh organisasi organisasi yang menghadiri kongres serta sumbangan sukarela', 'tulislah naskah sumpah pemuda yang dikumandangkan oleh para pemuda pada tanggal 28 oktober 1928']","['kami putra dan putri indonesia mengaku bertumpah darah yang satu tanah air indonesia', 'kami putra dan putri indonesia mengaku berbangsa yang satu bangsa indonesia', 'kami putra dan putri indonesia menjunjung bahasa persatuan bahasa indonesia']","['kami pemuda pemudi indonesia manyatakan seluruh persatuan seluruh rakyat indonesia', 'kami pemuda pemudi indonesia menyatakan bahasa persatuan indonesia adalah bahasa indonesia']",10,30,"3,33",E,1
726,11,"['kongres pemuda kedua digagas oleh perhimpunan pelajar pelajar indonesia pppi sebuah organisasi pemuda yang beranggotakan pelajar dari seluruh indonesia', 'kongres ini bertujuan untuk memperkuat rasa persatuan dan kebangsaan indonesia yang telah tumbuh di dalam benak dan sanubari pemuda pemudi', 'sebelum kongres digelar para pemuda mengadakan pertemuan terlebih dahulu pada 3 mei 1928 dan 12 agustus 1928 mereka membahas tentang pembentukan panitia susunan acara kongres waktu tempat dan biaya', 'kemudian pertemuan itu menyepakati bahwa kongres pemuda kedua akan diselenggarakan pada 27 28 oktober 1928 di tiga lokasi berbeda yaitu gedung katholieke jongenlingen bond oost java bioscoop dan indonesische clubgebouw rumah indekos kramat no', '106', 'keseluruhan biaya akan ditanggung oleh organisasi organisasi yang menghadiri kongres serta sumbangan sukarela', 'tulislah naskah sumpah pemuda yang dikumandangkan oleh para pemuda pada tanggal 28 oktober 1928']","['kami putra dan putri indonesia mengaku bertumpah darah yang satu tanah air indonesia', 'kami putra dan putri indonesia mengaku berbangsa yang satu bangsa indonesia', 'kami putra dan putri indonesia menjunjung bahasa persatuan bahasa indonesia']","['sumpah pemuda', 'kami putra dan putri indonesia bersumpah bernegara yang satu tanah air indonesia', 'kami putra dan putri indonesia bersumpah bertumpah darah yang satu tanah air indonesia', 'kami putra dan putri indonesia bersumpah berbahasa yang satu bahasa indonesia']",20,30,"6,67",C,3
727,11,"['kongres pemuda kedua digagas oleh perhimpunan pelajar pelajar indonesia pppi sebuah organisasi pemuda yang beranggotakan pelajar dari seluruh indonesia', 'kongres ini bertujuan untuk memperkuat rasa persatuan dan kebangsaan indonesia yang telah tumbuh di dalam benak dan sanubari pemuda pemudi', 'sebelum kongres digelar para pemuda mengadakan pertemuan terlebih dahulu pada 3 mei 1928 dan 12 agustus 1928 mereka membahas tentang pembentukan panitia susunan acara kongres waktu tempat dan biaya', 'kemudian pertemuan itu menyepakati bahwa kongres pemuda kedua akan diselenggarakan pada 27 28 oktober 1928 di tiga lokasi berbeda yaitu gedung katholieke jongenlingen bond oost java bioscoop dan indonesische clubgebouw rumah indekos kramat no', '106', 'keseluruhan biaya akan ditanggung oleh organisasi organisasi yang menghadiri kongres serta sumbangan sukarela', 'tulislah naskah sumpah pemuda yang dikumandangkan oleh para pemuda pada tanggal 28 oktober 1928']","['kami putra dan putri indonesia mengaku bertumpah darah yang satu tanah air indonesia', 'kami putra dan putri indonesia mengaku berbangsa yang satu bangsa indonesia', 'kami putra dan putri indonesia menjunjung bahasa persatuan bahasa indonesia']","['kami putra dan putri indonesia', 'mengaku bahwa bangsa indonesia adalah bangsa yang satu', 'dan bahasa indoensia adalah bahasa pemersatu bangsa']",10,30,"3,33",E,1
728,11,"['kongres pemuda kedua digagas oleh perhimpunan pelajar pelajar indonesia pppi sebuah organisasi pemuda yang beranggotakan pelajar dari seluruh indonesia', 'kongres ini bertujuan untuk memperkuat rasa persatuan dan kebangsaan indonesia yang telah tumbuh di dalam benak dan sanubari pemuda pemudi', 'sebelum kongres digelar para pemuda mengadakan pertemuan terlebih dahulu pada 3 mei 1928 dan 12 agustus 1928 mereka membahas tentang pembentukan panitia susunan acara kongres waktu tempat dan biaya', 'kemudian pertemuan itu menyepakati bahwa kongres pemuda kedua akan diselenggarakan pada 27 28 oktober 1928 di tiga lokasi berbeda yaitu gedung katholieke jongenlingen bond oost java bioscoop dan indonesische clubgebouw rumah indekos kramat no', '106', 'keseluruhan biaya akan ditanggung oleh organisasi organisasi yang menghadiri kongres serta sumbangan sukarela', 'tulislah naskah sumpah pemuda yang dikumandangkan oleh para pemuda pada tanggal 28 oktober 1928']","['kami putra dan putri indonesia mengaku bertumpah darah yang satu tanah air indonesia', 'kami putra dan putri indonesia mengaku berbangsa yang satu bangsa indonesia', 'kami putra dan putri indonesia menjunjung bahasa persatuan bahasa indonesia']","['sumpah pemuda', 'kami pemuda pemudi indonesia mengaku bertanah air yang satu tanah air indonesia', 'kami pemuda pemudi indonesia mengaku bertumpah darah yang satu bangsa indonesia', 'kami pemuda pemudi indonesia mengaku berbahasa yang satu bahasa indonesia']",30,30,"10,00",A,5
729,11,"['kongres pemuda kedua digagas oleh perhimpunan pelajar pelajar indonesia pppi sebuah organisasi pemuda yang beranggotakan pelajar dari seluruh indonesia', 'kongres ini bertujuan untuk memperkuat rasa persatuan dan kebangsaan indonesia yang telah tumbuh di dalam benak dan sanubari pemuda pemudi', 'sebelum kongres digelar para pemuda mengadakan pertemuan terlebih dahulu pada 3 mei 1928 dan 12 agustus 1928 mereka membahas tentang pembentukan panitia susunan acara kongres waktu tempat dan biaya', 'kemudian pertemuan itu menyepakati bahwa kongres pemuda kedua akan diselenggarakan pada 27 28 oktober 1928 di tiga lokasi berbeda yaitu gedung katholieke jongenlingen bond oost java bioscoop dan indonesische clubgebouw rumah indekos kramat no', '106', 'keseluruhan biaya akan ditanggung oleh organisasi organisasi yang menghadiri kongres serta sumbangan sukarela', 'tulislah naskah sumpah pemuda yang dikumandangkan oleh para pemuda pada tanggal 28 oktober 1928']","['kami putra dan putri indonesia mengaku bertumpah darah yang satu tanah air indonesia', 'kami putra dan putri indonesia mengaku berbangsa yang satu bangsa indonesia', 'kami putra dan putri indonesia menjunjung bahasa persatuan bahasa indonesia']",['kami putra putri bangsa menjunjung tinggi kemerdekaan dan bahasa daerah yang tinggi'],5,30,"1,67",E,1
730,11,"['kongres pemuda kedua digagas oleh perhimpunan pelajar pelajar indonesia pppi sebuah organisasi pemuda yang beranggotakan pelajar dari seluruh indonesia', 'kongres ini bertujuan untuk memperkuat rasa persatuan dan kebangsaan indonesia yang telah tumbuh di dalam benak dan sanubari pemuda pemudi', 'sebelum kongres digelar para pemuda mengadakan pertemuan terlebih dahulu pada 3 mei 1928 dan 12 agustus 1928 mereka membahas tentang pembentukan panitia susunan acara kongres waktu tempat dan biaya', 'kemudian pertemuan itu menyepakati bahwa kongres pemuda kedua akan diselenggarakan pada 27 28 oktober 1928 di tiga lokasi berbeda yaitu gedung katholieke jongenlingen bond oost java bioscoop dan indonesische clubgebouw rumah indekos kramat no', '106', 'keseluruhan biaya akan ditanggung oleh organisasi organisasi yang menghadiri kongres serta sumbangan sukarela', 'tulislah naskah sumpah pemuda yang dikumandangkan oleh para pemuda pada tanggal 28 oktober 1928']","['kami putra dan putri indonesia mengaku bertumpah darah yang satu tanah air indonesia', 'kami putra dan putri indonesia mengaku berbangsa yang satu bangsa indonesia', 'kami putra dan putri indonesia menjunjung bahasa persatuan bahasa indonesia']",['dalam naskah tersebut berbunyi menghidupkan semangat pemuda pemudi indonesia untuk mensejahtrakan rakyat indonesia yang melalui dibentuknya panitia panitia yang bertujuan yang sama yaitu mewujudkan negara yang adil dan makmur dan dari itu pemuda pemudi mengadakan pertemuan di gedung katholieke jongenlingen bond oost java bioscoop dan indonesia clubgebouw pada tanggal 28 oktober 1928 untuk mempersah proklamasi indonesia dan mempercepat hak bangsa indonesia yaitu kemerderkaan'],5,30,"1,67",E,1
731,11,"['kongres pemuda kedua digagas oleh perhimpunan pelajar pelajar indonesia pppi sebuah organisasi pemuda yang beranggotakan pelajar dari seluruh indonesia', 'kongres ini bertujuan untuk memperkuat rasa persatuan dan kebangsaan indonesia yang telah tumbuh di dalam benak dan sanubari pemuda pemudi', 'sebelum kongres digelar para pemuda mengadakan pertemuan terlebih dahulu pada 3 mei 1928 dan 12 agustus 1928 mereka membahas tentang pembentukan panitia susunan acara kongres waktu tempat dan biaya', 'kemudian pertemuan itu menyepakati bahwa kongres pemuda kedua akan diselenggarakan pada 27 28 oktober 1928 di tiga lokasi berbeda yaitu gedung katholieke jongenlingen bond oost java bioscoop dan indonesische clubgebouw rumah indekos kramat no', '106', 'keseluruhan biaya akan ditanggung oleh organisasi organisasi yang menghadiri kongres serta sumbangan sukarela', 'tulislah naskah sumpah pemuda yang dikumandangkan oleh para pemuda pada tanggal 28 oktober 1928']","['kami putra dan putri indonesia mengaku bertumpah darah yang satu tanah air indonesia', 'kami putra dan putri indonesia mengaku berbangsa yang satu bangsa indonesia', 'kami putra dan putri indonesia menjunjung bahasa persatuan bahasa indonesia']","['naskah sumpah pemuda adalah', 'kami putra dan putri indonesia mengaku bertumpah darah yang satu tanah air indonesia', 'kami putra dan putri indonesia mengaku berbangsa yang satu bangsa indonesia', 'kami putra dan putri indonesia menjunjung bahasa persatuan bahasa indonesia']",30,30,"10,00",A,5
732,11,"['kongres pemuda kedua digagas oleh perhimpunan pelajar pelajar indonesia pppi sebuah organisasi pemuda yang beranggotakan pelajar dari seluruh indonesia', 'kongres ini bertujuan untuk memperkuat rasa persatuan dan kebangsaan indonesia yang telah tumbuh di dalam benak dan sanubari pemuda pemudi', 'sebelum kongres digelar para pemuda mengadakan pertemuan terlebih dahulu pada 3 mei 1928 dan 12 agustus 1928 mereka membahas tentang pembentukan panitia susunan acara kongres waktu tempat dan biaya', 'kemudian pertemuan itu menyepakati bahwa kongres pemuda kedua akan diselenggarakan pada 27 28 oktober 1928 di tiga lokasi berbeda yaitu gedung katholieke jongenlingen bond oost java bioscoop dan indonesische clubgebouw rumah indekos kramat no', '106', 'keseluruhan biaya akan ditanggung oleh organisasi organisasi yang menghadiri kongres serta sumbangan sukarela', 'tulislah naskah sumpah pemuda yang dikumandangkan oleh para pemuda pada tanggal 28 oktober 1928']","['kami putra dan putri indonesia mengaku bertumpah darah yang satu tanah air indonesia', 'kami putra dan putri indonesia mengaku berbangsa yang satu bangsa indonesia', 'kami putra dan putri indonesia menjunjung bahasa persatuan bahasa indonesia']",['bahwasannya seluruh organisasi kepemudaan yang ada di indonesia harus bersatu dan tidak bersifat kedaerahan'],5,30,"1,67",E,1
733,11,"['kongres pemuda kedua digagas oleh perhimpunan pelajar pelajar indonesia pppi sebuah organisasi pemuda yang beranggotakan pelajar dari seluruh indonesia', 'kongres ini bertujuan untuk memperkuat rasa persatuan dan kebangsaan indonesia yang telah tumbuh di dalam benak dan sanubari pemuda pemudi', 'sebelum kongres digelar para pemuda mengadakan pertemuan terlebih dahulu pada 3 mei 1928 dan 12 agustus 1928 mereka membahas tentang pembentukan panitia susunan acara kongres waktu tempat dan biaya', 'kemudian pertemuan itu menyepakati bahwa kongres pemuda kedua akan diselenggarakan pada 27 28 oktober 1928 di tiga lokasi berbeda yaitu gedung katholieke jongenlingen bond oost java bioscoop dan indonesische clubgebouw rumah indekos kramat no', '106', 'keseluruhan biaya akan ditanggung oleh organisasi organisasi yang menghadiri kongres serta sumbangan sukarela', 'tulislah naskah sumpah pemuda yang dikumandangkan oleh para pemuda pada tanggal 28 oktober 1928']","['kami putra dan putri indonesia mengaku bertumpah darah yang satu tanah air indonesia', 'kami putra dan putri indonesia mengaku berbangsa yang satu bangsa indonesia', 'kami putra dan putri indonesia menjunjung bahasa persatuan bahasa indonesia']",['mewujudkan negara yang berdaulat kuat adil dan makmur'],5,30,"1,67",E,1
734,11,"['kongres pemuda kedua digagas oleh perhimpunan pelajar pelajar indonesia pppi sebuah organisasi pemuda yang beranggotakan pelajar dari seluruh indonesia', 'kongres ini bertujuan untuk memperkuat rasa persatuan dan kebangsaan indonesia yang telah tumbuh di dalam benak dan sanubari pemuda pemudi', 'sebelum kongres digelar para pemuda mengadakan pertemuan terlebih dahulu pada 3 mei 1928 dan 12 agustus 1928 mereka membahas tentang pembentukan panitia susunan acara kongres waktu tempat dan biaya', 'kemudian pertemuan itu menyepakati bahwa kongres pemuda kedua akan diselenggarakan pada 27 28 oktober 1928 di tiga lokasi berbeda yaitu gedung katholieke jongenlingen bond oost java bioscoop dan indonesische clubgebouw rumah indekos kramat no', '106', 'keseluruhan biaya akan ditanggung oleh organisasi organisasi yang menghadiri kongres serta sumbangan sukarela', 'tulislah naskah sumpah pemuda yang dikumandangkan oleh para pemuda pada tanggal 28 oktober 1928']","['kami putra dan putri indonesia mengaku bertumpah darah yang satu tanah air indonesia', 'kami putra dan putri indonesia mengaku berbangsa yang satu bangsa indonesia', 'kami putra dan putri indonesia menjunjung bahasa persatuan bahasa indonesia']","['kami putra putri indonesia bertumpah darah yang satu tanah air indonesia', 'kami putra putri indonesia mengaku berbangsa satu bangsa indonesia', 'kami putra putri indonesia menjunjung bahasa persatuan bahasa in donesia']",30,30,"10,00",A,5
735,11,"['kongres pemuda kedua digagas oleh perhimpunan pelajar pelajar indonesia pppi sebuah organisasi pemuda yang beranggotakan pelajar dari seluruh indonesia', 'kongres ini bertujuan untuk memperkuat rasa persatuan dan kebangsaan indonesia yang telah tumbuh di dalam benak dan sanubari pemuda pemudi', 'sebelum kongres digelar para pemuda mengadakan pertemuan terlebih dahulu pada 3 mei 1928 dan 12 agustus 1928 mereka membahas tentang pembentukan panitia susunan acara kongres waktu tempat dan biaya', 'kemudian pertemuan itu menyepakati bahwa kongres pemuda kedua akan diselenggarakan pada 27 28 oktober 1928 di tiga lokasi berbeda yaitu gedung katholieke jongenlingen bond oost java bioscoop dan indonesische clubgebouw rumah indekos kramat no', '106', 'keseluruhan biaya akan ditanggung oleh organisasi organisasi yang menghadiri kongres serta sumbangan sukarela', 'tulislah naskah sumpah pemuda yang dikumandangkan oleh para pemuda pada tanggal 28 oktober 1928']","['kami putra dan putri indonesia mengaku bertumpah darah yang satu tanah air indonesia', 'kami putra dan putri indonesia mengaku berbangsa yang satu bangsa indonesia', 'kami putra dan putri indonesia menjunjung bahasa persatuan bahasa indonesia']","['sumpah pemuda', 'kami putra putri indonesia mengaku menggunakan bahasa persatuan', 'bahasa indonesia', 'kami putra putri indonesia mengaku bertumpah darah tanah air indonesia', 'kami putra putri indonesia mengaku mencintai tanah air indonesia']",10,30,"3,33",E,1
736,11,"['kongres pemuda kedua digagas oleh perhimpunan pelajar pelajar indonesia pppi sebuah organisasi pemuda yang beranggotakan pelajar dari seluruh indonesia', 'kongres ini bertujuan untuk memperkuat rasa persatuan dan kebangsaan indonesia yang telah tumbuh di dalam benak dan sanubari pemuda pemudi', 'sebelum kongres digelar para pemuda mengadakan pertemuan terlebih dahulu pada 3 mei 1928 dan 12 agustus 1928 mereka membahas tentang pembentukan panitia susunan acara kongres waktu tempat dan biaya', 'kemudian pertemuan itu menyepakati bahwa kongres pemuda kedua akan diselenggarakan pada 27 28 oktober 1928 di tiga lokasi berbeda yaitu gedung katholieke jongenlingen bond oost java bioscoop dan indonesische clubgebouw rumah indekos kramat no', '106', 'keseluruhan biaya akan ditanggung oleh organisasi organisasi yang menghadiri kongres serta sumbangan sukarela', 'tulislah naskah sumpah pemuda yang dikumandangkan oleh para pemuda pada tanggal 28 oktober 1928']","['kami putra dan putri indonesia mengaku bertumpah darah yang satu tanah air indonesia', 'kami putra dan putri indonesia mengaku berbangsa yang satu bangsa indonesia', 'kami putra dan putri indonesia menjunjung bahasa persatuan bahasa indonesia']","['kami putra putri indonesia', 'bersatu']",5,30,"1,67",E,1
737,11,"['kongres pemuda kedua digagas oleh perhimpunan pelajar pelajar indonesia pppi sebuah organisasi pemuda yang beranggotakan pelajar dari seluruh indonesia', 'kongres ini bertujuan untuk memperkuat rasa persatuan dan kebangsaan indonesia yang telah tumbuh di dalam benak dan sanubari pemuda pemudi', 'sebelum kongres digelar para pemuda mengadakan pertemuan terlebih dahulu pada 3 mei 1928 dan 12 agustus 1928 mereka membahas tentang pembentukan panitia susunan acara kongres waktu tempat dan biaya', 'kemudian pertemuan itu menyepakati bahwa kongres pemuda kedua akan diselenggarakan pada 27 28 oktober 1928 di tiga lokasi berbeda yaitu gedung katholieke jongenlingen bond oost java bioscoop dan indonesische clubgebouw rumah indekos kramat no', '106', 'keseluruhan biaya akan ditanggung oleh organisasi organisasi yang menghadiri kongres serta sumbangan sukarela', 'tulislah naskah sumpah pemuda yang dikumandangkan oleh para pemuda pada tanggal 28 oktober 1928']","['kami putra dan putri indonesia mengaku bertumpah darah yang satu tanah air indonesia', 'kami putra dan putri indonesia mengaku berbangsa yang satu bangsa indonesia', 'kami putra dan putri indonesia menjunjung bahasa persatuan bahasa indonesia']","['kongres pemuda kedua digagas oleh perhimpunan pelajar pelajar indonesia pppi sebuah organisasi pemuda yang beranggotakan pelajar dari seluruh indonesia', 'yang berasal dari bali lombok dan jawa', 'kongres ini bertujuan untuk memperkuat rasa persatuan dan kebangsaan indonesia yang telah tumbuh di dalam benak dan sanubari pemuda pemudi']",5,30,"1,67",E,1
738,11,"['kongres pemuda kedua digagas oleh perhimpunan pelajar pelajar indonesia pppi sebuah organisasi pemuda yang beranggotakan pelajar dari seluruh indonesia', 'kongres ini bertujuan untuk memperkuat rasa persatuan dan kebangsaan indonesia yang telah tumbuh di dalam benak dan sanubari pemuda pemudi', 'sebelum kongres digelar para pemuda mengadakan pertemuan terlebih dahulu pada 3 mei 1928 dan 12 agustus 1928 mereka membahas tentang pembentukan panitia susunan acara kongres waktu tempat dan biaya', 'kemudian pertemuan itu menyepakati bahwa kongres pemuda kedua akan diselenggarakan pada 27 28 oktober 1928 di tiga lokasi berbeda yaitu gedung katholieke jongenlingen bond oost java bioscoop dan indonesische clubgebouw rumah indekos kramat no', '106', 'keseluruhan biaya akan ditanggung oleh organisasi organisasi yang menghadiri kongres serta sumbangan sukarela', 'tulislah naskah sumpah pemuda yang dikumandangkan oleh para pemuda pada tanggal 28 oktober 1928']","['kami putra dan putri indonesia mengaku bertumpah darah yang satu tanah air indonesia', 'kami putra dan putri indonesia mengaku berbangsa yang satu bangsa indonesia', 'kami putra dan putri indonesia menjunjung bahasa persatuan bahasa indonesia']",['pertemuan itu menyepakati bahwa kongres pemuda kedua akan diselenggarakan pada 27 28 0ktober 1928 di tiga lokasi berbeda yaitu gedung katholieke jongenlingen bond oost java bioscoop dan indonesische clubgebouw rumah indekos kramat no 106'],5,30,"1,67",E,1
739,11,"['kongres pemuda kedua digagas oleh perhimpunan pelajar pelajar indonesia pppi sebuah organisasi pemuda yang beranggotakan pelajar dari seluruh indonesia', 'kongres ini bertujuan untuk memperkuat rasa persatuan dan kebangsaan indonesia yang telah tumbuh di dalam benak dan sanubari pemuda pemudi', 'sebelum kongres digelar para pemuda mengadakan pertemuan terlebih dahulu pada 3 mei 1928 dan 12 agustus 1928 mereka membahas tentang pembentukan panitia susunan acara kongres waktu tempat dan biaya', 'kemudian pertemuan itu menyepakati bahwa kongres pemuda kedua akan diselenggarakan pada 27 28 oktober 1928 di tiga lokasi berbeda yaitu gedung katholieke jongenlingen bond oost java bioscoop dan indonesische clubgebouw rumah indekos kramat no', '106', 'keseluruhan biaya akan ditanggung oleh organisasi organisasi yang menghadiri kongres serta sumbangan sukarela', 'tulislah naskah sumpah pemuda yang dikumandangkan oleh para pemuda pada tanggal 28 oktober 1928']","['kami putra dan putri indonesia mengaku bertumpah darah yang satu tanah air indonesia', 'kami putra dan putri indonesia mengaku berbangsa yang satu bangsa indonesia', 'kami putra dan putri indonesia menjunjung bahasa persatuan bahasa indonesia']","['naskah sumpah pemuda', 'kami putra putri indonesia', 'kami putra putri indonesia yang satu', 'kami putra putri indonesia satu jiwa', 'kami putra putri indonesia bertumpah darah bagi bangsa indonesia']",10,30,"3,33",E,1
740,11,"['kongres pemuda kedua digagas oleh perhimpunan pelajar pelajar indonesia pppi sebuah organisasi pemuda yang beranggotakan pelajar dari seluruh indonesia', 'kongres ini bertujuan untuk memperkuat rasa persatuan dan kebangsaan indonesia yang telah tumbuh di dalam benak dan sanubari pemuda pemudi', 'sebelum kongres digelar para pemuda mengadakan pertemuan terlebih dahulu pada 3 mei 1928 dan 12 agustus 1928 mereka membahas tentang pembentukan panitia susunan acara kongres waktu tempat dan biaya', 'kemudian pertemuan itu menyepakati bahwa kongres pemuda kedua akan diselenggarakan pada 27 28 oktober 1928 di tiga lokasi berbeda yaitu gedung katholieke jongenlingen bond oost java bioscoop dan indonesische clubgebouw rumah indekos kramat no', '106', 'keseluruhan biaya akan ditanggung oleh organisasi organisasi yang menghadiri kongres serta sumbangan sukarela', 'tulislah naskah sumpah pemuda yang dikumandangkan oleh para pemuda pada tanggal 28 oktober 1928']","['kami putra dan putri indonesia mengaku bertumpah darah yang satu tanah air indonesia', 'kami putra dan putri indonesia mengaku berbangsa yang satu bangsa indonesia', 'kami putra dan putri indonesia menjunjung bahasa persatuan bahasa indonesia']","['kami pemuda pemudi indonesia', 'dengan kami putera puteri indonesia', 'menyatakan bahwa sumpah pemoeda', 'pada tanggal 28 oktober 1928']",5,30,"1,67",E,1
741,11,"['kongres pemuda kedua digagas oleh perhimpunan pelajar pelajar indonesia pppi sebuah organisasi pemuda yang beranggotakan pelajar dari seluruh indonesia', 'kongres ini bertujuan untuk memperkuat rasa persatuan dan kebangsaan indonesia yang telah tumbuh di dalam benak dan sanubari pemuda pemudi', 'sebelum kongres digelar para pemuda mengadakan pertemuan terlebih dahulu pada 3 mei 1928 dan 12 agustus 1928 mereka membahas tentang pembentukan panitia susunan acara kongres waktu tempat dan biaya', 'kemudian pertemuan itu menyepakati bahwa kongres pemuda kedua akan diselenggarakan pada 27 28 oktober 1928 di tiga lokasi berbeda yaitu gedung katholieke jongenlingen bond oost java bioscoop dan indonesische clubgebouw rumah indekos kramat no', '106', 'keseluruhan biaya akan ditanggung oleh organisasi organisasi yang menghadiri kongres serta sumbangan sukarela', 'tulislah naskah sumpah pemuda yang dikumandangkan oleh para pemuda pada tanggal 28 oktober 1928']","['kami putra dan putri indonesia mengaku bertumpah darah yang satu tanah air indonesia', 'kami putra dan putri indonesia mengaku berbangsa yang satu bangsa indonesia', 'kami putra dan putri indonesia menjunjung bahasa persatuan bahasa indonesia']","['kami putra dan putri indonesia mengaku bertumpah darah yang satu tanah air indonesia', 'kami putra dan putri indonesia mengaku berbangsa yang satu bangsa indonesia', 'kami putra dan putri indonesia mengaku berbahasa yang satu bahasa indonesia']",30,30,"10,00",A,5
742,11,"['kongres pemuda kedua digagas oleh perhimpunan pelajar pelajar indonesia pppi sebuah organisasi pemuda yang beranggotakan pelajar dari seluruh indonesia', 'kongres ini bertujuan untuk memperkuat rasa persatuan dan kebangsaan indonesia yang telah tumbuh di dalam benak dan sanubari pemuda pemudi', 'sebelum kongres digelar para pemuda mengadakan pertemuan terlebih dahulu pada 3 mei 1928 dan 12 agustus 1928 mereka membahas tentang pembentukan panitia susunan acara kongres waktu tempat dan biaya', 'kemudian pertemuan itu menyepakati bahwa kongres pemuda kedua akan diselenggarakan pada 27 28 oktober 1928 di tiga lokasi berbeda yaitu gedung katholieke jongenlingen bond oost java bioscoop dan indonesische clubgebouw rumah indekos kramat no', '106', 'keseluruhan biaya akan ditanggung oleh organisasi organisasi yang menghadiri kongres serta sumbangan sukarela', 'tulislah naskah sumpah pemuda yang dikumandangkan oleh para pemuda pada tanggal 28 oktober 1928']","['kami putra dan putri indonesia mengaku bertumpah darah yang satu tanah air indonesia', 'kami putra dan putri indonesia mengaku berbangsa yang satu bangsa indonesia', 'kami putra dan putri indonesia menjunjung bahasa persatuan bahasa indonesia']",['kongres pemuda kedua digagas oleh perhimpunan pelajar indonesia pppi sebuah organisasi pemuda yang beranggotakan pelajar dari seluruh indonesia'],5,30,"1,67",E,1
743,11,"['kongres pemuda kedua digagas oleh perhimpunan pelajar pelajar indonesia pppi sebuah organisasi pemuda yang beranggotakan pelajar dari seluruh indonesia', 'kongres ini bertujuan untuk memperkuat rasa persatuan dan kebangsaan indonesia yang telah tumbuh di dalam benak dan sanubari pemuda pemudi', 'sebelum kongres digelar para pemuda mengadakan pertemuan terlebih dahulu pada 3 mei 1928 dan 12 agustus 1928 mereka membahas tentang pembentukan panitia susunan acara kongres waktu tempat dan biaya', 'kemudian pertemuan itu menyepakati bahwa kongres pemuda kedua akan diselenggarakan pada 27 28 oktober 1928 di tiga lokasi berbeda yaitu gedung katholieke jongenlingen bond oost java bioscoop dan indonesische clubgebouw rumah indekos kramat no', '106', 'keseluruhan biaya akan ditanggung oleh organisasi organisasi yang menghadiri kongres serta sumbangan sukarela', 'tulislah naskah sumpah pemuda yang dikumandangkan oleh para pemuda pada tanggal 28 oktober 1928']","['kami putra dan putri indonesia mengaku bertumpah darah yang satu tanah air indonesia', 'kami putra dan putri indonesia mengaku berbangsa yang satu bangsa indonesia', 'kami putra dan putri indonesia menjunjung bahasa persatuan bahasa indonesia']","['kami putra dan putri indonesia mengaku bertumpah darah dan satu tanah air', 'berbangsa satu berbangsa indonesia', 'bahasa persatuan bahasa indonesia']",20,30,"6,67",C,3
744,11,"['kongres pemuda kedua digagas oleh perhimpunan pelajar pelajar indonesia pppi sebuah organisasi pemuda yang beranggotakan pelajar dari seluruh indonesia', 'kongres ini bertujuan untuk memperkuat rasa persatuan dan kebangsaan indonesia yang telah tumbuh di dalam benak dan sanubari pemuda pemudi', 'sebelum kongres digelar para pemuda mengadakan pertemuan terlebih dahulu pada 3 mei 1928 dan 12 agustus 1928 mereka membahas tentang pembentukan panitia susunan acara kongres waktu tempat dan biaya', 'kemudian pertemuan itu menyepakati bahwa kongres pemuda kedua akan diselenggarakan pada 27 28 oktober 1928 di tiga lokasi berbeda yaitu gedung katholieke jongenlingen bond oost java bioscoop dan indonesische clubgebouw rumah indekos kramat no', '106', 'keseluruhan biaya akan ditanggung oleh organisasi organisasi yang menghadiri kongres serta sumbangan sukarela', 'tulislah naskah sumpah pemuda yang dikumandangkan oleh para pemuda pada tanggal 28 oktober 1928']","['kami putra dan putri indonesia mengaku bertumpah darah yang satu tanah air indonesia', 'kami putra dan putri indonesia mengaku berbangsa yang satu bangsa indonesia', 'kami putra dan putri indonesia menjunjung bahasa persatuan bahasa indonesia']","['kami putra putri indonesia', 'mengaku bangsa indonesia adalah bangsa yang satu', 'kami putra putri indonesia', '4ber']",5,30,"1,67",E,1
745,11,"['kongres pemuda kedua digagas oleh perhimpunan pelajar pelajar indonesia pppi sebuah organisasi pemuda yang beranggotakan pelajar dari seluruh indonesia', 'kongres ini bertujuan untuk memperkuat rasa persatuan dan kebangsaan indonesia yang telah tumbuh di dalam benak dan sanubari pemuda pemudi', 'sebelum kongres digelar para pemuda mengadakan pertemuan terlebih dahulu pada 3 mei 1928 dan 12 agustus 1928 mereka membahas tentang pembentukan panitia susunan acara kongres waktu tempat dan biaya', 'kemudian pertemuan itu menyepakati bahwa kongres pemuda kedua akan diselenggarakan pada 27 28 oktober 1928 di tiga lokasi berbeda yaitu gedung katholieke jongenlingen bond oost java bioscoop dan indonesische clubgebouw rumah indekos kramat no', '106', 'keseluruhan biaya akan ditanggung oleh organisasi organisasi yang menghadiri kongres serta sumbangan sukarela', 'tulislah naskah sumpah pemuda yang dikumandangkan oleh para pemuda pada tanggal 28 oktober 1928']","['kami putra dan putri indonesia mengaku bertumpah darah yang satu tanah air indonesia', 'kami putra dan putri indonesia mengaku berbangsa yang satu bangsa indonesia', 'kami putra dan putri indonesia menjunjung bahasa persatuan bahasa indonesia']","['kami putra putri indonesia mengakui pertumpahan darah yang satu tanah air indonesia', 'berbangsa yang satu bangsa indonesia', 'bahasa persatuan bahasa indonesia']",30,30,"10,00",A,5
746,11,"['kongres pemuda kedua digagas oleh perhimpunan pelajar pelajar indonesia pppi sebuah organisasi pemuda yang beranggotakan pelajar dari seluruh indonesia', 'kongres ini bertujuan untuk memperkuat rasa persatuan dan kebangsaan indonesia yang telah tumbuh di dalam benak dan sanubari pemuda pemudi', 'sebelum kongres digelar para pemuda mengadakan pertemuan terlebih dahulu pada 3 mei 1928 dan 12 agustus 1928 mereka membahas tentang pembentukan panitia susunan acara kongres waktu tempat dan biaya', 'kemudian pertemuan itu menyepakati bahwa kongres pemuda kedua akan diselenggarakan pada 27 28 oktober 1928 di tiga lokasi berbeda yaitu gedung katholieke jongenlingen bond oost java bioscoop dan indonesische clubgebouw rumah indekos kramat no', '106', 'keseluruhan biaya akan ditanggung oleh organisasi organisasi yang menghadiri kongres serta sumbangan sukarela', 'tulislah naskah sumpah pemuda yang dikumandangkan oleh para pemuda pada tanggal 28 oktober 1928']","['kami putra dan putri indonesia mengaku bertumpah darah yang satu tanah air indonesia', 'kami putra dan putri indonesia mengaku berbangsa yang satu bangsa indonesia', 'kami putra dan putri indonesia menjunjung bahasa persatuan bahasa indonesia']","['kami pemuda pemudi indonesia menyatakan persatuan seluruh rakyat indonesia', 'kami pemua pemudi indonesia menyatakan bahasa persatuan indonesia adalah bahasa indonesia']",10,30,"3,33",E,1
747,11,"['kongres pemuda kedua digagas oleh perhimpunan pelajar pelajar indonesia pppi sebuah organisasi pemuda yang beranggotakan pelajar dari seluruh indonesia', 'kongres ini bertujuan untuk memperkuat rasa persatuan dan kebangsaan indonesia yang telah tumbuh di dalam benak dan sanubari pemuda pemudi', 'sebelum kongres digelar para pemuda mengadakan pertemuan terlebih dahulu pada 3 mei 1928 dan 12 agustus 1928 mereka membahas tentang pembentukan panitia susunan acara kongres waktu tempat dan biaya', 'kemudian pertemuan itu menyepakati bahwa kongres pemuda kedua akan diselenggarakan pada 27 28 oktober 1928 di tiga lokasi berbeda yaitu gedung katholieke jongenlingen bond oost java bioscoop dan indonesische clubgebouw rumah indekos kramat no', '106', 'keseluruhan biaya akan ditanggung oleh organisasi organisasi yang menghadiri kongres serta sumbangan sukarela', 'tulislah naskah sumpah pemuda yang dikumandangkan oleh para pemuda pada tanggal 28 oktober 1928']","['kami putra dan putri indonesia mengaku bertumpah darah yang satu tanah air indonesia', 'kami putra dan putri indonesia mengaku berbangsa yang satu bangsa indonesia', 'kami putra dan putri indonesia menjunjung bahasa persatuan bahasa indonesia']","['kami putra putri indonesia mengaku bertumpah darah yang satu tanah air indonesia', 'kami putra putri indonesia menjunjung bahasa persatuan bahasa indonesia', 'kami putra putri indonesia berbangsa yang satu bangsa indonesia']",30,30,"10,00",A,5
748,11,"['kongres pemuda kedua digagas oleh perhimpunan pelajar pelajar indonesia pppi sebuah organisasi pemuda yang beranggotakan pelajar dari seluruh indonesia', 'kongres ini bertujuan untuk memperkuat rasa persatuan dan kebangsaan indonesia yang telah tumbuh di dalam benak dan sanubari pemuda pemudi', 'sebelum kongres digelar para pemuda mengadakan pertemuan terlebih dahulu pada 3 mei 1928 dan 12 agustus 1928 mereka membahas tentang pembentukan panitia susunan acara kongres waktu tempat dan biaya', 'kemudian pertemuan itu menyepakati bahwa kongres pemuda kedua akan diselenggarakan pada 27 28 oktober 1928 di tiga lokasi berbeda yaitu gedung katholieke jongenlingen bond oost java bioscoop dan indonesische clubgebouw rumah indekos kramat no', '106', 'keseluruhan biaya akan ditanggung oleh organisasi organisasi yang menghadiri kongres serta sumbangan sukarela', 'tulislah naskah sumpah pemuda yang dikumandangkan oleh para pemuda pada tanggal 28 oktober 1928']","['kami putra dan putri indonesia mengaku bertumpah darah yang satu tanah air indonesia', 'kami putra dan putri indonesia mengaku berbangsa yang satu bangsa indonesia', 'kami putra dan putri indonesia menjunjung bahasa persatuan bahasa indonesia']",['kami pemuda kami mau membuktikan kami juga bisa membela negara ini'],5,30,"1,67",E,1
749,11,"['kongres pemuda kedua digagas oleh perhimpunan pelajar pelajar indonesia pppi sebuah organisasi pemuda yang beranggotakan pelajar dari seluruh indonesia', 'kongres ini bertujuan untuk memperkuat rasa persatuan dan kebangsaan indonesia yang telah tumbuh di dalam benak dan sanubari pemuda pemudi', 'sebelum kongres digelar para pemuda mengadakan pertemuan terlebih dahulu pada 3 mei 1928 dan 12 agustus 1928 mereka membahas tentang pembentukan panitia susunan acara kongres waktu tempat dan biaya', 'kemudian pertemuan itu menyepakati bahwa kongres pemuda kedua akan diselenggarakan pada 27 28 oktober 1928 di tiga lokasi berbeda yaitu gedung katholieke jongenlingen bond oost java bioscoop dan indonesische clubgebouw rumah indekos kramat no', '106', 'keseluruhan biaya akan ditanggung oleh organisasi organisasi yang menghadiri kongres serta sumbangan sukarela', 'tulislah naskah sumpah pemuda yang dikumandangkan oleh para pemuda pada tanggal 28 oktober 1928']","['kami putra dan putri indonesia mengaku bertumpah darah yang satu tanah air indonesia', 'kami putra dan putri indonesia mengaku berbangsa yang satu bangsa indonesia', 'kami putra dan putri indonesia menjunjung bahasa persatuan bahasa indonesia']",['sumpah pemuda kami para pemuda pemudi indonesia akan memperkuat satu kesatuan bangsa dan mencerminkan hal hal baik'],5,30,"1,67",E,1
750,11,"['kongres pemuda kedua digagas oleh perhimpunan pelajar pelajar indonesia pppi sebuah organisasi pemuda yang beranggotakan pelajar dari seluruh indonesia', 'kongres ini bertujuan untuk memperkuat rasa persatuan dan kebangsaan indonesia yang telah tumbuh di dalam benak dan sanubari pemuda pemudi', 'sebelum kongres digelar para pemuda mengadakan pertemuan terlebih dahulu pada 3 mei 1928 dan 12 agustus 1928 mereka membahas tentang pembentukan panitia susunan acara kongres waktu tempat dan biaya', 'kemudian pertemuan itu menyepakati bahwa kongres pemuda kedua akan diselenggarakan pada 27 28 oktober 1928 di tiga lokasi berbeda yaitu gedung katholieke jongenlingen bond oost java bioscoop dan indonesische clubgebouw rumah indekos kramat no', '106', 'keseluruhan biaya akan ditanggung oleh organisasi organisasi yang menghadiri kongres serta sumbangan sukarela', 'tulislah naskah sumpah pemuda yang dikumandangkan oleh para pemuda pada tanggal 28 oktober 1928']","['kami putra dan putri indonesia mengaku bertumpah darah yang satu tanah air indonesia', 'kami putra dan putri indonesia mengaku berbangsa yang satu bangsa indonesia', 'kami putra dan putri indonesia menjunjung bahasa persatuan bahasa indonesia']",['kami segenap putra dan putri mengaku indonesia mengaku bertumpah darah yang satu dan berbahasa yang satu yaitu bahasa indonesia'],5,30,"1,67",E,1
751,11,"['kongres pemuda kedua digagas oleh perhimpunan pelajar pelajar indonesia pppi sebuah organisasi pemuda yang beranggotakan pelajar dari seluruh indonesia', 'kongres ini bertujuan untuk memperkuat rasa persatuan dan kebangsaan indonesia yang telah tumbuh di dalam benak dan sanubari pemuda pemudi', 'sebelum kongres digelar para pemuda mengadakan pertemuan terlebih dahulu pada 3 mei 1928 dan 12 agustus 1928 mereka membahas tentang pembentukan panitia susunan acara kongres waktu tempat dan biaya', 'kemudian pertemuan itu menyepakati bahwa kongres pemuda kedua akan diselenggarakan pada 27 28 oktober 1928 di tiga lokasi berbeda yaitu gedung katholieke jongenlingen bond oost java bioscoop dan indonesische clubgebouw rumah indekos kramat no', '106', 'keseluruhan biaya akan ditanggung oleh organisasi organisasi yang menghadiri kongres serta sumbangan sukarela', 'tulislah naskah sumpah pemuda yang dikumandangkan oleh para pemuda pada tanggal 28 oktober 1928']","['kami putra dan putri indonesia mengaku bertumpah darah yang satu tanah air indonesia', 'kami putra dan putri indonesia mengaku berbangsa yang satu bangsa indonesia', 'kami putra dan putri indonesia menjunjung bahasa persatuan bahasa indonesia']",['kami pemuda pemudi indonesia dengan ini menyatakan kemerdekaan indonesia yang adil bersatu berdaulat adil dan makmur'],5,30,"1,67",E,1
752,11,"['kongres pemuda kedua digagas oleh perhimpunan pelajar pelajar indonesia pppi sebuah organisasi pemuda yang beranggotakan pelajar dari seluruh indonesia', 'kongres ini bertujuan untuk memperkuat rasa persatuan dan kebangsaan indonesia yang telah tumbuh di dalam benak dan sanubari pemuda pemudi', 'sebelum kongres digelar para pemuda mengadakan pertemuan terlebih dahulu pada 3 mei 1928 dan 12 agustus 1928 mereka membahas tentang pembentukan panitia susunan acara kongres waktu tempat dan biaya', 'kemudian pertemuan itu menyepakati bahwa kongres pemuda kedua akan diselenggarakan pada 27 28 oktober 1928 di tiga lokasi berbeda yaitu gedung katholieke jongenlingen bond oost java bioscoop dan indonesische clubgebouw rumah indekos kramat no', '106', 'keseluruhan biaya akan ditanggung oleh organisasi organisasi yang menghadiri kongres serta sumbangan sukarela', 'tulislah naskah sumpah pemuda yang dikumandangkan oleh para pemuda pada tanggal 28 oktober 1928']","['kami putra dan putri indonesia mengaku bertumpah darah yang satu tanah air indonesia', 'kami putra dan putri indonesia mengaku berbangsa yang satu bangsa indonesia', 'kami putra dan putri indonesia menjunjung bahasa persatuan bahasa indonesia']","['sumpah pemuda', 'kami putra putri indonesia', 'menjunjung tulang bahasa indonesia']",5,30,"1,67",E,1
753,11,"['kongres pemuda kedua digagas oleh perhimpunan pelajar pelajar indonesia pppi sebuah organisasi pemuda yang beranggotakan pelajar dari seluruh indonesia', 'kongres ini bertujuan untuk memperkuat rasa persatuan dan kebangsaan indonesia yang telah tumbuh di dalam benak dan sanubari pemuda pemudi', 'sebelum kongres digelar para pemuda mengadakan pertemuan terlebih dahulu pada 3 mei 1928 dan 12 agustus 1928 mereka membahas tentang pembentukan panitia susunan acara kongres waktu tempat dan biaya', 'kemudian pertemuan itu menyepakati bahwa kongres pemuda kedua akan diselenggarakan pada 27 28 oktober 1928 di tiga lokasi berbeda yaitu gedung katholieke jongenlingen bond oost java bioscoop dan indonesische clubgebouw rumah indekos kramat no', '106', 'keseluruhan biaya akan ditanggung oleh organisasi organisasi yang menghadiri kongres serta sumbangan sukarela', 'tulislah naskah sumpah pemuda yang dikumandangkan oleh para pemuda pada tanggal 28 oktober 1928']","['kami putra dan putri indonesia mengaku bertumpah darah yang satu tanah air indonesia', 'kami putra dan putri indonesia mengaku berbangsa yang satu bangsa indonesia', 'kami putra dan putri indonesia menjunjung bahasa persatuan bahasa indonesia']","['kami putra dan putri indonesia mengaku bertumpah darah yang satu tanah indonesia', 'kami dan putra putri indoneia mengaku berbangsa yang satu bangsa indonesia', 'kami putra dan putri indonesia menjunjung tinggi bahasa persatuan berbangsa satu']",30,30,"10,00",A,5
754,11,"['kongres pemuda kedua digagas oleh perhimpunan pelajar pelajar indonesia pppi sebuah organisasi pemuda yang beranggotakan pelajar dari seluruh indonesia', 'kongres ini bertujuan untuk memperkuat rasa persatuan dan kebangsaan indonesia yang telah tumbuh di dalam benak dan sanubari pemuda pemudi', 'sebelum kongres digelar para pemuda mengadakan pertemuan terlebih dahulu pada 3 mei 1928 dan 12 agustus 1928 mereka membahas tentang pembentukan panitia susunan acara kongres waktu tempat dan biaya', 'kemudian pertemuan itu menyepakati bahwa kongres pemuda kedua akan diselenggarakan pada 27 28 oktober 1928 di tiga lokasi berbeda yaitu gedung katholieke jongenlingen bond oost java bioscoop dan indonesische clubgebouw rumah indekos kramat no', '106', 'keseluruhan biaya akan ditanggung oleh organisasi organisasi yang menghadiri kongres serta sumbangan sukarela', 'tulislah naskah sumpah pemuda yang dikumandangkan oleh para pemuda pada tanggal 28 oktober 1928']","['kami putra dan putri indonesia mengaku bertumpah darah yang satu tanah air indonesia', 'kami putra dan putri indonesia mengaku berbangsa yang satu bangsa indonesia', 'kami putra dan putri indonesia menjunjung bahasa persatuan bahasa indonesia']",['kami pemuda pemudi indonesia dengan ini kami nyatahkan kemerdekaan indonesia yang adil dan makmur'],5,30,"1,67",E,1
755,11,"['kongres pemuda kedua digagas oleh perhimpunan pelajar pelajar indonesia pppi sebuah organisasi pemuda yang beranggotakan pelajar dari seluruh indonesia', 'kongres ini bertujuan untuk memperkuat rasa persatuan dan kebangsaan indonesia yang telah tumbuh di dalam benak dan sanubari pemuda pemudi', 'sebelum kongres digelar para pemuda mengadakan pertemuan terlebih dahulu pada 3 mei 1928 dan 12 agustus 1928 mereka membahas tentang pembentukan panitia susunan acara kongres waktu tempat dan biaya', 'kemudian pertemuan itu menyepakati bahwa kongres pemuda kedua akan diselenggarakan pada 27 28 oktober 1928 di tiga lokasi berbeda yaitu gedung katholieke jongenlingen bond oost java bioscoop dan indonesische clubgebouw rumah indekos kramat no', '106', 'keseluruhan biaya akan ditanggung oleh organisasi organisasi yang menghadiri kongres serta sumbangan sukarela', 'tulislah naskah sumpah pemuda yang dikumandangkan oleh para pemuda pada tanggal 28 oktober 1928']","['kami putra dan putri indonesia mengaku bertumpah darah yang satu tanah air indonesia', 'kami putra dan putri indonesia mengaku berbangsa yang satu bangsa indonesia', 'kami putra dan putri indonesia menjunjung bahasa persatuan bahasa indonesia']","['kami poutera dan pouteri indonesia', 'mengaku bertumpah darah yang satu', 'tanah air indonesia', 'kami poutera dan pouteri indonesia', 'mengaku berbahasa persatuan yang satu', 'bahasa indonesia']",20,30,"6,67",C,3
756,11,"['kongres pemuda kedua digagas oleh perhimpunan pelajar pelajar indonesia pppi sebuah organisasi pemuda yang beranggotakan pelajar dari seluruh indonesia', 'kongres ini bertujuan untuk memperkuat rasa persatuan dan kebangsaan indonesia yang telah tumbuh di dalam benak dan sanubari pemuda pemudi', 'sebelum kongres digelar para pemuda mengadakan pertemuan terlebih dahulu pada 3 mei 1928 dan 12 agustus 1928 mereka membahas tentang pembentukan panitia susunan acara kongres waktu tempat dan biaya', 'kemudian pertemuan itu menyepakati bahwa kongres pemuda kedua akan diselenggarakan pada 27 28 oktober 1928 di tiga lokasi berbeda yaitu gedung katholieke jongenlingen bond oost java bioscoop dan indonesische clubgebouw rumah indekos kramat no', '106', 'keseluruhan biaya akan ditanggung oleh organisasi organisasi yang menghadiri kongres serta sumbangan sukarela', 'tulislah naskah sumpah pemuda yang dikumandangkan oleh para pemuda pada tanggal 28 oktober 1928']","['kami putra dan putri indonesia mengaku bertumpah darah yang satu tanah air indonesia', 'kami putra dan putri indonesia mengaku berbangsa yang satu bangsa indonesia', 'kami putra dan putri indonesia menjunjung bahasa persatuan bahasa indonesia']","['para pemuda bersumpah untuk saling membantu dan menghargai satu sama lain agar saling bersatu para pemuda bermusyawarah untuk memilih menyetujui rencana pemerintah apa tidak', 'mereka lalu membuat sumpah pemuda di tempat titik kumpul']",5,30,"1,67",E,1
757,11,"['kongres pemuda kedua digagas oleh perhimpunan pelajar pelajar indonesia pppi sebuah organisasi pemuda yang beranggotakan pelajar dari seluruh indonesia', 'kongres ini bertujuan untuk memperkuat rasa persatuan dan kebangsaan indonesia yang telah tumbuh di dalam benak dan sanubari pemuda pemudi', 'sebelum kongres digelar para pemuda mengadakan pertemuan terlebih dahulu pada 3 mei 1928 dan 12 agustus 1928 mereka membahas tentang pembentukan panitia susunan acara kongres waktu tempat dan biaya', 'kemudian pertemuan itu menyepakati bahwa kongres pemuda kedua akan diselenggarakan pada 27 28 oktober 1928 di tiga lokasi berbeda yaitu gedung katholieke jongenlingen bond oost java bioscoop dan indonesische clubgebouw rumah indekos kramat no', '106', 'keseluruhan biaya akan ditanggung oleh organisasi organisasi yang menghadiri kongres serta sumbangan sukarela', 'tulislah naskah sumpah pemuda yang dikumandangkan oleh para pemuda pada tanggal 28 oktober 1928']","['kami putra dan putri indonesia mengaku bertumpah darah yang satu tanah air indonesia', 'kami putra dan putri indonesia mengaku berbangsa yang satu bangsa indonesia', 'kami putra dan putri indonesia menjunjung bahasa persatuan bahasa indonesia']","['kami putra dan putri indonesia mengaku bertumpah darah yang satu tanah air indonesia', 'kami putra dan putri indonesia mengaku berbangsa yang satu bangsa indonesia', 'kami putra dan putri indonesia mengaku berbahasa yang satu bahasa indonesia']",30,30,"10,00",A,5
758,11,"['kongres pemuda kedua digagas oleh perhimpunan pelajar pelajar indonesia pppi sebuah organisasi pemuda yang beranggotakan pelajar dari seluruh indonesia', 'kongres ini bertujuan untuk memperkuat rasa persatuan dan kebangsaan indonesia yang telah tumbuh di dalam benak dan sanubari pemuda pemudi', 'sebelum kongres digelar para pemuda mengadakan pertemuan terlebih dahulu pada 3 mei 1928 dan 12 agustus 1928 mereka membahas tentang pembentukan panitia susunan acara kongres waktu tempat dan biaya', 'kemudian pertemuan itu menyepakati bahwa kongres pemuda kedua akan diselenggarakan pada 27 28 oktober 1928 di tiga lokasi berbeda yaitu gedung katholieke jongenlingen bond oost java bioscoop dan indonesische clubgebouw rumah indekos kramat no', '106', 'keseluruhan biaya akan ditanggung oleh organisasi organisasi yang menghadiri kongres serta sumbangan sukarela', 'tulislah naskah sumpah pemuda yang dikumandangkan oleh para pemuda pada tanggal 28 oktober 1928']","['kami putra dan putri indonesia mengaku bertumpah darah yang satu tanah air indonesia', 'kami putra dan putri indonesia mengaku berbangsa yang satu bangsa indonesia', 'kami putra dan putri indonesia menjunjung bahasa persatuan bahasa indonesia']","['kami putra putri indonesia mengaku bersumpah darah yang satu di indonesia', 'kami putra putri indonesia mengaku berbahasa satu yaitu indonesia', 'kami putra putri indonesia mengaku berbangsa satu yaitu bangsa indonesia']",30,30,"10,00",A,5
759,11,"['kongres pemuda kedua digagas oleh perhimpunan pelajar pelajar indonesia pppi sebuah organisasi pemuda yang beranggotakan pelajar dari seluruh indonesia', 'kongres ini bertujuan untuk memperkuat rasa persatuan dan kebangsaan indonesia yang telah tumbuh di dalam benak dan sanubari pemuda pemudi', 'sebelum kongres digelar para pemuda mengadakan pertemuan terlebih dahulu pada 3 mei 1928 dan 12 agustus 1928 mereka membahas tentang pembentukan panitia susunan acara kongres waktu tempat dan biaya', 'kemudian pertemuan itu menyepakati bahwa kongres pemuda kedua akan diselenggarakan pada 27 28 oktober 1928 di tiga lokasi berbeda yaitu gedung katholieke jongenlingen bond oost java bioscoop dan indonesische clubgebouw rumah indekos kramat no', '106', 'keseluruhan biaya akan ditanggung oleh organisasi organisasi yang menghadiri kongres serta sumbangan sukarela', 'tulislah naskah sumpah pemuda yang dikumandangkan oleh para pemuda pada tanggal 28 oktober 1928']","['kami putra dan putri indonesia mengaku bertumpah darah yang satu tanah air indonesia', 'kami putra dan putri indonesia mengaku berbangsa yang satu bangsa indonesia', 'kami putra dan putri indonesia menjunjung bahasa persatuan bahasa indonesia']","['sumpah pemuda adalah', 'kami pemuda dan pemudi bangsa indonesia bersaksi bahwa bangsa indonesia harus merdeka secara cepat', 'kami pemuda pemudi indonesia menyatakan persatuan dan kesatuan']",5,30,"1,67",E,1
760,11,"['kongres pemuda kedua digagas oleh perhimpunan pelajar pelajar indonesia pppi sebuah organisasi pemuda yang beranggotakan pelajar dari seluruh indonesia', 'kongres ini bertujuan untuk memperkuat rasa persatuan dan kebangsaan indonesia yang telah tumbuh di dalam benak dan sanubari pemuda pemudi', 'sebelum kongres digelar para pemuda mengadakan pertemuan terlebih dahulu pada 3 mei 1928 dan 12 agustus 1928 mereka membahas tentang pembentukan panitia susunan acara kongres waktu tempat dan biaya', 'kemudian pertemuan itu menyepakati bahwa kongres pemuda kedua akan diselenggarakan pada 27 28 oktober 1928 di tiga lokasi berbeda yaitu gedung katholieke jongenlingen bond oost java bioscoop dan indonesische clubgebouw rumah indekos kramat no', '106', 'keseluruhan biaya akan ditanggung oleh organisasi organisasi yang menghadiri kongres serta sumbangan sukarela', 'tulislah naskah sumpah pemuda yang dikumandangkan oleh para pemuda pada tanggal 28 oktober 1928']","['kami putra dan putri indonesia mengaku bertumpah darah yang satu tanah air indonesia', 'kami putra dan putri indonesia mengaku berbangsa yang satu bangsa indonesia', 'kami putra dan putri indonesia menjunjung bahasa persatuan bahasa indonesia']","['kami putra dan putri indonesia', 'bertumpah darah tanah air', 'tanah air indonesia', 'kami putra dan putri indonesia', 'menjujung tinggi persatuan', 'bangsa indonesia', 'kami putra dan putri indonesia', 'menjunjung bahasa persatuan', 'bahasa indonesia']",20,30,"6,67",C,3
761,11,"['kongres pemuda kedua digagas oleh perhimpunan pelajar pelajar indonesia pppi sebuah organisasi pemuda yang beranggotakan pelajar dari seluruh indonesia', 'kongres ini bertujuan untuk memperkuat rasa persatuan dan kebangsaan indonesia yang telah tumbuh di dalam benak dan sanubari pemuda pemudi', 'sebelum kongres digelar para pemuda mengadakan pertemuan terlebih dahulu pada 3 mei 1928 dan 12 agustus 1928 mereka membahas tentang pembentukan panitia susunan acara kongres waktu tempat dan biaya', 'kemudian pertemuan itu menyepakati bahwa kongres pemuda kedua akan diselenggarakan pada 27 28 oktober 1928 di tiga lokasi berbeda yaitu gedung katholieke jongenlingen bond oost java bioscoop dan indonesische clubgebouw rumah indekos kramat no', '106', 'keseluruhan biaya akan ditanggung oleh organisasi organisasi yang menghadiri kongres serta sumbangan sukarela', 'tulislah naskah sumpah pemuda yang dikumandangkan oleh para pemuda pada tanggal 28 oktober 1928']","['kami putra dan putri indonesia mengaku bertumpah darah yang satu tanah air indonesia', 'kami putra dan putri indonesia mengaku berbangsa yang satu bangsa indonesia', 'kami putra dan putri indonesia menjunjung bahasa persatuan bahasa indonesia']",['kosong'],0,30,"0,00",E,1
762,11,"['kongres pemuda kedua digagas oleh perhimpunan pelajar pelajar indonesia pppi sebuah organisasi pemuda yang beranggotakan pelajar dari seluruh indonesia', 'kongres ini bertujuan untuk memperkuat rasa persatuan dan kebangsaan indonesia yang telah tumbuh di dalam benak dan sanubari pemuda pemudi', 'sebelum kongres digelar para pemuda mengadakan pertemuan terlebih dahulu pada 3 mei 1928 dan 12 agustus 1928 mereka membahas tentang pembentukan panitia susunan acara kongres waktu tempat dan biaya', 'kemudian pertemuan itu menyepakati bahwa kongres pemuda kedua akan diselenggarakan pada 27 28 oktober 1928 di tiga lokasi berbeda yaitu gedung katholieke jongenlingen bond oost java bioscoop dan indonesische clubgebouw rumah indekos kramat no', '106', 'keseluruhan biaya akan ditanggung oleh organisasi organisasi yang menghadiri kongres serta sumbangan sukarela', 'tulislah naskah sumpah pemuda yang dikumandangkan oleh para pemuda pada tanggal 28 oktober 1928']","['kami putra dan putri indonesia mengaku bertumpah darah yang satu tanah air indonesia', 'kami putra dan putri indonesia mengaku berbangsa yang satu bangsa indonesia', 'kami putra dan putri indonesia menjunjung bahasa persatuan bahasa indonesia']",['memperkuat rasa persatuan dan kebangsaan indonesia'],5,30,"1,67",E,1
763,11,"['kongres pemuda kedua digagas oleh perhimpunan pelajar pelajar indonesia pppi sebuah organisasi pemuda yang beranggotakan pelajar dari seluruh indonesia', 'kongres ini bertujuan untuk memperkuat rasa persatuan dan kebangsaan indonesia yang telah tumbuh di dalam benak dan sanubari pemuda pemudi', 'sebelum kongres digelar para pemuda mengadakan pertemuan terlebih dahulu pada 3 mei 1928 dan 12 agustus 1928 mereka membahas tentang pembentukan panitia susunan acara kongres waktu tempat dan biaya', 'kemudian pertemuan itu menyepakati bahwa kongres pemuda kedua akan diselenggarakan pada 27 28 oktober 1928 di tiga lokasi berbeda yaitu gedung katholieke jongenlingen bond oost java bioscoop dan indonesische clubgebouw rumah indekos kramat no', '106', 'keseluruhan biaya akan ditanggung oleh organisasi organisasi yang menghadiri kongres serta sumbangan sukarela', 'tulislah naskah sumpah pemuda yang dikumandangkan oleh para pemuda pada tanggal 28 oktober 1928']","['kami putra dan putri indonesia mengaku bertumpah darah yang satu tanah air indonesia', 'kami putra dan putri indonesia mengaku berbangsa yang satu bangsa indonesia', 'kami putra dan putri indonesia menjunjung bahasa persatuan bahasa indonesia']","['kami putra dan putri indonesia mengaku berbangsa yang satu tanah air indonesia', 'kami putra dan putri indonesia menjunjung bahasa persatuan bahasa indonesia']",20,30,"6,67",C,3
764,11,"['kongres pemuda kedua digagas oleh perhimpunan pelajar pelajar indonesia pppi sebuah organisasi pemuda yang beranggotakan pelajar dari seluruh indonesia', 'kongres ini bertujuan untuk memperkuat rasa persatuan dan kebangsaan indonesia yang telah tumbuh di dalam benak dan sanubari pemuda pemudi', 'sebelum kongres digelar para pemuda mengadakan pertemuan terlebih dahulu pada 3 mei 1928 dan 12 agustus 1928 mereka membahas tentang pembentukan panitia susunan acara kongres waktu tempat dan biaya', 'kemudian pertemuan itu menyepakati bahwa kongres pemuda kedua akan diselenggarakan pada 27 28 oktober 1928 di tiga lokasi berbeda yaitu gedung katholieke jongenlingen bond oost java bioscoop dan indonesische clubgebouw rumah indekos kramat no', '106', 'keseluruhan biaya akan ditanggung oleh organisasi organisasi yang menghadiri kongres serta sumbangan sukarela', 'tulislah naskah sumpah pemuda yang dikumandangkan oleh para pemuda pada tanggal 28 oktober 1928']","['kami putra dan putri indonesia mengaku bertumpah darah yang satu tanah air indonesia', 'kami putra dan putri indonesia mengaku berbangsa yang satu bangsa indonesia', 'kami putra dan putri indonesia menjunjung bahasa persatuan bahasa indonesia']",['saya putra putri indonesia mengaku bersumpah darah indonesia membela indonesia dengan sepenuh jiwa raga dan rela berkorban bagi negeri tercinta indonesia'],5,30,"1,67",E,1
765,11,"['kongres pemuda kedua digagas oleh perhimpunan pelajar pelajar indonesia pppi sebuah organisasi pemuda yang beranggotakan pelajar dari seluruh indonesia', 'kongres ini bertujuan untuk memperkuat rasa persatuan dan kebangsaan indonesia yang telah tumbuh di dalam benak dan sanubari pemuda pemudi', 'sebelum kongres digelar para pemuda mengadakan pertemuan terlebih dahulu pada 3 mei 1928 dan 12 agustus 1928 mereka membahas tentang pembentukan panitia susunan acara kongres waktu tempat dan biaya', 'kemudian pertemuan itu menyepakati bahwa kongres pemuda kedua akan diselenggarakan pada 27 28 oktober 1928 di tiga lokasi berbeda yaitu gedung katholieke jongenlingen bond oost java bioscoop dan indonesische clubgebouw rumah indekos kramat no', '106', 'keseluruhan biaya akan ditanggung oleh organisasi organisasi yang menghadiri kongres serta sumbangan sukarela', 'tulislah naskah sumpah pemuda yang dikumandangkan oleh para pemuda pada tanggal 28 oktober 1928']","['kami putra dan putri indonesia mengaku bertumpah darah yang satu tanah air indonesia', 'kami putra dan putri indonesia mengaku berbangsa yang satu bangsa indonesia', 'kami putra dan putri indonesia menjunjung bahasa persatuan bahasa indonesia']",['kosong'],0,30,"0,00",E,1
766,11,"['kongres pemuda kedua digagas oleh perhimpunan pelajar pelajar indonesia pppi sebuah organisasi pemuda yang beranggotakan pelajar dari seluruh indonesia', 'kongres ini bertujuan untuk memperkuat rasa persatuan dan kebangsaan indonesia yang telah tumbuh di dalam benak dan sanubari pemuda pemudi', 'sebelum kongres digelar para pemuda mengadakan pertemuan terlebih dahulu pada 3 mei 1928 dan 12 agustus 1928 mereka membahas tentang pembentukan panitia susunan acara kongres waktu tempat dan biaya', 'kemudian pertemuan itu menyepakati bahwa kongres pemuda kedua akan diselenggarakan pada 27 28 oktober 1928 di tiga lokasi berbeda yaitu gedung katholieke jongenlingen bond oost java bioscoop dan indonesische clubgebouw rumah indekos kramat no', '106', 'keseluruhan biaya akan ditanggung oleh organisasi organisasi yang menghadiri kongres serta sumbangan sukarela', 'tulislah naskah sumpah pemuda yang dikumandangkan oleh para pemuda pada tanggal 28 oktober 1928']","['kami putra dan putri indonesia mengaku bertumpah darah yang satu tanah air indonesia', 'kami putra dan putri indonesia mengaku berbangsa yang satu bangsa indonesia', 'kami putra dan putri indonesia menjunjung bahasa persatuan bahasa indonesia']",['kami putra putri pemuda indonesia dengan ini menyatakan kemerdekaan indonesia'],5,30,"1,67",E,1
767,11,"['kongres pemuda kedua digagas oleh perhimpunan pelajar pelajar indonesia pppi sebuah organisasi pemuda yang beranggotakan pelajar dari seluruh indonesia', 'kongres ini bertujuan untuk memperkuat rasa persatuan dan kebangsaan indonesia yang telah tumbuh di dalam benak dan sanubari pemuda pemudi', 'sebelum kongres digelar para pemuda mengadakan pertemuan terlebih dahulu pada 3 mei 1928 dan 12 agustus 1928 mereka membahas tentang pembentukan panitia susunan acara kongres waktu tempat dan biaya', 'kemudian pertemuan itu menyepakati bahwa kongres pemuda kedua akan diselenggarakan pada 27 28 oktober 1928 di tiga lokasi berbeda yaitu gedung katholieke jongenlingen bond oost java bioscoop dan indonesische clubgebouw rumah indekos kramat no', '106', 'keseluruhan biaya akan ditanggung oleh organisasi organisasi yang menghadiri kongres serta sumbangan sukarela', 'tulislah naskah sumpah pemuda yang dikumandangkan oleh para pemuda pada tanggal 28 oktober 1928']","['kami putra dan putri indonesia mengaku bertumpah darah yang satu tanah air indonesia', 'kami putra dan putri indonesia mengaku berbangsa yang satu bangsa indonesia', 'kami putra dan putri indonesia menjunjung bahasa persatuan bahasa indonesia']",['kosong'],0,30,"0,00",E,1
768,11,"['kongres pemuda kedua digagas oleh perhimpunan pelajar pelajar indonesia pppi sebuah organisasi pemuda yang beranggotakan pelajar dari seluruh indonesia', 'kongres ini bertujuan untuk memperkuat rasa persatuan dan kebangsaan indonesia yang telah tumbuh di dalam benak dan sanubari pemuda pemudi', 'sebelum kongres digelar para pemuda mengadakan pertemuan terlebih dahulu pada 3 mei 1928 dan 12 agustus 1928 mereka membahas tentang pembentukan panitia susunan acara kongres waktu tempat dan biaya', 'kemudian pertemuan itu menyepakati bahwa kongres pemuda kedua akan diselenggarakan pada 27 28 oktober 1928 di tiga lokasi berbeda yaitu gedung katholieke jongenlingen bond oost java bioscoop dan indonesische clubgebouw rumah indekos kramat no', '106', 'keseluruhan biaya akan ditanggung oleh organisasi organisasi yang menghadiri kongres serta sumbangan sukarela', 'tulislah naskah sumpah pemuda yang dikumandangkan oleh para pemuda pada tanggal 28 oktober 1928']","['kami putra dan putri indonesia mengaku bertumpah darah yang satu tanah air indonesia', 'kami putra dan putri indonesia mengaku berbangsa yang satu bangsa indonesia', 'kami putra dan putri indonesia menjunjung bahasa persatuan bahasa indonesia']","['kami putra dan putri indonesia mengaku bertumpah darah yang satu tanah air indonesia', 'kami putra dan putri indonesia mengaku berbangsa yang satu bangsa indonesia', 'kami putra dan putri indonesia menjunjung bahasa persatuan bahasa indonesia']",30,30,"10,00",A,5
769,11,"['kongres pemuda kedua digagas oleh perhimpunan pelajar pelajar indonesia pppi sebuah organisasi pemuda yang beranggotakan pelajar dari seluruh indonesia', 'kongres ini bertujuan untuk memperkuat rasa persatuan dan kebangsaan indonesia yang telah tumbuh di dalam benak dan sanubari pemuda pemudi', 'sebelum kongres digelar para pemuda mengadakan pertemuan terlebih dahulu pada 3 mei 1928 dan 12 agustus 1928 mereka membahas tentang pembentukan panitia susunan acara kongres waktu tempat dan biaya', 'kemudian pertemuan itu menyepakati bahwa kongres pemuda kedua akan diselenggarakan pada 27 28 oktober 1928 di tiga lokasi berbeda yaitu gedung katholieke jongenlingen bond oost java bioscoop dan indonesische clubgebouw rumah indekos kramat no', '106', 'keseluruhan biaya akan ditanggung oleh organisasi organisasi yang menghadiri kongres serta sumbangan sukarela', 'tulislah naskah sumpah pemuda yang dikumandangkan oleh para pemuda pada tanggal 28 oktober 1928']","['kami putra dan putri indonesia mengaku bertumpah darah yang satu tanah air indonesia', 'kami putra dan putri indonesia mengaku berbangsa yang satu bangsa indonesia', 'kami putra dan putri indonesia menjunjung bahasa persatuan bahasa indonesia']","['kami putra dan putri indonesia mengakui pertumpahan darah yang satu tanah air indonesia', 'kami putra dan putri indonesia mengakui berbangsa yang satu bangsa indonesia', 'kami putra dan putri indonesia menjunjung bahasa persatuan bahasa indonesia']",25,30,"8,33",B,4
770,11,"['kongres pemuda kedua digagas oleh perhimpunan pelajar pelajar indonesia pppi sebuah organisasi pemuda yang beranggotakan pelajar dari seluruh indonesia', 'kongres ini bertujuan untuk memperkuat rasa persatuan dan kebangsaan indonesia yang telah tumbuh di dalam benak dan sanubari pemuda pemudi', 'sebelum kongres digelar para pemuda mengadakan pertemuan terlebih dahulu pada 3 mei 1928 dan 12 agustus 1928 mereka membahas tentang pembentukan panitia susunan acara kongres waktu tempat dan biaya', 'kemudian pertemuan itu menyepakati bahwa kongres pemuda kedua akan diselenggarakan pada 27 28 oktober 1928 di tiga lokasi berbeda yaitu gedung katholieke jongenlingen bond oost java bioscoop dan indonesische clubgebouw rumah indekos kramat no', '106', 'keseluruhan biaya akan ditanggung oleh organisasi organisasi yang menghadiri kongres serta sumbangan sukarela', 'tulislah naskah sumpah pemuda yang dikumandangkan oleh para pemuda pada tanggal 28 oktober 1928']","['kami putra dan putri indonesia mengaku bertumpah darah yang satu tanah air indonesia', 'kami putra dan putri indonesia mengaku berbangsa yang satu bangsa indonesia', 'kami putra dan putri indonesia menjunjung bahasa persatuan bahasa indonesia']",['kami putra dan putri indonesia menjunjung bahasa persatuan bahasa indonesia kami putra dan putri indonesia mengaku berbangsa yang satu bangsa indonesia kami putra dan putri indonesia mengaku bertumpah darah yang satu tanah airku indonesia'],25,30,"8,33",B,4
771,11,"['kongres pemuda kedua digagas oleh perhimpunan pelajar pelajar indonesia pppi sebuah organisasi pemuda yang beranggotakan pelajar dari seluruh indonesia', 'kongres ini bertujuan untuk memperkuat rasa persatuan dan kebangsaan indonesia yang telah tumbuh di dalam benak dan sanubari pemuda pemudi', 'sebelum kongres digelar para pemuda mengadakan pertemuan terlebih dahulu pada 3 mei 1928 dan 12 agustus 1928 mereka membahas tentang pembentukan panitia susunan acara kongres waktu tempat dan biaya', 'kemudian pertemuan itu menyepakati bahwa kongres pemuda kedua akan diselenggarakan pada 27 28 oktober 1928 di tiga lokasi berbeda yaitu gedung katholieke jongenlingen bond oost java bioscoop dan indonesische clubgebouw rumah indekos kramat no', '106', 'keseluruhan biaya akan ditanggung oleh organisasi organisasi yang menghadiri kongres serta sumbangan sukarela', 'tulislah naskah sumpah pemuda yang dikumandangkan oleh para pemuda pada tanggal 28 oktober 1928']","['kami putra dan putri indonesia mengaku bertumpah darah yang satu tanah air indonesia', 'kami putra dan putri indonesia mengaku berbangsa yang satu bangsa indonesia', 'kami putra dan putri indonesia menjunjung bahasa persatuan bahasa indonesia']","['kami putra putri indonesia mengakui pertumpahan darah yang satu tanah air indonesia', 'kami putra putri indonesia mengakui berbangsa yang satu bangsa indonesia', 'kami putra putri indonesia menjunjung bahasa persatuan bahasa indonesia']",25,30,"8,33",B,4
772,11,"['kongres pemuda kedua digagas oleh perhimpunan pelajar pelajar indonesia pppi sebuah organisasi pemuda yang beranggotakan pelajar dari seluruh indonesia', 'kongres ini bertujuan untuk memperkuat rasa persatuan dan kebangsaan indonesia yang telah tumbuh di dalam benak dan sanubari pemuda pemudi', 'sebelum kongres digelar para pemuda mengadakan pertemuan terlebih dahulu pada 3 mei 1928 dan 12 agustus 1928 mereka membahas tentang pembentukan panitia susunan acara kongres waktu tempat dan biaya', 'kemudian pertemuan itu menyepakati bahwa kongres pemuda kedua akan diselenggarakan pada 27 28 oktober 1928 di tiga lokasi berbeda yaitu gedung katholieke jongenlingen bond oost java bioscoop dan indonesische clubgebouw rumah indekos kramat no', '106', 'keseluruhan biaya akan ditanggung oleh organisasi organisasi yang menghadiri kongres serta sumbangan sukarela', 'tulislah naskah sumpah pemuda yang dikumandangkan oleh para pemuda pada tanggal 28 oktober 1928']","['kami putra dan putri indonesia mengaku bertumpah darah yang satu tanah air indonesia', 'kami putra dan putri indonesia mengaku berbangsa yang satu bangsa indonesia', 'kami putra dan putri indonesia menjunjung bahasa persatuan bahasa indonesia']","['kami putra dan putri indonesia', 'mengaku berbangsa yang satu bangsa indonesia', 'kami putra dan putri indonesia', 'menjunjung bahasa persatuan bahasa indonesia', 'kami putra dan putri indonesia', 'mengaku bertumpah darah yang satu tanah air indonesia']",25,30,"8,33",B,4
773,11,"['kongres pemuda kedua digagas oleh perhimpunan pelajar pelajar indonesia pppi sebuah organisasi pemuda yang beranggotakan pelajar dari seluruh indonesia', 'kongres ini bertujuan untuk memperkuat rasa persatuan dan kebangsaan indonesia yang telah tumbuh di dalam benak dan sanubari pemuda pemudi', 'sebelum kongres digelar para pemuda mengadakan pertemuan terlebih dahulu pada 3 mei 1928 dan 12 agustus 1928 mereka membahas tentang pembentukan panitia susunan acara kongres waktu tempat dan biaya', 'kemudian pertemuan itu menyepakati bahwa kongres pemuda kedua akan diselenggarakan pada 27 28 oktober 1928 di tiga lokasi berbeda yaitu gedung katholieke jongenlingen bond oost java bioscoop dan indonesische clubgebouw rumah indekos kramat no', '106', 'keseluruhan biaya akan ditanggung oleh organisasi organisasi yang menghadiri kongres serta sumbangan sukarela', 'tulislah naskah sumpah pemuda yang dikumandangkan oleh para pemuda pada tanggal 28 oktober 1928']","['kami putra dan putri indonesia mengaku bertumpah darah yang satu tanah air indonesia', 'kami putra dan putri indonesia mengaku berbangsa yang satu bangsa indonesia', 'kami putra dan putri indonesia menjunjung bahasa persatuan bahasa indonesia']","['kami putra dan putri indonesia', 'mengaku berbangsa yang satu bangsa indonesia', 'kami putra dan putri indonesia', 'mengaku bertumpah darah yang satu tanah air indonesia', 'kami putra dan putri indonesia', 'menjunjung bahasa persatuan bahasa indonesia']",25,30,"8,33",B,4
774,11,"['kongres pemuda kedua digagas oleh perhimpunan pelajar pelajar indonesia pppi sebuah organisasi pemuda yang beranggotakan pelajar dari seluruh indonesia', 'kongres ini bertujuan untuk memperkuat rasa persatuan dan kebangsaan indonesia yang telah tumbuh di dalam benak dan sanubari pemuda pemudi', 'sebelum kongres digelar para pemuda mengadakan pertemuan terlebih dahulu pada 3 mei 1928 dan 12 agustus 1928 mereka membahas tentang pembentukan panitia susunan acara kongres waktu tempat dan biaya', 'kemudian pertemuan itu menyepakati bahwa kongres pemuda kedua akan diselenggarakan pada 27 28 oktober 1928 di tiga lokasi berbeda yaitu gedung katholieke jongenlingen bond oost java bioscoop dan indonesische clubgebouw rumah indekos kramat no', '106', 'keseluruhan biaya akan ditanggung oleh organisasi organisasi yang menghadiri kongres serta sumbangan sukarela', 'tulislah naskah sumpah pemuda yang dikumandangkan oleh para pemuda pada tanggal 28 oktober 1928']","['kami putra dan putri indonesia mengaku bertumpah darah yang satu tanah air indonesia', 'kami putra dan putri indonesia mengaku berbangsa yang satu bangsa indonesia', 'kami putra dan putri indonesia menjunjung bahasa persatuan bahasa indonesia']","['kami putra dan putri indonesia', 'menjunjung bahasa persatuan bahasa indonesia', 'kami putra dan putri indonesia', 'mengaku bertumpah darah yang satu tanah air indonesia', 'kami putra dan putri indonesia', 'mengaku berbangsa yang satu bangsa indonesia']",25,30,"8,33",B,4
775,11,"['kongres pemuda kedua digagas oleh perhimpunan pelajar pelajar indonesia pppi sebuah organisasi pemuda yang beranggotakan pelajar dari seluruh indonesia', 'kongres ini bertujuan untuk memperkuat rasa persatuan dan kebangsaan indonesia yang telah tumbuh di dalam benak dan sanubari pemuda pemudi', 'sebelum kongres digelar para pemuda mengadakan pertemuan terlebih dahulu pada 3 mei 1928 dan 12 agustus 1928 mereka membahas tentang pembentukan panitia susunan acara kongres waktu tempat dan biaya', 'kemudian pertemuan itu menyepakati bahwa kongres pemuda kedua akan diselenggarakan pada 27 28 oktober 1928 di tiga lokasi berbeda yaitu gedung katholieke jongenlingen bond oost java bioscoop dan indonesische clubgebouw rumah indekos kramat no', '106', 'keseluruhan biaya akan ditanggung oleh organisasi organisasi yang menghadiri kongres serta sumbangan sukarela', 'tulislah naskah sumpah pemuda yang dikumandangkan oleh para pemuda pada tanggal 28 oktober 1928']","['kami putra dan putri indonesia mengaku bertumpah darah yang satu tanah air indonesia', 'kami putra dan putri indonesia mengaku berbangsa yang satu bangsa indonesia', 'kami putra dan putri indonesia menjunjung bahasa persatuan bahasa indonesia']","['kami putra dan putri indonesia', 'mengaku bertumpah darah yang satu tanah airku indonesia', 'kami putra dan putri indonesia', 'mengaku berbangsa yang satu bangsaku indonesia', 'kami putra dan putri indonesia', 'menjunjung bahasa persatuan bahasa indonesia']",25,30,"8,33",B,4
776,11,"['kongres pemuda kedua digagas oleh perhimpunan pelajar pelajar indonesia pppi sebuah organisasi pemuda yang beranggotakan pelajar dari seluruh indonesia', 'kongres ini bertujuan untuk memperkuat rasa persatuan dan kebangsaan indonesia yang telah tumbuh di dalam benak dan sanubari pemuda pemudi', 'sebelum kongres digelar para pemuda mengadakan pertemuan terlebih dahulu pada 3 mei 1928 dan 12 agustus 1928 mereka membahas tentang pembentukan panitia susunan acara kongres waktu tempat dan biaya', 'kemudian pertemuan itu menyepakati bahwa kongres pemuda kedua akan diselenggarakan pada 27 28 oktober 1928 di tiga lokasi berbeda yaitu gedung katholieke jongenlingen bond oost java bioscoop dan indonesische clubgebouw rumah indekos kramat no', '106', 'keseluruhan biaya akan ditanggung oleh organisasi organisasi yang menghadiri kongres serta sumbangan sukarela', 'tulislah naskah sumpah pemuda yang dikumandangkan oleh para pemuda pada tanggal 28 oktober 1928']","['kami putra dan putri indonesia mengaku bertumpah darah yang satu tanah air indonesia', 'kami putra dan putri indonesia mengaku berbangsa yang satu bangsa indonesia', 'kami putra dan putri indonesia menjunjung bahasa persatuan bahasa indonesia']","['kami putra dan putri indonesia', 'mengaku bangsa yang satu yaitu bangsa indonesia', 'kami putra dan putri indonesia', 'mengaku bertumpah darah yang satu tanah air indonesia']",15,30,"5,00",D,2
777,11,"['kongres pemuda kedua digagas oleh perhimpunan pelajar pelajar indonesia pppi sebuah organisasi pemuda yang beranggotakan pelajar dari seluruh indonesia', 'kongres ini bertujuan untuk memperkuat rasa persatuan dan kebangsaan indonesia yang telah tumbuh di dalam benak dan sanubari pemuda pemudi', 'sebelum kongres digelar para pemuda mengadakan pertemuan terlebih dahulu pada 3 mei 1928 dan 12 agustus 1928 mereka membahas tentang pembentukan panitia susunan acara kongres waktu tempat dan biaya', 'kemudian pertemuan itu menyepakati bahwa kongres pemuda kedua akan diselenggarakan pada 27 28 oktober 1928 di tiga lokasi berbeda yaitu gedung katholieke jongenlingen bond oost java bioscoop dan indonesische clubgebouw rumah indekos kramat no', '106', 'keseluruhan biaya akan ditanggung oleh organisasi organisasi yang menghadiri kongres serta sumbangan sukarela', 'tulislah naskah sumpah pemuda yang dikumandangkan oleh para pemuda pada tanggal 28 oktober 1928']","['kami putra dan putri indonesia mengaku bertumpah darah yang satu tanah air indonesia', 'kami putra dan putri indonesia mengaku berbangsa yang satu bangsa indonesia', 'kami putra dan putri indonesia menjunjung bahasa persatuan bahasa indonesia']","['kami putra dan putri indonesia', 'menjunjung bahasa persatuan indonesia', 'kami putra dan putri indonesia', 'mengaku bertumpah darah yang satu tanah air indonesia']",15,30,"5,00",D,2
778,11,"['kongres pemuda kedua digagas oleh perhimpunan pelajar pelajar indonesia pppi sebuah organisasi pemuda yang beranggotakan pelajar dari seluruh indonesia', 'kongres ini bertujuan untuk memperkuat rasa persatuan dan kebangsaan indonesia yang telah tumbuh di dalam benak dan sanubari pemuda pemudi', 'sebelum kongres digelar para pemuda mengadakan pertemuan terlebih dahulu pada 3 mei 1928 dan 12 agustus 1928 mereka membahas tentang pembentukan panitia susunan acara kongres waktu tempat dan biaya', 'kemudian pertemuan itu menyepakati bahwa kongres pemuda kedua akan diselenggarakan pada 27 28 oktober 1928 di tiga lokasi berbeda yaitu gedung katholieke jongenlingen bond oost java bioscoop dan indonesische clubgebouw rumah indekos kramat no', '106', 'keseluruhan biaya akan ditanggung oleh organisasi organisasi yang menghadiri kongres serta sumbangan sukarela', 'tulislah naskah sumpah pemuda yang dikumandangkan oleh para pemuda pada tanggal 28 oktober 1928']","['kami putra dan putri indonesia mengaku bertumpah darah yang satu tanah air indonesia', 'kami putra dan putri indonesia mengaku berbangsa yang satu bangsa indonesia', 'kami putra dan putri indonesia menjunjung bahasa persatuan bahasa indonesia']","['kami putra putri indonesia mengaku bertumpah darah yang satu dan berbahasa yang satu bahasa indonesia', 'kami putra putri indonesia berjanji akan selalu bersatu', 'kami putra putri indonesia berjanji akan selalu rela berkorban']",15,30,"5,00",D,2
779,11,"['kongres pemuda kedua digagas oleh perhimpunan pelajar pelajar indonesia pppi sebuah organisasi pemuda yang beranggotakan pelajar dari seluruh indonesia', 'kongres ini bertujuan untuk memperkuat rasa persatuan dan kebangsaan indonesia yang telah tumbuh di dalam benak dan sanubari pemuda pemudi', 'sebelum kongres digelar para pemuda mengadakan pertemuan terlebih dahulu pada 3 mei 1928 dan 12 agustus 1928 mereka membahas tentang pembentukan panitia susunan acara kongres waktu tempat dan biaya', 'kemudian pertemuan itu menyepakati bahwa kongres pemuda kedua akan diselenggarakan pada 27 28 oktober 1928 di tiga lokasi berbeda yaitu gedung katholieke jongenlingen bond oost java bioscoop dan indonesische clubgebouw rumah indekos kramat no', '106', 'keseluruhan biaya akan ditanggung oleh organisasi organisasi yang menghadiri kongres serta sumbangan sukarela', 'tulislah naskah sumpah pemuda yang dikumandangkan oleh para pemuda pada tanggal 28 oktober 1928']","['kami putra dan putri indonesia mengaku bertumpah darah yang satu tanah air indonesia', 'kami putra dan putri indonesia mengaku berbangsa yang satu bangsa indonesia', 'kami putra dan putri indonesia menjunjung bahasa persatuan bahasa indonesia']","['kami putra putri indonesia menjunjung tinggi tanah air indonesia', 'kami putra putri indonesia menjunjung tinggi bahasa persatuan bahasa indonesia', 'kami putra putri indonesia menjunjung tinggi kesatuan dan persatuan negara indonesia']",15,30,"5,00",D,2
780,11,"['kongres pemuda kedua digagas oleh perhimpunan pelajar pelajar indonesia pppi sebuah organisasi pemuda yang beranggotakan pelajar dari seluruh indonesia', 'kongres ini bertujuan untuk memperkuat rasa persatuan dan kebangsaan indonesia yang telah tumbuh di dalam benak dan sanubari pemuda pemudi', 'sebelum kongres digelar para pemuda mengadakan pertemuan terlebih dahulu pada 3 mei 1928 dan 12 agustus 1928 mereka membahas tentang pembentukan panitia susunan acara kongres waktu tempat dan biaya', 'kemudian pertemuan itu menyepakati bahwa kongres pemuda kedua akan diselenggarakan pada 27 28 oktober 1928 di tiga lokasi berbeda yaitu gedung katholieke jongenlingen bond oost java bioscoop dan indonesische clubgebouw rumah indekos kramat no', '106', 'keseluruhan biaya akan ditanggung oleh organisasi organisasi yang menghadiri kongres serta sumbangan sukarela', 'tulislah naskah sumpah pemuda yang dikumandangkan oleh para pemuda pada tanggal 28 oktober 1928']","['kami putra dan putri indonesia mengaku bertumpah darah yang satu tanah air indonesia', 'kami putra dan putri indonesia mengaku berbangsa yang satu bangsa indonesia', 'kami putra dan putri indonesia menjunjung bahasa persatuan bahasa indonesia']","['kami putra putri indonesia mengaku bertumpah darah yang satu dan berbahasa yang satu bahasa indonesia', 'kami putra putri indonesia menjunjung tinggi bangsa indonesia', 'kami putra putri indonesia menjunjung tinggi tanah air indonesia']",15,30,"5,00",D,2
781,11,"['kongres pemuda kedua digagas oleh perhimpunan pelajar pelajar indonesia pppi sebuah organisasi pemuda yang beranggotakan pelajar dari seluruh indonesia', 'kongres ini bertujuan untuk memperkuat rasa persatuan dan kebangsaan indonesia yang telah tumbuh di dalam benak dan sanubari pemuda pemudi', 'sebelum kongres digelar para pemuda mengadakan pertemuan terlebih dahulu pada 3 mei 1928 dan 12 agustus 1928 mereka membahas tentang pembentukan panitia susunan acara kongres waktu tempat dan biaya', 'kemudian pertemuan itu menyepakati bahwa kongres pemuda kedua akan diselenggarakan pada 27 28 oktober 1928 di tiga lokasi berbeda yaitu gedung katholieke jongenlingen bond oost java bioscoop dan indonesische clubgebouw rumah indekos kramat no', '106', 'keseluruhan biaya akan ditanggung oleh organisasi organisasi yang menghadiri kongres serta sumbangan sukarela', 'tulislah naskah sumpah pemuda yang dikumandangkan oleh para pemuda pada tanggal 28 oktober 1928']","['kami putra dan putri indonesia mengaku bertumpah darah yang satu tanah air indonesia', 'kami putra dan putri indonesia mengaku berbangsa yang satu bangsa indonesia', 'kami putra dan putri indonesia menjunjung bahasa persatuan bahasa indonesia']","['kami putra putri indonesia mengaku bertumpah darah yang satu', 'kami putra putri indonesia menjunjung tinggi bangsa indonesia', 'kami putra putri indonesia menjunjung tinggi bahasa indonesia']",15,30,"5,00",D,2
782,11,"['kongres pemuda kedua digagas oleh perhimpunan pelajar pelajar indonesia pppi sebuah organisasi pemuda yang beranggotakan pelajar dari seluruh indonesia', 'kongres ini bertujuan untuk memperkuat rasa persatuan dan kebangsaan indonesia yang telah tumbuh di dalam benak dan sanubari pemuda pemudi', 'sebelum kongres digelar para pemuda mengadakan pertemuan terlebih dahulu pada 3 mei 1928 dan 12 agustus 1928 mereka membahas tentang pembentukan panitia susunan acara kongres waktu tempat dan biaya', 'kemudian pertemuan itu menyepakati bahwa kongres pemuda kedua akan diselenggarakan pada 27 28 oktober 1928 di tiga lokasi berbeda yaitu gedung katholieke jongenlingen bond oost java bioscoop dan indonesische clubgebouw rumah indekos kramat no', '106', 'keseluruhan biaya akan ditanggung oleh organisasi organisasi yang menghadiri kongres serta sumbangan sukarela', 'tulislah naskah sumpah pemuda yang dikumandangkan oleh para pemuda pada tanggal 28 oktober 1928']","['kami putra dan putri indonesia mengaku bertumpah darah yang satu tanah air indonesia', 'kami putra dan putri indonesia mengaku berbangsa yang satu bangsa indonesia', 'kami putra dan putri indonesia menjunjung bahasa persatuan bahasa indonesia']","['kami putra dan putri indonesia', 'mengaku bertumpah darah yang satu tanah airku indonesia', 'kami putra dan putri indonesia', 'menjunjung bahasa persatuan indonesia']",15,30,"5,00",D,2
783,12,['sebutkan elemen dasar dari digital humanities dan berikan contoh konkrit dalam sebuah proyek nyata digital humanities di tiap elemennya'],"['setiap proyek humaniora digital selalu ada 4 elemen dasar yang harus dipenuhi', 'keempat elemen tersebut adalah aset struktur layanan services dan tampilan display', 'aset terkait dengan kumpulan atau repositori berkas yang bisa disebut juga dengan basis data', 'sedangkan struktur itu menunjukkan bagaimana informasi dikelola dalam proyek tersebut dan gambarannya ditampilkan dalam bentuk arsitektur informasi', 'layanan ini mencakup sarana yang disediakan atau sistem yang dibangun untuk mengakses aset atau informasi jika aset tersebut sudah diolah', 'sebagai contoh adalah server atau program aplikasi yang berbasis web ataupun piranti bergerak', 'tampilan ini mencakup bagaimana aset tersebut diorganisasikan seperti yang tercermin di arsitektur informasinya agar bisa ditampilkan melalui layanan yang kompleks']","['assets adalah repository of files', 'structure adalah information architecture', 'services adalah access to assets misalnya server atau network', 'display atau stuff assets', 'services', 'use structure display']",10,15,"6,67",C,3
784,12,['sebutkan elemen dasar dari digital humanities dan berikan contoh konkrit dalam sebuah proyek nyata digital humanities di tiap elemennya'],"['setiap proyek humaniora digital selalu ada 4 elemen dasar yang harus dipenuhi', 'keempat elemen tersebut adalah aset struktur layanan services dan tampilan display', 'aset terkait dengan kumpulan atau repositori berkas yang bisa disebut juga dengan basis data', 'sedangkan struktur itu menunjukkan bagaimana informasi dikelola dalam proyek tersebut dan gambarannya ditampilkan dalam bentuk arsitektur informasi', 'layanan ini mencakup sarana yang disediakan atau sistem yang dibangun untuk mengakses aset atau informasi jika aset tersebut sudah diolah', 'sebagai contoh adalah server atau program aplikasi yang berbasis web ataupun piranti bergerak', 'tampilan ini mencakup bagaimana aset tersebut diorganisasikan seperti yang tercermin di arsitektur informasinya agar bisa ditampilkan melalui layanan yang kompleks']","['assets stuff adalah digital sosial media', 'structure dan display use adalah login homepage settings feature dashboard', 'services adalah internet network and the server of the social media application']","11,5",15,"7,67",B,4
785,12,['sebutkan elemen dasar dari digital humanities dan berikan contoh konkrit dalam sebuah proyek nyata digital humanities di tiap elemennya'],"['setiap proyek humaniora digital selalu ada 4 elemen dasar yang harus dipenuhi', 'keempat elemen tersebut adalah aset struktur layanan services dan tampilan display', 'aset terkait dengan kumpulan atau repositori berkas yang bisa disebut juga dengan basis data', 'sedangkan struktur itu menunjukkan bagaimana informasi dikelola dalam proyek tersebut dan gambarannya ditampilkan dalam bentuk arsitektur informasi', 'layanan ini mencakup sarana yang disediakan atau sistem yang dibangun untuk mengakses aset atau informasi jika aset tersebut sudah diolah', 'sebagai contoh adalah server atau program aplikasi yang berbasis web ataupun piranti bergerak', 'tampilan ini mencakup bagaimana aset tersebut diorganisasikan seperti yang tercermin di arsitektur informasinya agar bisa ditampilkan melalui layanan yang kompleks']","['elemen dasar digital humanities adalah adalah assets adalah repository of files', 'structure adalah informastion architecture', 'services adalah access to assets misal server or network', 'display', 'atau stuff assets', 'services', 'use structure display', 'contoh adalah compiling and analysing social media content adalah asset adalah digital sosial media', 'service adalah internet network and the server of the social media application', 'use adalah login homepage settings', 'feature dasboard', 'theme']","12,5",15,"8,33",B,4
786,12,['sebutkan elemen dasar dari digital humanities dan berikan contoh konkrit dalam sebuah proyek nyata digital humanities di tiap elemennya'],"['setiap proyek humaniora digital selalu ada 4 elemen dasar yang harus dipenuhi', 'keempat elemen tersebut adalah aset struktur layanan services dan tampilan display', 'aset terkait dengan kumpulan atau repositori berkas yang bisa disebut juga dengan basis data', 'sedangkan struktur itu menunjukkan bagaimana informasi dikelola dalam proyek tersebut dan gambarannya ditampilkan dalam bentuk arsitektur informasi', 'layanan ini mencakup sarana yang disediakan atau sistem yang dibangun untuk mengakses aset atau informasi jika aset tersebut sudah diolah', 'sebagai contoh adalah server atau program aplikasi yang berbasis web ataupun piranti bergerak', 'tampilan ini mencakup bagaimana aset tersebut diorganisasikan seperti yang tercermin di arsitektur informasinya agar bisa ditampilkan melalui layanan yang kompleks']","['elemen dasar dari digital humanities dengan menggunakan assets atau datanya berupa scan foto naskah aksara dalam format tulisan awal naskah danatau tulisan baru yang telah disesuaikan', 'metadata text', 'preserve nya dalam bentuk kode unicode dengan metode pengenalan karakter optis optical character recognition ocr sebagai alat pengenalan', 'kenapa ocr karena konsepnya mengubah gambar aksara menjadi teks karakter yang dapat dicari yang artinya mengenali aksara jawa dari hasil pemindaian naskah jawa', 'dengan dasar alasan karena masyarakat sudah mulai lupa dengan huruf aksara banyak siswa atau i yang kesulitan dengan aksara jawa pasangan']",10,15,"6,67",C,3
787,12,['sebutkan elemen dasar dari digital humanities dan berikan contoh konkrit dalam sebuah proyek nyata digital humanities di tiap elemennya'],"['setiap proyek humaniora digital selalu ada 4 elemen dasar yang harus dipenuhi', 'keempat elemen tersebut adalah aset struktur layanan services dan tampilan display', 'aset terkait dengan kumpulan atau repositori berkas yang bisa disebut juga dengan basis data', 'sedangkan struktur itu menunjukkan bagaimana informasi dikelola dalam proyek tersebut dan gambarannya ditampilkan dalam bentuk arsitektur informasi', 'layanan ini mencakup sarana yang disediakan atau sistem yang dibangun untuk mengakses aset atau informasi jika aset tersebut sudah diolah', 'sebagai contoh adalah server atau program aplikasi yang berbasis web ataupun piranti bergerak', 'tampilan ini mencakup bagaimana aset tersebut diorganisasikan seperti yang tercermin di arsitektur informasinya agar bisa ditampilkan melalui layanan yang kompleks']","['aset adalah kumpulan data', 'struktur adalah pengelolaan', 'tampilan atau display']",8,15,"5,33",D,2
788,12,['sebutkan elemen dasar dari digital humanities dan berikan contoh konkrit dalam sebuah proyek nyata digital humanities di tiap elemennya'],"['setiap proyek humaniora digital selalu ada 4 elemen dasar yang harus dipenuhi', 'keempat elemen tersebut adalah aset struktur layanan services dan tampilan display', 'aset terkait dengan kumpulan atau repositori berkas yang bisa disebut juga dengan basis data', 'sedangkan struktur itu menunjukkan bagaimana informasi dikelola dalam proyek tersebut dan gambarannya ditampilkan dalam bentuk arsitektur informasi', 'layanan ini mencakup sarana yang disediakan atau sistem yang dibangun untuk mengakses aset atau informasi jika aset tersebut sudah diolah', 'sebagai contoh adalah server atau program aplikasi yang berbasis web ataupun piranti bergerak', 'tampilan ini mencakup bagaimana aset tersebut diorganisasikan seperti yang tercermin di arsitektur informasinya agar bisa ditampilkan melalui layanan yang kompleks']","['aset adalah kumpulan artikel ilmiah dalam format digital', 'tampilan adalah halaman web yang menampilkan transkrip dan audio']",8,15,"5,33",D,2
789,12,['sebutkan elemen dasar dari digital humanities dan berikan contoh konkrit dalam sebuah proyek nyata digital humanities di tiap elemennya'],"['setiap proyek humaniora digital selalu ada 4 elemen dasar yang harus dipenuhi', 'keempat elemen tersebut adalah aset struktur layanan services dan tampilan display', 'aset terkait dengan kumpulan atau repositori berkas yang bisa disebut juga dengan basis data', 'sedangkan struktur itu menunjukkan bagaimana informasi dikelola dalam proyek tersebut dan gambarannya ditampilkan dalam bentuk arsitektur informasi', 'layanan ini mencakup sarana yang disediakan atau sistem yang dibangun untuk mengakses aset atau informasi jika aset tersebut sudah diolah', 'sebagai contoh adalah server atau program aplikasi yang berbasis web ataupun piranti bergerak', 'tampilan ini mencakup bagaimana aset tersebut diorganisasikan seperti yang tercermin di arsitektur informasinya agar bisa ditampilkan melalui layanan yang kompleks']","['struktur adalah sistem pengelolaan dokumen digital', 'layanan adalah alat akses data seperti aplikasi web']",8,15,"5,33",D,2
790,12,['sebutkan elemen dasar dari digital humanities dan berikan contoh konkrit dalam sebuah proyek nyata digital humanities di tiap elemennya'],"['setiap proyek humaniora digital selalu ada 4 elemen dasar yang harus dipenuhi', 'keempat elemen tersebut adalah aset struktur layanan services dan tampilan display', 'aset terkait dengan kumpulan atau repositori berkas yang bisa disebut juga dengan basis data', 'sedangkan struktur itu menunjukkan bagaimana informasi dikelola dalam proyek tersebut dan gambarannya ditampilkan dalam bentuk arsitektur informasi', 'layanan ini mencakup sarana yang disediakan atau sistem yang dibangun untuk mengakses aset atau informasi jika aset tersebut sudah diolah', 'sebagai contoh adalah server atau program aplikasi yang berbasis web ataupun piranti bergerak', 'tampilan ini mencakup bagaimana aset tersebut diorganisasikan seperti yang tercermin di arsitektur informasinya agar bisa ditampilkan melalui layanan yang kompleks']","['aset adalah kumpulan data digital seperti gambar naskah kuno', 'struktur adalah arsitektur informasi untuk mengelola data tersebut']",8,15,"5,33",D,2
791,12,['sebutkan elemen dasar dari digital humanities dan berikan contoh konkrit dalam sebuah proyek nyata digital humanities di tiap elemennya'],"['setiap proyek humaniora digital selalu ada 4 elemen dasar yang harus dipenuhi', 'keempat elemen tersebut adalah aset struktur layanan services dan tampilan display', 'aset terkait dengan kumpulan atau repositori berkas yang bisa disebut juga dengan basis data', 'sedangkan struktur itu menunjukkan bagaimana informasi dikelola dalam proyek tersebut dan gambarannya ditampilkan dalam bentuk arsitektur informasi', 'layanan ini mencakup sarana yang disediakan atau sistem yang dibangun untuk mengakses aset atau informasi jika aset tersebut sudah diolah', 'sebagai contoh adalah server atau program aplikasi yang berbasis web ataupun piranti bergerak', 'tampilan ini mencakup bagaimana aset tersebut diorganisasikan seperti yang tercermin di arsitektur informasinya agar bisa ditampilkan melalui layanan yang kompleks']",['structure struktur bangunan bisa seperti candi atau patung service alat yang membantu dalam menggakses data seperti asset server network adalah contohnya aws cloud display youtube'],8,15,"5,33",D,2
792,12,['sebutkan elemen dasar dari digital humanities dan berikan contoh konkrit dalam sebuah proyek nyata digital humanities di tiap elemennya'],"['setiap proyek humaniora digital selalu ada 4 elemen dasar yang harus dipenuhi', 'keempat elemen tersebut adalah aset struktur layanan services dan tampilan display', 'aset terkait dengan kumpulan atau repositori berkas yang bisa disebut juga dengan basis data', 'sedangkan struktur itu menunjukkan bagaimana informasi dikelola dalam proyek tersebut dan gambarannya ditampilkan dalam bentuk arsitektur informasi', 'layanan ini mencakup sarana yang disediakan atau sistem yang dibangun untuk mengakses aset atau informasi jika aset tersebut sudah diolah', 'sebagai contoh adalah server atau program aplikasi yang berbasis web ataupun piranti bergerak', 'tampilan ini mencakup bagaimana aset tersebut diorganisasikan seperti yang tercermin di arsitektur informasinya agar bisa ditampilkan melalui layanan yang kompleks']","['aset adalah contohnya terdapat di http://www.fastionline.org/', 'struktur adalah contohnya terdapat di https://peripleo.pelagios.org/ui', 'servis atau layanan adalah contohnya terdapat di https://trawaca.id/asankey.php', 'display atau tampilan adalah contohnya terdapat di https://pleiades.stoa.org/']",10,15,"6,67",C,3
793,12,['sebutkan elemen dasar dari digital humanities dan berikan contoh konkrit dalam sebuah proyek nyata digital humanities di tiap elemennya'],"['setiap proyek humaniora digital selalu ada 4 elemen dasar yang harus dipenuhi', 'keempat elemen tersebut adalah aset struktur layanan services dan tampilan display', 'aset terkait dengan kumpulan atau repositori berkas yang bisa disebut juga dengan basis data', 'sedangkan struktur itu menunjukkan bagaimana informasi dikelola dalam proyek tersebut dan gambarannya ditampilkan dalam bentuk arsitektur informasi', 'layanan ini mencakup sarana yang disediakan atau sistem yang dibangun untuk mengakses aset atau informasi jika aset tersebut sudah diolah', 'sebagai contoh adalah server atau program aplikasi yang berbasis web ataupun piranti bergerak', 'tampilan ini mencakup bagaimana aset tersebut diorganisasikan seperti yang tercermin di arsitektur informasinya agar bisa ditampilkan melalui layanan yang kompleks']","['assets', 'structure', 'services', 'display']",10,15,"6,67",C,3
794,12,['sebutkan elemen dasar dari digital humanities dan berikan contoh konkrit dalam sebuah proyek nyata digital humanities di tiap elemennya'],"['setiap proyek humaniora digital selalu ada 4 elemen dasar yang harus dipenuhi', 'keempat elemen tersebut adalah aset struktur layanan services dan tampilan display', 'aset terkait dengan kumpulan atau repositori berkas yang bisa disebut juga dengan basis data', 'sedangkan struktur itu menunjukkan bagaimana informasi dikelola dalam proyek tersebut dan gambarannya ditampilkan dalam bentuk arsitektur informasi', 'layanan ini mencakup sarana yang disediakan atau sistem yang dibangun untuk mengakses aset atau informasi jika aset tersebut sudah diolah', 'sebagai contoh adalah server atau program aplikasi yang berbasis web ataupun piranti bergerak', 'tampilan ini mencakup bagaimana aset tersebut diorganisasikan seperti yang tercermin di arsitektur informasinya agar bisa ditampilkan melalui layanan yang kompleks']","['digitalisasi aksara jawa https://www.sastra.org/huruf-jawa)', 'assets nya gambar atau foto naskah aksara dalam format tulisan awal naskah dan atau atau tulisan baru', 'yang telah disesuaikan serta', 'structure metadata text', 'sevices kode unicode', 'display dalam bentuk website']",13,15,"8,67",A,5
795,12,['sebutkan elemen dasar dari digital humanities dan berikan contoh konkrit dalam sebuah proyek nyata digital humanities di tiap elemennya'],"['setiap proyek humaniora digital selalu ada 4 elemen dasar yang harus dipenuhi', 'keempat elemen tersebut adalah aset struktur layanan services dan tampilan display', 'aset terkait dengan kumpulan atau repositori berkas yang bisa disebut juga dengan basis data', 'sedangkan struktur itu menunjukkan bagaimana informasi dikelola dalam proyek tersebut dan gambarannya ditampilkan dalam bentuk arsitektur informasi', 'layanan ini mencakup sarana yang disediakan atau sistem yang dibangun untuk mengakses aset atau informasi jika aset tersebut sudah diolah', 'sebagai contoh adalah server atau program aplikasi yang berbasis web ataupun piranti bergerak', 'tampilan ini mencakup bagaimana aset tersebut diorganisasikan seperti yang tercermin di arsitektur informasinya agar bisa ditampilkan melalui layanan yang kompleks']","['project digital humanities dari situs web kumpulan foto perubahan jogja dulu vs sekarang phinemo com adalah assets contohnya adalah kumpulan file file gambar mengenai perubahan jogja dulu dan sekarang', 'structure contohnya adalah dari file file tersebut akan menjadi sebuah informasi yang baru', 'services contohnya adalah layanan dari project tersebut yaitu server dan jaringan server', 'display contohnya adalah menampilkan gambar gambar perubahan jogja dulu vs sekarang']",15,15,"10,00",A,5
796,12,['sebutkan elemen dasar dari digital humanities dan berikan contoh konkrit dalam sebuah proyek nyata digital humanities di tiap elemennya'],"['setiap proyek humaniora digital selalu ada 4 elemen dasar yang harus dipenuhi', 'keempat elemen tersebut adalah aset struktur layanan services dan tampilan display', 'aset terkait dengan kumpulan atau repositori berkas yang bisa disebut juga dengan basis data', 'sedangkan struktur itu menunjukkan bagaimana informasi dikelola dalam proyek tersebut dan gambarannya ditampilkan dalam bentuk arsitektur informasi', 'layanan ini mencakup sarana yang disediakan atau sistem yang dibangun untuk mengakses aset atau informasi jika aset tersebut sudah diolah', 'sebagai contoh adalah server atau program aplikasi yang berbasis web ataupun piranti bergerak', 'tampilan ini mencakup bagaimana aset tersebut diorganisasikan seperti yang tercermin di arsitektur informasinya agar bisa ditampilkan melalui layanan yang kompleks']","['assets adalah file sastra aksara', 'structure adalah scan text', 'services adalah ocr dengan metode ccl', 'display adalah buku digital teks']",10,15,"6,67",C,3
797,12,['sebutkan elemen dasar dari digital humanities dan berikan contoh konkrit dalam sebuah proyek nyata digital humanities di tiap elemennya'],"['setiap proyek humaniora digital selalu ada 4 elemen dasar yang harus dipenuhi', 'keempat elemen tersebut adalah aset struktur layanan services dan tampilan display', 'aset terkait dengan kumpulan atau repositori berkas yang bisa disebut juga dengan basis data', 'sedangkan struktur itu menunjukkan bagaimana informasi dikelola dalam proyek tersebut dan gambarannya ditampilkan dalam bentuk arsitektur informasi', 'layanan ini mencakup sarana yang disediakan atau sistem yang dibangun untuk mengakses aset atau informasi jika aset tersebut sudah diolah', 'sebagai contoh adalah server atau program aplikasi yang berbasis web ataupun piranti bergerak', 'tampilan ini mencakup bagaimana aset tersebut diorganisasikan seperti yang tercermin di arsitektur informasinya agar bisa ditampilkan melalui layanan yang kompleks']","['warna', 'kecerahan brightness', 'kontras contrast', 'pola pattern', 'volume volume', 'tekstur texture']","1,5",15,"1,00",E,1
798,12,['sebutkan elemen dasar dari digital humanities dan berikan contoh konkrit dalam sebuah proyek nyata digital humanities di tiap elemennya'],"['setiap proyek humaniora digital selalu ada 4 elemen dasar yang harus dipenuhi', 'keempat elemen tersebut adalah aset struktur layanan services dan tampilan display', 'aset terkait dengan kumpulan atau repositori berkas yang bisa disebut juga dengan basis data', 'sedangkan struktur itu menunjukkan bagaimana informasi dikelola dalam proyek tersebut dan gambarannya ditampilkan dalam bentuk arsitektur informasi', 'layanan ini mencakup sarana yang disediakan atau sistem yang dibangun untuk mengakses aset atau informasi jika aset tersebut sudah diolah', 'sebagai contoh adalah server atau program aplikasi yang berbasis web ataupun piranti bergerak', 'tampilan ini mencakup bagaimana aset tersebut diorganisasikan seperti yang tercermin di arsitektur informasinya agar bisa ditampilkan melalui layanan yang kompleks']","['warna', 'kecerahan brightness', 'kontras contrast', 'detail detail', 'simetri symmetry', 'komposisi composition']","1,5",15,"1,00",E,1
799,12,['sebutkan elemen dasar dari digital humanities dan berikan contoh konkrit dalam sebuah proyek nyata digital humanities di tiap elemennya'],"['setiap proyek humaniora digital selalu ada 4 elemen dasar yang harus dipenuhi', 'keempat elemen tersebut adalah aset struktur layanan services dan tampilan display', 'aset terkait dengan kumpulan atau repositori berkas yang bisa disebut juga dengan basis data', 'sedangkan struktur itu menunjukkan bagaimana informasi dikelola dalam proyek tersebut dan gambarannya ditampilkan dalam bentuk arsitektur informasi', 'layanan ini mencakup sarana yang disediakan atau sistem yang dibangun untuk mengakses aset atau informasi jika aset tersebut sudah diolah', 'sebagai contoh adalah server atau program aplikasi yang berbasis web ataupun piranti bergerak', 'tampilan ini mencakup bagaimana aset tersebut diorganisasikan seperti yang tercermin di arsitektur informasinya agar bisa ditampilkan melalui layanan yang kompleks']","['warna', 'kecerahan brightness', 'kontras contrast', 'tekstur texture', 'pola pattern', 'dimensi dimension']","1,5",15,"1,00",E,1
800,12,['sebutkan elemen dasar dari digital humanities dan berikan contoh konkrit dalam sebuah proyek nyata digital humanities di tiap elemennya'],"['setiap proyek humaniora digital selalu ada 4 elemen dasar yang harus dipenuhi', 'keempat elemen tersebut adalah aset struktur layanan services dan tampilan display', 'aset terkait dengan kumpulan atau repositori berkas yang bisa disebut juga dengan basis data', 'sedangkan struktur itu menunjukkan bagaimana informasi dikelola dalam proyek tersebut dan gambarannya ditampilkan dalam bentuk arsitektur informasi', 'layanan ini mencakup sarana yang disediakan atau sistem yang dibangun untuk mengakses aset atau informasi jika aset tersebut sudah diolah', 'sebagai contoh adalah server atau program aplikasi yang berbasis web ataupun piranti bergerak', 'tampilan ini mencakup bagaimana aset tersebut diorganisasikan seperti yang tercermin di arsitektur informasinya agar bisa ditampilkan melalui layanan yang kompleks']","['assets adalah dokumen dalam bentuk file dari perpustakaan di jawa tengah dan yogyakarta', 'structure adalah mendata dari perpustakaan mana saja dokumen file itu berasal', 'service adalah karena dalam bentuk website maka menggunakan web browser dan server', 'display adalah visualisasi data dalam bentuk grafik pada situs web']","13,5",15,"9,00",A,5
801,12,['sebutkan elemen dasar dari digital humanities dan berikan contoh konkrit dalam sebuah proyek nyata digital humanities di tiap elemennya'],"['setiap proyek humaniora digital selalu ada 4 elemen dasar yang harus dipenuhi', 'keempat elemen tersebut adalah aset struktur layanan services dan tampilan display', 'aset terkait dengan kumpulan atau repositori berkas yang bisa disebut juga dengan basis data', 'sedangkan struktur itu menunjukkan bagaimana informasi dikelola dalam proyek tersebut dan gambarannya ditampilkan dalam bentuk arsitektur informasi', 'layanan ini mencakup sarana yang disediakan atau sistem yang dibangun untuk mengakses aset atau informasi jika aset tersebut sudah diolah', 'sebagai contoh adalah server atau program aplikasi yang berbasis web ataupun piranti bergerak', 'tampilan ini mencakup bagaimana aset tersebut diorganisasikan seperti yang tercermin di arsitektur informasinya agar bisa ditampilkan melalui layanan yang kompleks']",['display adalah digital teks structure adalah scan text services adalah ocr metode ccl assets adalah file sastra aksarajawa berbentuk citra'],10,15,"6,67",C,3
802,12,['sebutkan elemen dasar dari digital humanities dan berikan contoh konkrit dalam sebuah proyek nyata digital humanities di tiap elemennya'],"['setiap proyek humaniora digital selalu ada 4 elemen dasar yang harus dipenuhi', 'keempat elemen tersebut adalah aset struktur layanan services dan tampilan display', 'aset terkait dengan kumpulan atau repositori berkas yang bisa disebut juga dengan basis data', 'sedangkan struktur itu menunjukkan bagaimana informasi dikelola dalam proyek tersebut dan gambarannya ditampilkan dalam bentuk arsitektur informasi', 'layanan ini mencakup sarana yang disediakan atau sistem yang dibangun untuk mengakses aset atau informasi jika aset tersebut sudah diolah', 'sebagai contoh adalah server atau program aplikasi yang berbasis web ataupun piranti bergerak', 'tampilan ini mencakup bagaimana aset tersebut diorganisasikan seperti yang tercermin di arsitektur informasinya agar bisa ditampilkan melalui layanan yang kompleks']","['assets adalah contohnya mengumpulkan banyak file file dokumen dari perpustakaan yang ada di yogyakarta dan jawa tengah dan yang sudah terstructur', 'structure adalah contohnya ketika file file dokumen sudah distrukturkan', 'maka terdapat informasi yang sangat berguna seperti ada perpustakaan apa saja yang ada di yogyakarta dan jawa tengah', 'services adalah contohnya project digital humanities tersebut dalam bentuk situs web maka layananya menggunakan jaringan server', 'display adalah contohnya project tersebut ditampikan di situs web dalam bentuk grafik yang terdapat kota perpustakaan nomor indeks nama karya sastra pengarang atau pujangga tahun', 'nn adalah tanpa nama ny adalah tanpa tahun']",15,15,"10,00",A,5
803,12,['sebutkan elemen dasar dari digital humanities dan berikan contoh konkrit dalam sebuah proyek nyata digital humanities di tiap elemennya'],"['setiap proyek humaniora digital selalu ada 4 elemen dasar yang harus dipenuhi', 'keempat elemen tersebut adalah aset struktur layanan services dan tampilan display', 'aset terkait dengan kumpulan atau repositori berkas yang bisa disebut juga dengan basis data', 'sedangkan struktur itu menunjukkan bagaimana informasi dikelola dalam proyek tersebut dan gambarannya ditampilkan dalam bentuk arsitektur informasi', 'layanan ini mencakup sarana yang disediakan atau sistem yang dibangun untuk mengakses aset atau informasi jika aset tersebut sudah diolah', 'sebagai contoh adalah server atau program aplikasi yang berbasis web ataupun piranti bergerak', 'tampilan ini mencakup bagaimana aset tersebut diorganisasikan seperti yang tercermin di arsitektur informasinya agar bisa ditampilkan melalui layanan yang kompleks']","['aset contohnya penyimpanan file', 'struktur contohnya arsitektur informasi', 'layanan contohnya sarana untuk mengakses asset misalnya pelayan', 'menampilkan adalah asset harus diatur menggunakan informasi arsitektur untuk ditampilkan melalui kompleks jasa', 'display contohnya buku digital teks']",12,15,"8,00",B,4
804,12,['sebutkan elemen dasar dari digital humanities dan berikan contoh konkrit dalam sebuah proyek nyata digital humanities di tiap elemennya'],"['setiap proyek humaniora digital selalu ada 4 elemen dasar yang harus dipenuhi', 'keempat elemen tersebut adalah aset struktur layanan services dan tampilan display', 'aset terkait dengan kumpulan atau repositori berkas yang bisa disebut juga dengan basis data', 'sedangkan struktur itu menunjukkan bagaimana informasi dikelola dalam proyek tersebut dan gambarannya ditampilkan dalam bentuk arsitektur informasi', 'layanan ini mencakup sarana yang disediakan atau sistem yang dibangun untuk mengakses aset atau informasi jika aset tersebut sudah diolah', 'sebagai contoh adalah server atau program aplikasi yang berbasis web ataupun piranti bergerak', 'tampilan ini mencakup bagaimana aset tersebut diorganisasikan seperti yang tercermin di arsitektur informasinya agar bisa ditampilkan melalui layanan yang kompleks']","['aset adalah repositori file', 'contoh adalah aksara nusantara', 'struktur adalah arsitektur informasi', 'contoh adalah huruf bentuk aksara', 'layanan adalah akses terhadap assets yaitu dengan melakukan observasi secara langsung naskah aksara jawa yang disimpan oleh bapak', 'agus sudjatmoko surosudirdjo yang beralamat di surabaya', 'tampilan adalah segmentasi tulisan aksara jawa menggunakan adaptive threshold serta melakukan pelabelan aksara menggunakan connected component labeling']",10,15,"6,67",C,3
805,12,['sebutkan elemen dasar dari digital humanities dan berikan contoh konkrit dalam sebuah proyek nyata digital humanities di tiap elemennya'],"['setiap proyek humaniora digital selalu ada 4 elemen dasar yang harus dipenuhi', 'keempat elemen tersebut adalah aset struktur layanan services dan tampilan display', 'aset terkait dengan kumpulan atau repositori berkas yang bisa disebut juga dengan basis data', 'sedangkan struktur itu menunjukkan bagaimana informasi dikelola dalam proyek tersebut dan gambarannya ditampilkan dalam bentuk arsitektur informasi', 'layanan ini mencakup sarana yang disediakan atau sistem yang dibangun untuk mengakses aset atau informasi jika aset tersebut sudah diolah', 'sebagai contoh adalah server atau program aplikasi yang berbasis web ataupun piranti bergerak', 'tampilan ini mencakup bagaimana aset tersebut diorganisasikan seperti yang tercermin di arsitektur informasinya agar bisa ditampilkan melalui layanan yang kompleks']","['assets atau aset adalah pada paper “segmentation character of character java use adaptive theshold” assets adalah naskah dari karya kph', 'brontodiningrat', 'structure atau struktur adalah arsitektur dari naskah karya kph brontodiningrat yaitu apakah teksnya terdapat kemiringan atau tidak', 'services atau layanan adalah sarana untuk mengakses aset misalnya adalah server jaringan', 'display atau tampilan', 'aset harus diatur dengan menggunakan informasi arsitektur untuk ditampilkan melalui kompleks jasa', 'contoh adalah gambar']",12,15,"8,00",B,4
806,12,['sebutkan elemen dasar dari digital humanities dan berikan contoh konkrit dalam sebuah proyek nyata digital humanities di tiap elemennya'],"['setiap proyek humaniora digital selalu ada 4 elemen dasar yang harus dipenuhi', 'keempat elemen tersebut adalah aset struktur layanan services dan tampilan display', 'aset terkait dengan kumpulan atau repositori berkas yang bisa disebut juga dengan basis data', 'sedangkan struktur itu menunjukkan bagaimana informasi dikelola dalam proyek tersebut dan gambarannya ditampilkan dalam bentuk arsitektur informasi', 'layanan ini mencakup sarana yang disediakan atau sistem yang dibangun untuk mengakses aset atau informasi jika aset tersebut sudah diolah', 'sebagai contoh adalah server atau program aplikasi yang berbasis web ataupun piranti bergerak', 'tampilan ini mencakup bagaimana aset tersebut diorganisasikan seperti yang tercermin di arsitektur informasinya agar bisa ditampilkan melalui layanan yang kompleks']","['warna', 'kecerahan brightness', 'kontras contrast', 'kontur contour', 'bentuk shape', 'tekstur texture']","1,5",15,"1,00",E,1
807,12,['sebutkan elemen dasar dari digital humanities dan berikan contoh konkrit dalam sebuah proyek nyata digital humanities di tiap elemennya'],"['setiap proyek humaniora digital selalu ada 4 elemen dasar yang harus dipenuhi', 'keempat elemen tersebut adalah aset struktur layanan services dan tampilan display', 'aset terkait dengan kumpulan atau repositori berkas yang bisa disebut juga dengan basis data', 'sedangkan struktur itu menunjukkan bagaimana informasi dikelola dalam proyek tersebut dan gambarannya ditampilkan dalam bentuk arsitektur informasi', 'layanan ini mencakup sarana yang disediakan atau sistem yang dibangun untuk mengakses aset atau informasi jika aset tersebut sudah diolah', 'sebagai contoh adalah server atau program aplikasi yang berbasis web ataupun piranti bergerak', 'tampilan ini mencakup bagaimana aset tersebut diorganisasikan seperti yang tercermin di arsitektur informasinya agar bisa ditampilkan melalui layanan yang kompleks']","['stuff assets contoh adalah http://www.fastionline.org', 'services contoh adalah https://trawaca.id/asankey.php', 'use structure display contoh display adalah https://pleiades.stoa.org contoh structure adalah https://peripleo.pelagios.org/ui']",5,15,"3,33",E,1
808,12,['sebutkan elemen dasar dari digital humanities dan berikan contoh konkrit dalam sebuah proyek nyata digital humanities di tiap elemennya'],"['setiap proyek humaniora digital selalu ada 4 elemen dasar yang harus dipenuhi', 'keempat elemen tersebut adalah aset struktur layanan services dan tampilan display', 'aset terkait dengan kumpulan atau repositori berkas yang bisa disebut juga dengan basis data', 'sedangkan struktur itu menunjukkan bagaimana informasi dikelola dalam proyek tersebut dan gambarannya ditampilkan dalam bentuk arsitektur informasi', 'layanan ini mencakup sarana yang disediakan atau sistem yang dibangun untuk mengakses aset atau informasi jika aset tersebut sudah diolah', 'sebagai contoh adalah server atau program aplikasi yang berbasis web ataupun piranti bergerak', 'tampilan ini mencakup bagaimana aset tersebut diorganisasikan seperti yang tercermin di arsitektur informasinya agar bisa ditampilkan melalui layanan yang kompleks']","['assets contoh proyek adalah http://www.fastionline.org/', 'structure contoh proyek adalah https://peripleo.pelagios.org/ui', 'services contoh proyek adalah https://trawaca.id/asankey.php', 'display contoh proyek adalah https://pleiades.stoa.org/']",10,15,"6,67",C,3
809,12,['sebutkan elemen dasar dari digital humanities dan berikan contoh konkrit dalam sebuah proyek nyata digital humanities di tiap elemennya'],"['setiap proyek humaniora digital selalu ada 4 elemen dasar yang harus dipenuhi', 'keempat elemen tersebut adalah aset struktur layanan services dan tampilan display', 'aset terkait dengan kumpulan atau repositori berkas yang bisa disebut juga dengan basis data', 'sedangkan struktur itu menunjukkan bagaimana informasi dikelola dalam proyek tersebut dan gambarannya ditampilkan dalam bentuk arsitektur informasi', 'layanan ini mencakup sarana yang disediakan atau sistem yang dibangun untuk mengakses aset atau informasi jika aset tersebut sudah diolah', 'sebagai contoh adalah server atau program aplikasi yang berbasis web ataupun piranti bergerak', 'tampilan ini mencakup bagaimana aset tersebut diorganisasikan seperti yang tercermin di arsitektur informasinya agar bisa ditampilkan melalui layanan yang kompleks']","['assets adalah berisi penyimpanan files', 'structure adalah berisi tentang informasi arsitektur file nya', 'services adalah sarana untuk mengakses assets misalnya pelayanan atau jaringan', 'display adalah dalam display assets harus diatur menggunakan informasi arsitektur untuk ditampilkan melaluii kompleks jasa', 'assets adalah http://www.fastionline.org/', 'structure adalah https://peripleo.pelagios.org/ui', 'services adalah https://trawaca.id/asankey.php', 'display adalah https://pleiades.stoa.org/']",10,15,"6,67",C,3
810,12,['sebutkan elemen dasar dari digital humanities dan berikan contoh konkrit dalam sebuah proyek nyata digital humanities di tiap elemennya'],"['setiap proyek humaniora digital selalu ada 4 elemen dasar yang harus dipenuhi', 'keempat elemen tersebut adalah aset struktur layanan services dan tampilan display', 'aset terkait dengan kumpulan atau repositori berkas yang bisa disebut juga dengan basis data', 'sedangkan struktur itu menunjukkan bagaimana informasi dikelola dalam proyek tersebut dan gambarannya ditampilkan dalam bentuk arsitektur informasi', 'layanan ini mencakup sarana yang disediakan atau sistem yang dibangun untuk mengakses aset atau informasi jika aset tersebut sudah diolah', 'sebagai contoh adalah server atau program aplikasi yang berbasis web ataupun piranti bergerak', 'tampilan ini mencakup bagaimana aset tersebut diorganisasikan seperti yang tercermin di arsitektur informasinya agar bisa ditampilkan melalui layanan yang kompleks']","['assets adalah http://www.fastionline.org/', 'structure adalah https://peripleo.pelagios.org/ui', 'services adalah https://trawaca.id/asankey.php', 'display adalah https://pleiades.stoa.org/']",10,15,"6,67",C,3
811,12,['sebutkan elemen dasar dari digital humanities dan berikan contoh konkrit dalam sebuah proyek nyata digital humanities di tiap elemennya'],"['setiap proyek humaniora digital selalu ada 4 elemen dasar yang harus dipenuhi', 'keempat elemen tersebut adalah aset struktur layanan services dan tampilan display', 'aset terkait dengan kumpulan atau repositori berkas yang bisa disebut juga dengan basis data', 'sedangkan struktur itu menunjukkan bagaimana informasi dikelola dalam proyek tersebut dan gambarannya ditampilkan dalam bentuk arsitektur informasi', 'layanan ini mencakup sarana yang disediakan atau sistem yang dibangun untuk mengakses aset atau informasi jika aset tersebut sudah diolah', 'sebagai contoh adalah server atau program aplikasi yang berbasis web ataupun piranti bergerak', 'tampilan ini mencakup bagaimana aset tersebut diorganisasikan seperti yang tercermin di arsitektur informasinya agar bisa ditampilkan melalui layanan yang kompleks']","['assets adalah http://www.fastionline.org/', 'structure adalah https://peripleo.pelagios.org/ui', 'services adalah https://trawaca.id/asankey.php', 'display adalah https://pleiades.stoa.org/']",10,15,"6,67",C,3
812,12,['sebutkan elemen dasar dari digital humanities dan berikan contoh konkrit dalam sebuah proyek nyata digital humanities di tiap elemennya'],"['setiap proyek humaniora digital selalu ada 4 elemen dasar yang harus dipenuhi', 'keempat elemen tersebut adalah aset struktur layanan services dan tampilan display', 'aset terkait dengan kumpulan atau repositori berkas yang bisa disebut juga dengan basis data', 'sedangkan struktur itu menunjukkan bagaimana informasi dikelola dalam proyek tersebut dan gambarannya ditampilkan dalam bentuk arsitektur informasi', 'layanan ini mencakup sarana yang disediakan atau sistem yang dibangun untuk mengakses aset atau informasi jika aset tersebut sudah diolah', 'sebagai contoh adalah server atau program aplikasi yang berbasis web ataupun piranti bergerak', 'tampilan ini mencakup bagaimana aset tersebut diorganisasikan seperti yang tercermin di arsitektur informasinya agar bisa ditampilkan melalui layanan yang kompleks']","['untuk element dasar dari digital humanities meliputi beberapa aspek diantaranya adalah asset adalah merupakan repositori file', 'structure adalah arsitektur informasi struktur services adalah sebagai sarana untuk bisa mengakses asset contohnya dalam teknologi server atau jaringan', 'display adalah pengguna asset harus diatur dengan menerapkan arsitektur informasi agar dapat ditampilkan secara kompleks', 'berikut contoh dari setiap element dasar digital humanities adalah asset adalah projek fasti', 'structure adalah projek trawaca – diagram sankey koleksi naskah jawa', 'service adalah projek pleiades', 'display adalah projek pelagios']",10,15,"6,67",C,3
813,12,['sebutkan elemen dasar dari digital humanities dan berikan contoh konkrit dalam sebuah proyek nyata digital humanities di tiap elemennya'],"['setiap proyek humaniora digital selalu ada 4 elemen dasar yang harus dipenuhi', 'keempat elemen tersebut adalah aset struktur layanan services dan tampilan display', 'aset terkait dengan kumpulan atau repositori berkas yang bisa disebut juga dengan basis data', 'sedangkan struktur itu menunjukkan bagaimana informasi dikelola dalam proyek tersebut dan gambarannya ditampilkan dalam bentuk arsitektur informasi', 'layanan ini mencakup sarana yang disediakan atau sistem yang dibangun untuk mengakses aset atau informasi jika aset tersebut sudah diolah', 'sebagai contoh adalah server atau program aplikasi yang berbasis web ataupun piranti bergerak', 'tampilan ini mencakup bagaimana aset tersebut diorganisasikan seperti yang tercermin di arsitektur informasinya agar bisa ditampilkan melalui layanan yang kompleks']","['assets misalnya koleksi file dokumen dari perpustakaan di yogyakarta dan jawa tengah', 'http://www.fastionline.org/)', 'structure misalnya memilih tautan ke file terstruktur akan memberikan informasi yang berguna', 'https://peripleo.pelagios.org/ui)', 'services misalnya jika proyek ini ditampilkan sebagai situs web maka layanan tersebut menggunakan server atau jaringan database', 'https://trawaca.id/asankey.php)', 'display contoh nyata proyek ini ditampilkan sebagai situs web', 'https://pleiades.stoa.org/']","11,5",15,"7,67",B,4
814,12,['sebutkan elemen dasar dari digital humanities dan berikan contoh konkrit dalam sebuah proyek nyata digital humanities di tiap elemennya'],"['setiap proyek humaniora digital selalu ada 4 elemen dasar yang harus dipenuhi', 'keempat elemen tersebut adalah aset struktur layanan services dan tampilan display', 'aset terkait dengan kumpulan atau repositori berkas yang bisa disebut juga dengan basis data', 'sedangkan struktur itu menunjukkan bagaimana informasi dikelola dalam proyek tersebut dan gambarannya ditampilkan dalam bentuk arsitektur informasi', 'layanan ini mencakup sarana yang disediakan atau sistem yang dibangun untuk mengakses aset atau informasi jika aset tersebut sudah diolah', 'sebagai contoh adalah server atau program aplikasi yang berbasis web ataupun piranti bergerak', 'tampilan ini mencakup bagaimana aset tersebut diorganisasikan seperti yang tercermin di arsitektur informasinya agar bisa ditampilkan melalui layanan yang kompleks']","['elemen dasar adalah assets adalah berisi penyimpanan files', 'structure adalah berisi tentang informasi arsitektur file nya', 'services adalah sarana untuk mengakses assets misalnya pelayanan atau jaringan', 'display adalah dalam display assets harus diatur menggunakan informasi arsitektur untuk ditampilkan melalui kompleks jasa', 'contoh adalah disini saya mengambil contoh digitalizing baju adat indonesia', 'rancangan adalah mengscan object nya kemudian mengecek kualitas hasil scan dengan yang asli jika sudah cukup atau tidak ada yang kurang bisa langsung di di simpan atau digunakan biasanya scan akan menghasilkan sedikit kecacatan texture jika terjadi maka harus dibenarkan biasanya menggunakan vx model atau autodesk mudbox tergantung masalahnya', 'assets adalah keseluruhan baju adat nya textur baju nya motif bajunya aksesoris yang digunakan bahan', 'services adalah 3 d model dari baju adat', 'meta data adalah deskriptif terbuat dari kain apa asal daerahnya digunakan untuk acara apa saja', 'aksesoris tambahan', 'tools adalah 3 d camera scanner metrology grade 3d scanner professional grade 3d scanner dll software untuk melakukan repair texture yang cacat vx model autodesk mudbox seperangkat computer mid – high end baju adatnya lighting', 'alasan memilih adalah baju adat adalah karena harus melesatarikan budaya sendiri karena pakaian adat sudah mulai menghilang karena banyaknya trend trend negara lain yang masuk ke indonesia sehingga adat adat tradisional mulai hilang', 'tool adalah karena memang itu yang dibutuhkan', 'data form adalah karena 3 d model merupakan presentasi yang paling tepat menurut kelompok kami karena pakaian adat memiliki banyak detail detail yang penting', 'aksesoris yang dipakai dll “laser scanning” atau “white light body scanning” metode nya']","13,5",15,"9,00",A,5
815,12,['sebutkan elemen dasar dari digital humanities dan berikan contoh konkrit dalam sebuah proyek nyata digital humanities di tiap elemennya'],"['setiap proyek humaniora digital selalu ada 4 elemen dasar yang harus dipenuhi', 'keempat elemen tersebut adalah aset struktur layanan services dan tampilan display', 'aset terkait dengan kumpulan atau repositori berkas yang bisa disebut juga dengan basis data', 'sedangkan struktur itu menunjukkan bagaimana informasi dikelola dalam proyek tersebut dan gambarannya ditampilkan dalam bentuk arsitektur informasi', 'layanan ini mencakup sarana yang disediakan atau sistem yang dibangun untuk mengakses aset atau informasi jika aset tersebut sudah diolah', 'sebagai contoh adalah server atau program aplikasi yang berbasis web ataupun piranti bergerak', 'tampilan ini mencakup bagaimana aset tersebut diorganisasikan seperti yang tercermin di arsitektur informasinya agar bisa ditampilkan melalui layanan yang kompleks']","['assets adalah merupakan pentyimpanan file', 'structure adalah merupakan informasi arsitektur file', 'services adalah merupakan alat yang dipakai untuk mengakses asset seperti jaringan atau server', 'display adalah merupakan cara dalam menampilkan seluruh informasi arsitektur dari sebuah citra']",10,15,"6,67",C,3
816,12,['sebutkan elemen dasar dari digital humanities dan berikan contoh konkrit dalam sebuah proyek nyata digital humanities di tiap elemennya'],"['setiap proyek humaniora digital selalu ada 4 elemen dasar yang harus dipenuhi', 'keempat elemen tersebut adalah aset struktur layanan services dan tampilan display', 'aset terkait dengan kumpulan atau repositori berkas yang bisa disebut juga dengan basis data', 'sedangkan struktur itu menunjukkan bagaimana informasi dikelola dalam proyek tersebut dan gambarannya ditampilkan dalam bentuk arsitektur informasi', 'layanan ini mencakup sarana yang disediakan atau sistem yang dibangun untuk mengakses aset atau informasi jika aset tersebut sudah diolah', 'sebagai contoh adalah server atau program aplikasi yang berbasis web ataupun piranti bergerak', 'tampilan ini mencakup bagaimana aset tersebut diorganisasikan seperti yang tercermin di arsitektur informasinya agar bisa ditampilkan melalui layanan yang kompleks']","['assets adalah repository files structure', 'information architecture services', 'server or network display the assets should be organized using an information architecture in order to be displayed through complex services']",10,15,"6,67",C,3
817,12,['sebutkan elemen dasar dari digital humanities dan berikan contoh konkrit dalam sebuah proyek nyata digital humanities di tiap elemennya'],"['setiap proyek humaniora digital selalu ada 4 elemen dasar yang harus dipenuhi', 'keempat elemen tersebut adalah aset struktur layanan services dan tampilan display', 'aset terkait dengan kumpulan atau repositori berkas yang bisa disebut juga dengan basis data', 'sedangkan struktur itu menunjukkan bagaimana informasi dikelola dalam proyek tersebut dan gambarannya ditampilkan dalam bentuk arsitektur informasi', 'layanan ini mencakup sarana yang disediakan atau sistem yang dibangun untuk mengakses aset atau informasi jika aset tersebut sudah diolah', 'sebagai contoh adalah server atau program aplikasi yang berbasis web ataupun piranti bergerak', 'tampilan ini mencakup bagaimana aset tersebut diorganisasikan seperti yang tercermin di arsitektur informasinya agar bisa ditampilkan melalui layanan yang kompleks']","['elemen dasar adalah assets adalah berisi penyimpanan files', 'structure adalah berisi tentang informasi arsitektur file nya', 'services adalah sarana untuk mengakses assets misalnya pelayanan atau', 'jaringan', 'display adalah dalam display assets harus diatur menggunakan informasi arsitektur untuk ditampilkan melaluii kompleks jasa', 'contoh adalah disini saya mengambil contoh digitalizing baju adat indonesia', 'rancangan adalah mengscan object nya kemudian mengecek kualitas hasil scan dengan yang asli jika sudah cukup atau tidak ada yang kurang bisa langsung di di simpan atau digunakan biasanya scan akan menghasilkan sedikit kecacatan texture jika terjadi maka harus di benarkan biasanya menggunakan vx model atau autodesk mudbox tergantung masalahnya', 'assets adalah keseluruhan baju adat nya textur baju nya motif bajunya aksesoris yang digunakan bahan', 'services adalah 3 d model dari baju adat', 'meta data adalah deskriptif terbuat dari kain apa asal daerahnya digunakan untuk acara apa saja aksesoris tambahan', 'tools adalah 3 d camera scanner metrology grade 3d scanner professional', 'grade 3d scanner dll software untuk melakukan repair texture yang cacat vx model autodesk mudbox seperangkat computer mid – high end baju adatnya lighting', 'alasan memilih adalah baju adat adalah karena harus melesatarikan budaya sendiri karena pakaian adat sudah mulai menghilang karena banyaknya trend trend negara lain yang masuk ke indonesia sehingga adat adat tradisional mulai', 'hilang', 'tool adalah karena memang itu yang dibutuhkan', 'data form adalah karena 3 d model merupakan presentasi yang paling tepat menurut kelompok kami karena pakaian adat memiliki banyak detail detail yang penting aksesoris yang dipakai dll “laser scanning” atau “white light body scanning” metode nya']",12,15,"8,00",B,4
