IDJwb,IDPSJ,grade,psj_idx,grade_num,is_synthetic,inverse_words
1,1,10,0,10,0,Olah pikir = Berpikiran kritis dalam segala situasi yang terjadi. Olah hati = Melakukan suatu kegiatan berdasarkan hati nurani kita. Olah raga = Memiliki sifat dan mental yang kuat. Olah hati dan karsa = Kreatif dalam melakukan sesuatu.
2,1,6,0,6,0,KARAKTER SALING MENOLONG KARAKTER YANG MAU SALING BEKERJA SAMA KARAKTER YANG PEDULI TERHADAP PENDERITAAN ORANG LAIN KARAKTER YANG MEMENTINGKAN SIKAP RELA BERKORBAN
3,1,10,0,10,0,"1. olah hati adalah karakter yang penuh rasa damai dan cinta untuk mewujudkan kehidupan yang harmonis 2. olah pikir adalah proses pikiran dalam menyelesaikan masalah 3.olah karsa adalah suatu kepedulian terhadap sesama 4. olah raga adalah proses persepsi, kesiapan, manipulasi dan penciptaan aktivitas baru"
4,1,4,0,4,0,Revolusi mental yang berarti kita harus memiliki mental yang kuat untuk membangun negara kita
5,1,10,0,10,0,1. Olah raga : memiliki karakter yang kuat 2. Olah rasa dan karsa : karakter yang memiliki perasaan dan simpati 3. Olah hati : karakter yang memiliki hati yang lembut dan mau menerima saran orang lain 4. Olah pikir : karakter yang memiliki pemikiran yang maju untuk menyelesaikan masalah
6,1,10,0,10,0,"1. Karakter biru/ olah tubuh membuat kerja sama menjadi lebih bersemangat, biasanya olah tubuh/ karakter biru dimiliki oleh seorang atlet 2. Karakter merah/ olah hati membuat kerja sama menjadi lebih menyenangkan 3. Karakter kuning/ olah rasa membuat kerja sama semakin berhasil 4. Karakter hijau/ olah pikir membuat kerja sama menjadi lebih terencana"
7,1,10,0,10,0,olah hati olah hati memiliki karakter yang lembut hati olah raga olah raga memiliki karakter yang sangat aktif dalam kerja sama atau gotong royong olah pikir olah pikir memiliki karakter yang bijaksana dan teliti olah rasa olah rasa memiliki karakter yang sangat berhati-hati
8,1,10,0,10,0,olah hati adalah perasaan untuk mau menollong sesama dan bekerja sama/ bergotong royong. olah rasa adalah mau merasakan kondisi yang sama saat bekerja sama contoh saat kita bekerja sama tapi gagal kita harus mau merasakan kegagalan. olah pikir adalah pikiran kita untuk memulai dan menjalani kerja sama. olah tindakan adalah tindakan yang kita lakukan saat bekerja sama/bergotong royong.
9,1,10,0,10,0,1. Olah hati ( karakter rasa damai dan cinta untuk menuju kehidupan yang harmonis ) 2. Olah karsa ( kepedulian ) 3. Olah raga ( penciptaan aktivitas baru ) 4. Olah pikir ( penyelesaian persoalan )
10,1,10,0,10,0,1. Karakter Biru (Olah Hati) = Karakter yang suka damai dan harmonis yang membuat kerja sama lebih mudah 2. Karakter Hijau (Olah Pikir) = Karakter yang teliti dan akademis yang membuat kerja sama lebih terencana 3. Karakter kuning (Olah Raga) = Karater yang tangguh dan disiplin yang membuat kerja sama lebih berhasil 4. Karakter Merah (Olah Rasa dan Karsa) = Karakter yang kreatif dan komunikatif yang membuat kerja sama lebih kreatif dan menyenangkan
11,1,10,0,10,0,Olah Pikir (karakter ini artinya teliti dan akademis) Olah Hati (karakter ini artinya peduli dan emosional) Olah Raga (karakter ini artinya teguh dan disiplin) Olah Rasa dan Karsa (karakter ini artinya kreatif dan komunikatif)
12,1,9,0,9,0,1 Olah rasa bewarna hijau: memiliki rasa yang nyaman 2 Olah pikir berwarna biru: mempunyai pikir yang positif 3 Olah hati berwarna kuning: mempunyai hati yang tenang damai 4 Olah keras bewarna merah : memiliki akal pintar 66
13,1,4,0,4,0,OLAHAN PIKIRAN
14,1,10,0,10,0,karakter biru=rendah hati karakter merah = komunikatif karakter hijau= kreatif karakter kuning=pintar
15,1,10,0,10,0,tidak egois mau bersosialisasi dengan orang lain saling membantu tidak mensepelekan orang lain
16,1,8,0,8,0,OLAH RASA OLAH RAGA OLAH PIKIR OLAH HATI
17,1,5,0,5,0,karakter: 1.ketuhanan 2.bekerja sama 3.kuat
18,1,6,0,6,0,memiliki rasa saling tolong menolong memiliki rasa persatuan dan kesatuan memiliki rasa kepedulian memiliki rasa semboyan Bhinneka Tunggal Ika yang berarti berbada - beda tetapi 1 tujuan
19,1,10,0,10,0,1. Olah Hati adalah karakter yang cinta damai dan harmonis dalam suatu diskusi 2. Olah Raga adalah karakter yang disiplin dan sangat tepat dalam mengerjakan sesuatu 3. Olah Pikir adalah karakter yang mempertimbangkan terlebih dahulu akibat-akibatnya sebelum membuat keputusan 4. Olah Rasa/Krasa adalah karakter yang kreatif dan komunikatif dalam suatu hal
20,1,10,0,10,0,karakter merah: karakter merah adalah karakter yang pekerja keras karakter hijau: karakter hijau adalah karakter yang pintar dan cerdas karakter kuning: karakter kuning adalah karakter yang kreatif karakter biru: karakter biru adalah karakter yang baik hati
21,1,6,0,6,0,"1.Tidak memaksa kan kehendak adalah kita tidak boleh memaksakehendak diri sendiri. 2.Toleransi,kita harus toleransi terdapat sesama. 3.Tidak rasisme terhadap sesama 4.saling tolong menolong"
22,1,6,0,6,0,1. olah rasa 2. olah jiwa 3. olah emosi 4. olah batin
23,1,10,0,10,0,1. Olah pikir adalah ketelitian dalam melakukan suatu hal 2. Olah hati adalah rasa saling memahami antar sesama 3. Olah raga adalah semangat yang dimiliki 4. Olah rasa adalah ekspresi yang dimiliki seseorang
24,1,10,0,10,0,"1. Olah hati ( Karakter Biru ) Orang berkarakter biru biasanya bersifat baik hati dan rendah hati. 2. Olah raga ( Karakter Hijau ) Orang yang berkarakter hijau biasanya cenderung tegas, pekerja keras, dan jujur. 3. Olah akal ( Karakter Kuning) Orang yang berkarakter kuning adalah orang yang akademis. 4. Olah rasa dan karya ( Karakter Merah ) Orang yang berkarakter merah adalah orang yang aktif."
25,1,9,0,9,0,"1. olah pikir: memiliki pola pikir yang akademik, dan cerdik 2. olahraga: memiliki daya tubuh yang kuat 3. intregritas: mempunyai pola pikir yang imajinatif dan kreatif 4. hati nurani: memiliki sifat yang penyabar dan baik hati"
26,1,10,0,10,0,biru : disiplin merah : suka damai hijau : kreatif kuning : olah hati
27,1,9,0,9,0,olah raga= memiliki karakter yang patuh terhadap aturan olah kasih =memiliki karakter yang lemah lembut olah pikir=memiliki karakter yang berpikir positif olah hati=memiliki karakter yang memiliki hati nurani
28,1,10,0,10,0,"1. Olah hati (hijau) adalah karakter yang cinta damai, dan harmonis. 2. Olah pikir adalah karakter yang berpikir teliti, dan hati-hati. 3. Olah raga (kuning) adalah karakter yang dimiliki oleh olahragawan yaitu karakter yang tekun. 4. Olah rasa dan kersa (merah) adalah karakter yang akademis, dan bersemangat."
29,1,10,0,10,0,"1. olah hati ( karakter yang suka kedamaian dan kehidupan yang harmonis ) 2. olah pikir ( karakter yang banyak pertimbangan dan teliti ) 3. olahraga ( karakter disiplin yang biasanya dimiliki oleh olahragawan ) 4. olah rasa dan karsa ( karakter orang yang kreatif, bersemangat dan biasanya karakter ini dimiliki oleh orang yang mudah bergaul )"
30,1,2,0,2,0,Ki Hajar Dewantara
31,1,8,0,8,0,"Olah raga, olah hati, olah rasa, olah pikir"
32,1,8,0,8,0,1. Olah hati. 2. Olah karsa. 3. Olah pikir. 4. Olah raga.
33,1,6,0,6,0,"1. Belarasa, karakter atau sikap turut merasakan apa yang terjadi pada kehidupan seseorang 2. Toleransi, sikap menghormati antar sesama 3. Menghargai, sikap menghargai sesama 4. Empati, sikap empati atau sikap turut prihatin"
34,1,8,0,8,0,1.Olah raga 2.Olah rasa 3.Olah hati 4.Olah pikir
35,1,6,0,6,0,menghilangkan sikap egois menghilangkan sikap individualisme salin menolong peduli sesama.
36,1,10,0,10,0,"1. Olah hati (karakter biru) : karakter yang memiliki sifat cinta damai dan kehidupan harmonis. 2. Olah pikir (karakter hijau) : karakter yang memiliki sifat penuh pertimbangan, hati-hati, dan teliti. 3. Olah raga (karakter kuning) : karakter ini dimiliki oleh para olahragawan. karakter ini memiliki sifat yang teguh dan bermental kuat. 4. Olah rasa dan karsa (karakter merah) : karakter yang memiliki sifat komunikatif, aktif, dan bersemangat."
37,1,7,0,7,0,1. Pengolahan raga adalah saat kita bekerja sama dengan menggunakan fisik kita yang digunakan untuk saling membantu 2. Pengolahan akal saat kita tergerak untuk melaksanakan gotong royong bersama 3. Pengolahan jiwa saat kita bersemangat ataupun menghayati untuk bergotong royong dengan ikhlas 4. Pengolahan batin saat kita tergerak untuk berkerjasama
38,1,10,0,10,0,Olah hati : Karakter yang cinta damai Olah raga : karakter yang disiplin dan bermental kuat Olah pikir : karakter yang penuh perhitungan dan teliti Olah rasa dan karsa : karakter yang komunikatif
39,1,6,0,6,0,"sikap saling ingin membantu sesama,sikap tidak egois,sikap yang saling empati satu sama lain,menghargai menghargai sesama masyarakat"
40,1,1,0,1,0,kosong
41,1,8,0,8,0,"1.OLAH RASA OLAH RASA ADALAH OLAH PERASAAN KITA MENJADI PERASAAN BAIK SAAT MELAKUKAN KERJASAMA DAN GOTONG ROYONG 2.OLAH HATI OLAH HATI ADALAH MENGOLAH HATI KITA MENJADI BAIK SAAT MELAKUKAN KERJASAMA ATAU GOTONG ROYONG 3.OLAH PIKIRAN OLAH PIKIRAN ADALAH MENGELOLA PIKIRAN KITA MENJADI BAIK SAAT MELAKUKAN KERJASAMA ATAU GOTONG ROYONG 4.SOLADARITAS SOLADARITAS ADALAH SIKAP MENGHARGAI SATU SAMA LAIN TANPA MEMBEDAKAN SUKU,RAS,AGAMA SAAT MELAKUKAN GOTONG ROYONG DAN KERJASAMA"
42,1,6,0,6,0,Empat karakter yang di usulkan Ki Hajar Dewantara untuk membangun kerjasama dan gotong royong: -Karakter tolong menolong -Karakter yang mau ikut serta dalam penderitaan atau kesusahan orang lain -Karakter yang mau bekerja sama -Karakter yang mementingkan kebersamaan
43,1,9,0,9,0,OLAH rasa: berwarna hijau olah pikir: berwarna biru pikir olah hati: berwarna kuning hati yang tenang damai olah karsa dan : berwarna merah pinter teliti dab bisa berkembang
44,1,6,0,6,0,Karakter karakter yang diusulkan oleh Ki Hajar Dewantara : 1. Karakter saling menolong. 2. Karakter yang mau bekerjasama. 3. Karakter yang peduli terhadap penderitaan orang lain. 4. Karakter yang mementingkan sikap rela berkorban dari segala penderitaan.
45,1,8,0,8,0,1.olah raga 2.olah rasa 3.olah pikir. 4.olah hati
46,1,10,0,10,0,"Olah hati: suka damai, harmonis Olah pikir: hati hati,teliti Olah raga: cerdas Olah rasa: kreatif,komunikatif"
47,1,10,0,10,0,1. Olah hati Adalah mengolah hati kita saat kita ingin melalukan apapun itu supaya yg kita lakukan menjadi baik 2. Olah pikiran Adalah gimana kita cara mengolah pikiran kita supaya berpikir sebelum melakukan 3. Olah rasa Adalah gimana kita cara mengolah perasaan kita suapaya tidak gampang emosi 4. Solidaritas Adalah saling menghargai satu sama lain atau berbeda suku atau agama supaya menciptakan kehidupan yang harmonis
48,1,6,0,6,0,"- sikap saling ingin membantu sesama - sikap yang ingin bekerja sama dan tidak egois - sikap baik dan selalu ramah kepada masyarakat yang ada didaerah tersebut - sikap yang saling empati kepada sesama tanpa membeda bedakan dari suku, ras maupun agama"
49,1,7,0,7,0,-olah pikiran -olah raga -olah otak -olah tenaga
50,1,10,0,10,0,1.OLAH RASA;OLAH RASA ADALAH MENGOLAH PERASAAN KITA MENJADI PERASAAN YANG BAIK SAAT MELAKUKAN KERJASAMA DAN GOTONG ROYONG 2.OLAH PIKIRAN;JIKA OLAH PIKIRAN ADALAH MENGELOLA PIKIRAN KITA MENJADI BAIK SAAT KITA MELAKUKAN KERJASAMA DAN GOTONG ROYONG 3.OLAH SOLIDARITAS;SIKAP YANG MENHARGAI SAAT KITA MELAKUKAN KERJASAMA DAN GOTONG ROYONG 4.OLAH HATI;SAAT KITA MENGELOLA HATI KITA MENJADI BAIK SAAT MELAKUKAN KERJASAMA DAN GOTONG ROYONG
51,1,10,0,10,0,"Karakter biru=karakter biru itu biasanya cenderung ke orang yang suka menolong dan rendah hati karakter kuning=karakter kuning biasanya cenderung dimiliki oleh para orang yang suka berolahraga karena biasanya karakter kuning itu orang orang yang kuat dan berani karakter hijau=karakter hijau biasanya lebih cenderung mengajarkan ilmu ilmu pengetahuan,contohnya tentang ilmu agama karakter merah=karakter merah biasanya cenderung ke kereatifitas dan komukasi karakter merah gampang bergaul dengan orang lain"
52,1,6,0,6,0,1. saling menolong 2.saling bekerjasama 3. sikap saling peduli dengan sesama 4. sikap rela berkorban
53,1,10,0,10,0,"1. olah pikir : olah pikir adalah suatu kararter yang menggambarkan bahwa semakin kita dewasa kita harus mempunyai pikiran yang dewasa, berfikir kritis 2. olah raga : olah raga adalah suatu karakter yang menggambarkan bahwa kita harus mempunyai tingkat kekreatifan 3. olah hati : olah hati adalah karakter yang menggambrkan sikap kerendah hatian, yang dapat menimbulkan hal hal positif nanti nya 4. olah rasa : olah rasa adalah karakter yang menggambarkan bahwa setiap manusia harus mempunyai perasaan kpd sesama nya , rasa tanggung jawab, rasa ke pekaan, dan lain sebagainya"
54,1,4,0,4,0,mendapatkan lingkungan bersih mendapatkkan lingkunngan indah
55,1,6,0,6,0,"Tolong menolong, empati, sikap salidaritas yang tinggi, dan saling mendukung"
56,1,6,0,6,0,mempererat kesaudaraan antar bangsa indonesia membangun sosial yang baik tidak bergantung dengan satu orang pekerjaan yang berat menjadi gampang
57,1,8,0,8,0,1. Olah pikiran 2. Olah hati 3. Olah raga 4. Olah rasa atau karsa
58,1,10,0,10,0,Olah raga: mengolah raga kita untuk membantu orang lain. Olah rasa: mengolah rasa/perasaan kita terhadap sekitar. Olah pikir: mengolah pikiran dari diri kita. Olah hati: mengolah hati terhadap kondisi/situasi sekitar.
59,1,10,0,10,0,"- Olah rasa = Olah rasa adalah sifat yang kreatif dan mempunyai ide. - Olah pikir = Olah pikir adalah suatu pikiran yang akademis dan logika. - Olah raga = Olah raga adalah sifat yang berjiwa bergerak dan membantu sesama. - Olah hati = Olah hati adalah perasaan yang empati seperti baik, peduli, dan ingin saling menghargai sesama."
60,1,10,0,10,0,"1. Olah hati artinya seseorang mempunyai sifat yang bersemangat dan baik, suka membantu 2. Olah pikir artinya seseorang memiliki sifat yang cenderung lebih suka mencapai tujuan tertentu secara individu, dan juga pasti merasa kurang dengan hasil yang didapat seperti dalam pendidikan menginginkan nilai seratus dalam semua mata pelajaran. 3. Olah raga artinya seseorang bukan hanya memiliki tubuh yang kuat akan tetapi juga ada sifat pekerja keras, sopan, dan disiplin dalam latihan. contohnya dalam pertandingan bulutangkis ganda putra yang badan nya kecil cenderung mengambil cock bagian depan net atau shuttlecock, dan yang badan nya tinggi berada di bagian belakang untuk melakukan smash yang kencang. 4. Olah rasa artinya seseorang memiliki karakter yang baik dan cenderung lebih semangat."
61,1,1,0,1,0,"Dewi Ratna, Dewi Khanti, Eyang Prabu, Dewi Prambanan"
62,1,6,0,6,0,1. Olah rasa 2. Olah hati 3. Olah pikir 4. Tidak mengharap imbalan
63,1,6,0,6,0,1. sikap solidaritas 2. sikap persatuan 3. sikap saling tolong menolong 4. sikap persaudaraan 5. sikap peduli
64,1,10,0,10,0,1. olah biru Biasanya orang yang memiliki sikap olah biru ini cenderung lebih kreatif. 2. Olah merah Biasanya orang yang memiliki karakter olah merah cenderung lebih pintar dalam mencari jalan keluar setiap masalah. 3. Olah hijau Biasanya orang yang memiliki karakter ini cenderung lebih sabar dalam mengerjakan suatu pekerjaan. 4. Olah kuning Biasanya orang dengan karakter olah kuning memiliki sikap yang lebih bisa menerima kelemahan setiap orang.
65,1,6,0,6,0,bersatu untuk menjadikan indonesia sebagai negara yang makmur dan adil bersama-sama untuk memperthankan negara indonesia mempertahankan negara indonesia dari negara lain berjuang untuk indonesia menjadi negara maju
66,1,8,0,8,0,1. Olah hati: adalah karakter yang harmonis. 2. Olah pikir: adalah karakter yang pemikir. 3. Olah mental: adalah karakter yang berani dan memiliki mental yang kuat. 4. Olah kuat: adalah karakter yang tangguh dan kuat.
67,1,6,0,6,0,"1. tidak mudah menyerah dalam hal apapun 2. disiplin waktu dalam melakukan apapun 3. tidak ,membeda bedakan ras agama dan suku 4. menghormati sesama teman yang berbeda ras suku agama dan juga menghormati orang yang lebih tua"
68,1,10,0,10,0,"Ki Hadjar Dewantara mengusulkan 4 macam karakter untuk membangun kerjasama dan gotong royong. Karakter tsb adalah: 1. Olah hati OIah hati adalah karakter yang suka damai dan harmonis, menghindari pertikaian/konflik. 2. Olah raga Olah raga adalah untuk tekun dalam hal yang sedang dikerjakan. Olah raga juga berarti disiplin dan teguh. 3. Olah rasa & karsa Olah rasa & karsa adalah karakter seseorang yang kreatif dan komunikatif. 4. Olah pikir Olah pikir adalah kemampuan seseorang untuk berpikir, pintar secara akademis."
69,1,10,0,10,0,olah pikir sikap pikir akademis dan teliti olah hati sikap yang suka harmonis olah raga sikap yang disiplin olah rasa sikap kreatif
70,1,1,0,1,0,Ada empat macam karakter atau olah yang diusulkan oleh Ki Hajar Dewantara untuk membangun kerja sama dan gotong royong. Jelaskan karakter-karakter tersebut?
71,1,8,0,8,0,"olah rasa, olah hati,olah pikir,olah raga"
72,1,6,0,6,0,1.berkerja sama untuk mencapai tujuan yang ingin dicapai 2.mau menolong dan membantu antar satu dengan lainnya 3.untuk menumbuhkan sikap persatuan dan kesatuan
73,1,10,0,10,0,"1. Olah Hati = Olah hati adalah orang yang selalu berpikiran dan berperilaku positif. Biasanya, orang yang memiliki olah hati memiliki hati yang damai dan harmonis. 2. Olah pikir = Olah pikir adalah orang yang berhati-hati, penuh pertimbangan, teliti, dan akademis. 3. Olah Raga = Olah Raga adalah orang yang selalu tekun dan disiplin, biasanya orang yang memiliki karakter olah raga memiliki mental yang kuat. 4. Olah Rasa dan Karsa = Olah Rasa dan Karsa adalah orang yang memiliki karakter yang kreatif dan komunikatif."
74,1,8,0,8,0,1. Olah hati. 2. Olah karsa. 3. Olah pikir. 4. Olah raga.
75,1,6,0,6,0,1. Pantang menyerah 2. Tak membeda-bedakan sesama 3. Menghargai sesama 4. Mempunyai sifat solidaritas yang tinggi
76,1,6,0,6,0,1. bijaksana 2. sikap peduli 3. sikap bermusyawarah 4. sikap belarasa
77,1,6,0,6,0,1. Belarasa adalah sikap yang turut serta melakukan kegiatan sesuatu 2. Membantu sesama adalah sikap yang suka membantu orang yang kesusahan 3. Toleransi adalah sikap menghormati antar sesama 4. Etos Kerja adalah sikap semangat kerja yang tinggi
78,1,6,0,6,0,saling membantu sesama menghormati dan menghargai orang persatuan dan kesatuan rela berkorban
79,1,7,0,7,0,"OLAH PIKIR,OLAH KERJA,OLAH OLAHRAGA,OLAH MEMAHAMI"
80,1,6,0,6,0,"tidak membeda-bedakan suku,ras,agama toleransi saling menghargai dan menghormati tidak mencari kelemahan dari pendapat teman"
81,1,6,0,6,0,1.Saling peduli 2.Saling membantu 3.Tidak membedakan suku antar lain 4.Mau toleransi kepada orang lain
82,1,10,0,10,0,biru: disiplin merah:suka damai hijau: kreatif kuning:olah hati
83,1,10,0,10,0,"1. Olah pikir Karakter yang membuat kita berpikir sebelum bertindak 2. OLah hati Karakter yang membuat kita agar selalu memiliki sikap baik hati 3. Olah raga Karakter yang membuat kita agar tetap selalu menjaga kesehatan dan jiwa raga kita 4, Olah rasa Karakter agar kita selalu memiliki perasaan yang baik dan tidak sombong terhadap yang kita miliki"
84,1,10,0,10,0,olah hati: karakter yang cinta damai serta kehidupan harmonis. berwarna: biru olah pikir: karakter yang penuh pertimbangan dan teliti. berwarna; hijau olah raga: karakter yang tekun dan disiplin. berwarna: kuning olah rasa dan karsa: karakter yang penuh perasaan yang baik berwarna: merah
85,1,8,0,8,0,Olah hati adalah mengolah hati kita supaya bisa melakukan kerja sama dan gotong royong olah rasa adalah olah fisik adalah tidak hanya olahr olah karakter adalah
86,1,6,0,6,0,"karakter yang dibangun Ki Hajar Dewantara adalah berani, menghargai satu sama lain, tidak membeda - bedakan orang lain."
87,1,10,0,10,0,1. Olah hati Olah hati adalah mengolah hati kita menjadi hati yang lembut 2. Olah pikir Olah pikir adalah mengolah pemikiran kita menjadi pemikiran yang baik dan positif 3. Olah raga Olah raga adalah mengolah tubuh menjadi lebih sehat dan kuat 4. Olah rasa Olah rasa adalah mengolah perasaan kita agar menjadi baik
88,1,1,0,1,0,kosong
89,1,9,0,9,0,"Olah hati yang dimana menjelaskan sebuah karakter yang memiliki sifat rendah hati didalam kelompok, bukan rendah diri Olah pikir sebuah karakter yang cenderung berpikir sebelum bertindak. Biasanya karakter ini lebih teliti Olah raga bukanlah sebuah olahraga dalam tubuh, namun adanya pikiran di dalam raga seseorang didalam suatu kelompok Olah seni dan budaya sebuah karakter yang cenderung memberikan ide ide dan wawasan yang bagus dalam kelompok Olah tanggung jawab sebuah karakter yang mempertanggung jawabkan semua perilaku di dalam kelompok"
90,1,10,0,10,0,olah hati merupakan rasa cinta yang harmonis olah raga merupakan kemampuan orang lain olah rasa merupakan rasa harmonis olah pikir merupakan kebahagiaan hati hati serta teliti
91,1,1,0,1,0,kosong
92,1,1,0,1,0,"Olah tubuh, olah-olahan"
93,1,1,0,1,0,"suka menolong, suka membantu memasak dan lain-lain."
94,1,1,0,1,0,dewi kumalasari melatih diri bertapa di tepi sungai gangga.
95,1,1,0,1,0,"karakter yang tenan, berbudi luhur, suka membantu dan suka menolong."
96,1,4,0,4,0,"Untuk mendapatkan lingkungan yang bersih dan indah, penting untuk mengelola sampah dengan baik melalui pemisahan dan daur ulang, serta mengurangi penggunaan plastik sekali pakai."
97,1,4,0,4,0,"Olahraga merupakan aktivitas fisik yang dilakukan secara teratur dan terencana untuk meningkatkan kebugaran tubuh, kesehatan mental, dan kesejahteraan secara keseluruhan."
98,1,4,0,4,0,"karakter yang lincah dengan olah raga, yang senang berbagi juga."
99,1,4,0,4,0,Karakter yang tumbuh dan berkembang menjadi menyenangkan karena olah rasa yang baik.
100,1,4,0,4,0,"Karakter yang tumbuh dan berkembang memiliki kemampuan untuk mengolah rasa dengan baik, sehingga dapat menghadapi berbagai situasi dengan bijak dan penuh kesadaran."
101,1,4,0,4,0,Karakter yang baik bisa dibentuk juga dengan berolah raga karena membuat tubuh menjadi bugar dan sehat.
102,2,3,1,3,0,not responding yaitu software mengalami kegagalan perintah sedangkan hang sistem tidak dapat menanggapi perintah
103,2,3,1,3,0,"Not Responding adalah suatu keadaan dimana software yang dugunakan mengalami kegagalan perintah, sedangkan hang adalah sistem/OS yang tidak dapat menanggapi segala perintah yang dimasukkan yang mengarah pada kerusakan komputer."
104,2,8,1,8,0,"- Not Responding : Sistem operasi memberikan sebuah perintah pada proses kemudian proses tersebut gagal menjalankannya dalam batas waktu tertentu. - Hang : sebuah proses tidak pernah keluar dari kondisi not responding, kemudian besar terjadi deadlock kemudian proses akan hang."
105,2,8,1,8,0,Not Respon (recoverable) jika proses gagal menjalankannya dalam batas waktu tertentu (masih ada tanda akan kembali normal). Hang (unrecoverable) Jika proses tidak pernah keluar dari kondisi not responding (gajelas).
106,2,3,1,3,0,"Not Responding adalah suatu keadaan dimana software yang dugunakan mengalami kegagalan perintah, dan mengakibatkan software tersebut tidak dapat memahami apa yang diperintahkan,Sedangkan adalah suatu sistem/OS yang tidak dapat menanggapi segala perintah yang dimasukkan, tentunya mengarah pada kerusakan komputer."
107,2,5,1,5,0,"Not Responding: Terjadi ketika aplikasi berhenti merespons karena kesalahan koneksi internet. Hang: tidak pernah keluar dari ""not responding""."
108,2,5,1,5,0,Not Responding: Aplikasi tidak merespons karena gangguan di RAM.Hang: Ketika program tidak bisa kembali normal berjalan di latar belakang.
109,2,5,1,5,0,Not Responding: Terjadi karena beban CPU yang terlalu tinggi.Hang: mengakibatkan sistem perlu dimatikan secara paksa.
110,2,5,1,5,0,"not responding : peristiwa yang terjadi ketika sistem operasi memberikan sebuah perintah pada proses (misalnya menutup sebuah jendela), kemudian proses gagal menjalankannya dalam batas waktu tertentu, not responding dapat dikatakan jika sistem operasinya recoverable"
111,2,3,1,3,0,"not responding adalah kondisi pada software yang digunakan mengalami kegagalan perintah, jadi software tidak memahami perintah yang diberikan. sedangkan hang adalah kondisi pada komputer yang tidak merespon semua perintah yang diberikan dari keyboard maupun mouse."
112,2,8,1,8,0,"Not responding adalah suatu keadaan ketika OS meminta software/program untuk menjalankan suatu perintah dan program gagal untuk menjalankan permintaan tersebut dalam waktu tertentu maka program akan mengalami ""Not Responding"" sedangkan jika program tersebut tidak pernah keluar dari keadaan tersebut maka program tersebut mengalami ""hung"""
113,2,3,1,3,0,"Not Responding adalah suatu keadaan dimana software yang dugunakan mengalami kegagalan perintah, dan mengakibatkan software tersebut tidak dapat memahami apa yang diperintahkan Hang adalah OS yang tidak dapat menanggapi segala perintah yang dimasukkan, tentunya mengarah pada kerusakan komputer."
114,2,3,1,3,0,"Not Responding, suatu keadaan dimana software yang dugunakan mengalami kegagalan perintah dan mengakibatkan software tersebut tidak dapat memahami apa yang diperintahkan, dan komputer pun akan memberikan sebuah pertanyaan apakan mau menunggu atau mengakhiri secara paksa, sedangkan Hang komputer tidak dapat menerima perintah yang dimasukan komputer dan mengarah kepada kerusakan komputer"
115,2,3,1,3,0,"Not Responding merupakan suatu keadaan yang mengarah pada keadaan di mana software yang digunakan mengalami kegagalan perintah, sedangkan Hang itu dimaksudkan ketika suatu sistem/OS tidak dapat menanggapi segala perintah yang di masukan, ini berarti mengarah kepada kerusakan komputer tersebut."
116,2,3,1,3,0,"Perbedaannya yaitu Pengertian secara umum 'hang' adalah no respond, sedangkan dalam bidang komputer hang dimaksudkan suatu sistem/OS yang tidak dapat menanggapi segala perintah yang dimasukkan, tentunya mengarah pada kerusakan komputer namun kalau kondisi hang, komputer tidak dapat merespon segala perintah yang diberikan dari mouse maupun keyboard."
117,2,3,1,3,0,"Perbedaan not responding dan hang adalah apabila not responding adalah keadaan dimana software mengalami kegagalan perintah sehingga software tidak memahami apa yang diperintahkan dan komputer akan memberikan pertanyaan apakah user ingin menunggu atau mengakhiri aplikasi secara paksa, sedangkan hang adalah keadaan dimana sistem operasi tidak dapat menanggapi segala perintah yang dimasukkan dimana mengarah pada kerusakan komputer, keadaan hang ini mengakibatkan komputer tidak dapat merespon perintah dari mouse ataupun keyboard sedangkan not responding dapat merespon perintah dari mouse ataupun keyboard."
118,2,8,1,8,0,"hang yaitu Jika proses tidak pernah keluar dari kondisi not responding, kemungkinan besar terjadi deadlock, kemudian proses akan unrecoverable, sedangkan Not Responding adalah Jika sistem operasi memberikan sebuah perintah pada proses (misal: membaca keystroke atau menutup sebuah jendela) kemudian proses gagal menjalankannya dalam batas waktu tertentu"
119,2,5,1,5,0,"not responding: program tidak responsive dikarenakan sedang menunggu resource yang akan di gunakan. hang: program mengalami deadlock, dimana program mengalami proses menunggu tidak henti dikarenakan peristiwa deadlock"
120,2,3,1,3,0,"hang' adalah no respond, sedangkan dalam bidang komputer hang dimaksudkan suatu sistem/OS yang tidak dapat menanggapi segala perintah yang dimasukkan, tentunya mengarah pada kerusakan komputer."
121,2,8,1,8,0,"perbedaan utamanya adalah not responding masih ada kemungkinan untuk bisa dijalankan atau keluar dari deadlock, sedangkan hang sudah tidak bisa lagi keluar, cara satu-satunya adalah mematikan komputer dan booting ulang."
122,2,3,1,3,0,"Not responding adalah suatu keadaan dimana software yang digunakan mengalami kegagalan perintah, dan mengakibatkan software tersebut tidak dapat memahami apa yang diperintahkan, dan komputer akan memeberikan sebuah pertanyaan apakah mau menunggu atau mengakhiri aplikasi tersebut secara paksa. Hang adalah kondisi suatu sistem/OS yang tidak dapat menanggapi segala perintah yang dimasukkan, tentunya mengarah pada kerusakan komputer. Pada kondisi hang, komputer tidak dapat merespon segala perintah yang diberikan dari mouse maupun keyboard."
123,2,3,1,3,0,"Not Responding adalah suatu keadaan dimana software yang mengalami kegagalan perintah, dan mengakibatkan software tidak dapat memahami apa yang diperintahkan, kemudian komputer pun akan memberikan sebuah pertanyaan apakah mau menunggu atau mengakhiri aplikasi ( sofware ) secara paksa. Sedangkan Hang adalah sebuah sistem tidak dapat menanggapi semua perintah yang ingin dimasukkan dan bisa jadi mengarah kepada kerusakan pada komputer tersebut."
124,2,8,1,8,0,Apabila sistem operasi meminta program untuk mengerjakan sesuatu namun tidak dapat memahami perintahnya sehingga tidak menjalankannya dalam beberapa waktu yang telah ditentukan maka akan terjadi 'not responding'. Apabila program tidak dapat keluar dari permasalahan tersebut maka kejadian tersebut disebut 'hang'.
125,2,3,1,3,0,Not responding adalah software mengalami kegagalan perintah sehingga tidak dapat memahami apa yang diperintahkan Hang adalah sistem operasi tidak bisa menanggapi segala perintah yang ada
126,2,1,1,1,0,"not responding terjadi jika dalam suatu aplikasi terdapat kekurangan data pada sistem, sedangkan hang hanya merupakan suatu perintah bahwa komputer nge-freeze atau berhenti sejenak."
127,2,10,1,10,0,"Jika sistem operasi memberikan sebuah perintah pada proses kemudian proses tersebut gagal menjalankannya dalam batas waktu tertentu, ini disebut not responding. recoverable sedangkan Jika proses tidak pernah keluar dari kondisi not responding, kemungkinan besar terjadi deadlock, kemudian proses akan hang atau unrecoverable"
128,2,10,1,10,0,"Not Responding (recoverable) Kondisi dimana proses gagal berjalan dalam rentang waktu tertentu, tetapi kondisi ini masih dapat kembali normal. Hang (unrecoverable) Kondisi diamna proses tidak dapat berjalan lagi dari kondisi not responding, kondisi ini sudah tidak dapat berjalan kembali."
129,2,8,1,8,0,not responding itu masih recoverable yang berarti proses gagal menjalankannya dalam batas waktu tertentu - hang sifatnya unrecoverable yang artinya sistem pada komputer yang tidak dapat merespon/menanggapi semua perintah yang telah dimasukkan
130,2,8,1,8,0,not responding adalah jika sistem operasi memberikan sebuah perintah pada proses kemudian gagal menjalankannya dalam batas waktu tertentu hang adalah jika proses tidak pernah keluar dari kondisi not responding dan terjadi deadlock.
131,2,8,1,8,0,"Not responding merupakan kondisi di mana perintah yang diberikan oleh sistem operasi kepada suatu proses gagal dilakukan sehingga terjadilah not responding. Sedangkan hang merupakan kondisi di mana sebuah proses sudah dalam kondisi not respoding yang lama dan kemungkinan terjadi deadlock sehingga proses menajadi hang. Kondisi not responding terkadang masih bisa diatasi, namun hang tidak bisa diatasi lagi."
132,2,8,1,8,0,not responding adalah kejadian dimana sistem operasi memberikan sebuah perintah pada proses kemudian proses gagal menjalankannya dalam batas waktu tertentu sedangkan hang adalah proses dimana proses tidak pernah keluar dari kondisi not responding dan akan terjadi deadlock
133,2,3,1,3,0,"Not Responding merupakan suatu keadaan dimana software yang digunakan mengalami gagal dalam memahami perintah sehingga komputer akan memberikan pilihan apakah ingin menunggu atau memberhentikan secara paksa. sedangkan, Hang merupakan keadaan dimana sistem operasi tidak menanggapi semua perintah dari hardware pada kondisi ini dapat disimpulkan bahwa terdapat kerusakan pada komponen komputer."
134,2,3,1,3,0,Hang : OS yang tidak dapat menanggapi segala perintah yang dimasukkan. Not Responding : adalah suatu keadaan dimana software yang dugunakan mengalami kegagalan perintah.
135,2,10,1,10,0,"Perbedaan antara ""not responding"" dan ""hang"" terletak pada tingkat kegagalan aplikasi. ""Not responding"" terjadi ketika aplikasi berhenti merespons sementara, biasanya karena proses yang sedang berjalan memakan waktu lama atau terbebani, tetapi aplikasi masih aktif dan mungkin pulih setelah beberapa waktu. Sementara itu, ""hang"" adalah kondisi di mana aplikasi benar-benar berhenti bekerja tanpa ada kemungkinan pemulihan, sehingga memerlukan penutupan paksa atau restart."
136,2,10,1,10,0,"Perbedaan antara ""not responding"" dan ""hang"" terletak pada sifat dan durasi masalah yang dialami oleh aplikasi. ""Not responding"" biasanya menunjukkan bahwa aplikasi tidak merespons input pengguna untuk sementara waktu, tetapi masih dapat pulih dan melanjutkan operasi setelah beban kerja selesai. Sebaliknya, ""hang"" merujuk pada keadaan di mana aplikasi sepenuhnya terhenti dan tidak dapat berfungsi lagi, sehingga memerlukan penutupan paksa atau restart untuk kembali beroperasi. Dengan kata lain, ""not responding"" bersifat sementara, sementara ""hang"" menunjukkan keadaan yang lebih permanen."
137,2,10,1,10,0,"""Not responding"" biasanya merujuk pada aplikasi yang tidak memberikan respons terhadap input pengguna untuk sementara waktu, tetapi masih berjalan di latar belakang. Ini bisa terjadi ketika aplikasi sibuk dengan tugas yang berat atau mengalami deadlock sementara. Sedangkan ""hang"" mengacu pada kondisi di mana aplikasi benar-benar berhenti bekerja dan tidak dapat melanjutkan operasi, sering kali membutuhkan pemaksaan untuk menutup aplikasi tersebut karena sistem tidak bisa memulihkan keadaannya secara otomatis."
138,2,6,1,6,0,Not responding bersifat recoverable sedangkan hang bersifat non-recoverable.
139,2,6,1,6,0,"Not responding berarti sistem tidak bisa merespon dan mungkin pulih dalam beberapa saat, sedangkan hang tidak."
140,2,6,1,6,0,"""Not responding"" berarti sistem tidak dapat memberikan respons dan mungkin akan pulih setelah beberapa saat, sementara ""hang"" tidak menunjukkan kemungkinan pemulihan."
141,2,6,1,6,0,"""Not responding"" berarti sistem tidak mampu memberikan respons dan ada kemungkinan untuk pulih setelah sementara waktu, sedangkan ""hang"" tidak menunjukkan harapan untuk kembali berfungsi."
142,2,6,1,6,0,"Not responding adalah situasi di mana sistem operasi tidak dapat menjalankan perintah yang diberikan kepada suatu proses. Sementara itu, hang adalah kondisi di mana suatu proses telah mengalami not responding dalam jangka waktu yang lama."
143,3,1,2,1,0,perintah yang digunakan untuk membuka sebuah device yang akan digunakan.
144,3,10,2,10,0,proses mengkaitkan sebuah sistem berkas yang baru ditemukan pada sebuah piranti ke struktur direktori utama yang sedang dipakai.
145,3,6,2,6,0,"Mounting merupakan proses paling awal sebelum membuka sebuah direktori, yaitu dengan membuat sebuah direktori baru yang menjadi sub-tree dari tempat file system tersebut diletakan"
146,3,1,2,1,0,"mounting tu memasang harddisk pak, atau maksudnya settingannya kadang hdd awalnya kadang format RAW atau MBR harus dipindah ke GPT biar enak. kalau urusan partisi atau volume berarti cuma antara mengatur ukuran hdd yang dialokasikan, enable disable volume, extend, sama shrink."
147,3,10,2,10,0,"Mounting merupakan tindakan mengasosiasikan storage device (flashdisk,HDD,CDROM dll) ke lokasi tertentu pada directory tree linux (dibawah root directory /), hal ini perlu dilakukan karena Linux hanya mempunyai satu directory tree dengan induk atau root directory yang diberi simbol slash atau garis miring."
148,3,6,2,6,0,"Mounting adalah proses paling awal sebelum membuka direktori, yaitu dengan membuat sebuah direktori baru yang menjadi sub-tree dari tempat file system tersebut diletakkan, dimana sistem operasi membuat file dan direktori pada perangkat penyimpanan (seperti hard drive, CD-ROM, atau jaringan berbagi)."
149,3,1,2,1,0,tidak ada jawaban
150,3,8,2,8,0,Mounting adalah sebuah proses dimana sistem operasi membentuk suatu direktori yang menjadi sub-tree pada perangkat penyimpanan supaya pengguna bisa mengakses melalui sistem file komputer
151,3,10,2,10,0,mount adalah sebuah partisi. mounting merupakan proses mengaitkan sebuah sistem berkas yang baru ditemukan pada sebuah piranti ke struktur diretori utama yang sedang di pakai.
152,3,10,2,10,0,"Mounting merupakan tindakan mengasosiasikan storage device (flashdisk,HDD, dll) ke lokasi tertentu pada directory partisi"
153,3,10,2,10,0,"mounting adalah sebuah partisi : Mounting/ mount adalah perintah yang digunakan untuk membuka sebuah device yang akan digunakan. Di Linux, sebuah device disimpan sebagai folder di direktori /dev, dan untuk membukanya dilakukan proses Mounting yakni proses mengaitkan sebuah sistem device pada sebuah struktur direktori utama yang sedang dipakai. Device yang dimaksud disini adalah Hardisk. Penting diketahui tentang Penamaan partisi hardisk pada OS Linux, silahkan baca ini, Analogi Partisi dengan Struktur Direktory Linux."
154,3,8,2,8,0,Mounting adalah Tindakan membuat filesystem agar dapat diakses serta menyimpan lokasi mount volume dan membuat sub try baru.
155,3,6,2,6,0,"Mounting sebuah partisi atau volume adalah proses yang paling awal sebelum membuka sebuah direktori atau tindakan mengasosiasikan storage device, yaitu dengan membuat sebuah direktori baru yang menjadi sub-tree dari tempat file system tersebut diletakkan"
156,3,6,2,6,0,"proses paling awal sebelum membuka sebuah direktori, yaitu dengan membuat sebuah direktori baru yang menjadi sub-tree dari tempat file system tersebut diletakkan"
157,3,8,2,8,0,Mounting adalah sebuah proses alokasi Storage seperti Flashdisk/SSD/HDD pada sistem operasi agar file system dapat mengaksesnya pada directory dan diberi label (contohnya seperti F: atau D:).
158,3,6,2,6,0,"proses dimana sistem operasi membuat file dan direktori pada perangkat penyimpanan (seperti hard drive , CD-ROM , atau jaringan berbagi ) tersedia bagi pengguna untuk mengakses melalui sistem file komputer. Sebuah mount point adalah lokasi di partisi yang digunakan sebagai filesystem root"
159,3,10,2,10,0,"mounting adalah proses menyambungkan sebuah partisi atau volume ke sebuah pointer yang bisa diakses oleh sebuah sistem operasi. sebagai contoh, jika di Windows, proses mounting partisi akan disambung ke drive."
160,3,6,2,6,0,"Mounting adalah proses dimana sistem operasi membuat file dan direktori pada perangkat penyimpanan (seperti hard drive, CD-ROM, atau jaringan berbagi) tersedia bagi pengguna untuk mengakses melalui sistem file komputer."
161,3,8,2,8,0,Mounting adalah proses mengaitkan sebuah sistem berkas yang baru ditemukan pada sebuah piranti ke struktur diretori utama yang sedang di pakai.
162,3,6,2,6,0,Mounting merupakan proses sebelum membuka sebuah direktori yaitu dengan membuat sebuah direktori baru sebagai sub tree dari direktori yang akan dibuka.
163,3,1,2,1,0,Mounting adalah proses mengaktifkan sebuah sistem device yang sedang dipakai.
164,3,5,2,5,0,"Mounting adalah sebuah partisi, karena proses mounting ini yang membagikan atau mengkaitkan sebuah sistem berkas yang baru ditemukan pada sebuah piranti ke struktur direktori utama yang sedang dipakai."
165,3,6,2,6,0,"merupakan proses awal sebelum dibukanya sebuah direktori, yaitu dengan membuat sebuah direktori baru yang menjadi sub-tree dari tempat file system diletakkan."
166,3,4,2,4,0,Mounting adalah : melakukan pengaturan terhadap OS agar isi didalam partisi dapat berjalan di OS dan menempati posisi drive di OS
167,3,10,2,10,0,"mounting volume yang dinyatakan terbuka oleh SO server kemudian dapat di-mount pada struktur data SO klien. secara lokal dianggap sebagai cabang dari struktur data setempat, kemudian di-mount pada mount point yang ditunjuk oleh SO, misalnya network drive di Windows, kemudian SO klien menciptakan struktur data on-memory lokal (Virtual File System)"
168,3,8,2,8,0,mounting adalah sebuah proses memasukkan sebuah file jadi atau mentah kedalam mount table yang dilakukan melalui partisi sebuah file jadi atau mentah. kemudian pada saat pemasangan file akan diperiksa apakah metadatanya benar? jika tidak maka coba kembali dan jika iya maka file dimasukkan kedalam mount table dan access diberikan.
169,3,6,2,6,0,"Mounting adalah proses yang dilakukan ketika akan membuka sebuah direktori. Proses yang dilakukan adalah membuat direktori baru, direktori baru ini menjadi sub tree untuk tempat dari file sistem yang akan ditaruh."
170,3,6,2,6,0,proses paling awal sebelum membuka directory yaitu dengan membuat directory baru yang menjadi sub-tree dari tempat file system tersebut diletakan.
171,3,1,2,1,0,Mount adalah perintah untuk membuka sebuah device yang akan digunakan.
172,3,4,2,4,0,Mounting berarti mengatur sistem operasi agar dapat mengakses isi partisi dan menempatkannya pada drive tertentu di sistem operasi tersebut.
173,3,4,2,4,0,Mounting adalah sebuah partisi yang terkait dengan proses menghubungkan sistem berkas yang baru ditemukan pada perangkat tertentu ke dalam struktur direktori utama yang sedang aktif.
174,3,4,2,4,0,Mounting adalah partisi baru yang ditambahkan dalam suatu sistem direktori.
175,3,8,2,8,0,"Mounting adalah, melakukan setting terhadap OS agar isi didalam partisi, dapat berjalan di OS dan menempati posisi drive di OS. Biasanya terjadi di dalam menginstall game, seperti ingin menginstall game cyberpunk 2077 bajakan, jika bentuk partisinya harus dibuka menjadi drive, harus melakukan mounting terlebih dahulu."
176,4,10,3,10,0,Representasi fisik dalam konsep penyimpanan berkas di computer yaitu Keadaan ketika komputer mengakses data tertentu yang disimpan di media penyimpanan dengan menggunakan dan melihat lokasi atau lokasi fisiknya. Contohnya Ketika computer sedang membaca file pada sebuah hard disk. Representasi logis yaitu Ketika kita atau seseorang melihat file atau dokumen yang disimpan dalam folder tertentu pada drive atau partisi tertentu. Contohnya Ketika kita sedang membuka dan melihat file yang berada pada suatu folder di partisi D.
177,4,4,3,4,0,"Penyimpanan fisik adalah media penyimpanan merupakan peralatan fisik yang menyimpan representasi data dan terbagi dalam 2 golongan ya itu penyimpanan primer dan penyimpanan sekunder. Contoh : Harddisk, Flaskdisk; Representasi Logis adalah adalah proses yang membentuk kesimpulan dan menarik suatu inferensi berdasarkan fakta yang sudah ada. Contoh : Script, Informasi"
178,4,4,3,4,0,"Penyimpanan representasi fisik adalah media penyimpanan peralatan fisik yang menyimpan representasi data dan terbagi dalam 2 golongan yaitu primer dan sekunder. Penyimpanan representasi logis adalah, menggunakan logis formal untuk merepresentasikan basis pengetahuan. Representasi yang menggunakan logis yang paling banyak digunakan adalah representasi yang menggunakan kalkulus predikat orde pertama. Penyimpanan fisik : Harddisk ; Penyimpanan logis : data dan informasi"
179,4,4,3,4,0,"Representasi fisik dalam konsep penyimpanan berkas adalah penyimpanan yang bersifat fisik dan dapat digunakan untuk menyimpan berkas berkas dalam jangka waktu lama. Contohnya adalah Harddisk dan memori internal. Sedangkan Representasi logis adalah penyimpanan yang bersifat volatile, dan dapat di reset sewaktu waktu. Contohnya adalah RAM dan penyimpanan Cache di komputer."
180,4,4,3,4,0,"Representasi fisik adalah Spesifikasi Dari struktur data sesuai dengan implementasinya dalam memori komputer dan kesediaan dalam Bahasa pemrograman. Representasi Jenis ini menggunakan ekspresi-ekspresi dalam logila formal untuk merepresentasikan basis pengetahuan, pada dasarnya proses logika adalah proses membentuk kesimpulan dan menarik suatu inferensi berdasarkan fakta yang telah ada."
181,4,3,3,3,0,"Representasi Fisik itu bersifat selamanya dan Representasi Logis itu bersifat Volitile atau sementara. Contoh: Hard Disk, Memory Internal, dan lain-lain"
182,4,4,3,4,0,"Representasi fisik adalah media penyimpanan merupakan peralatan fisik yang menyimpan representasi data.terbagi menjadi 2 golongan yakni: Penyimpanan primer: kecepatan akses tinggi, kapasitas lebih kecil, dan harganya relatif mahal. Penyimpanan sekunder: kecepatan akses rendah, kapasitas besar, dan harganya relatif murah; Representasi logis adalah penggambaran data menggunakan mode Entity Relationship (E-R), model objek, model semantik, dan lain-lain."
183,4,4,3,4,0,"Representasi Fisik : Penyimpanan yang memiliki sifat fisik, dan menyimpan data yang besar dan banyak. Contoh : Flashdisk, Hardisk, dll ; Representasi Logis : Penyimpanan yang bersifat tidak permanen dan volatile. Contoh : Ram, Cache, dll"
184,4,3,3,3,0,Penyimpanan logis merupakan penyimpanan yang dihasilkan suatu program sedangkan penyimpanan fisik itu merupakan penyimpanan yang dapat dilihat oleh unit memori.Contoh penyimpanan logis itu tipe file blob sedangkan contoh penyimpanan fisik seperti folder yang berisi file2.
185,4,2,3,2,0,"Memori merupakan istilah generik yang merujuk pada media penyimpanan data sementara pada komputer. Setiap program dan data yang sedang diproses oleh prosesor akan disimpan di dalam memori fisik. Data yang disimpan dalam memori fisik bersifat sementara, karena data yang disimpan di dalamnya akan tersimpan selama komputer tersebut masih dialiri daya . Ketika komputer itu direset atau dimatikan, data yang disimpan dalam memori fisik akan hilang. Oleh karena itulah, sebelum mematikan komputer, semua data yang belum disimpan ke dalam media penyimpanan permanen, sehingga data tersebut dapat dibuka kembali di lain kesempatan Contohya Alamat logis dihasilkan oleh CPU, menurut buku. Saya berasumsi ketika kode dikompilasi untuk suatu program, program memiliki tidak ide di mana kode akan dimuat dalam memori. Semua yang dikompilasi dilakukan adalah membuat sketsa umum tata letak program dan bagaimana gambar harus ditata, tetapi tidak menetapkan alamat nyata untuk itu. Ketika program dijalankan, CPU mengambil gambar tata letak ini yang dibuat oleh kompiler dan membagikan beberapa alamat (yang logis) ke yang dihasilkan dari kode."
186,4,10,3,10,0,"Representasi fisik adalah bagaimana komputer menyimpan data dalam tempat/medium penyimpanan. Misalnya: ketika komputer menyimpan suatu file diletakkan pada sektor-sektor harddisk, sehingga ketika mengakses suatu file menggunakan lokasi fisik (sektor-sektor) file tersebut di medium penyimpanan, bisa secara random maupun sequential. Representasi logis adalah bagaimana user melihat penyimpanan yang telah terorganisir. Misalnya: ketika user menyimpan dan mengakses suatu file sebagai satu unit, yang terlihat adalah filename, juga folder dan drive tempat file tersebut disimpan."
187,4,9,3,9,0,"Komputer mengaskses dokumen tertentu yang disimpan pada media penyimpanan menggunakan lokasi atau lokasi fisiknya sedangkan representasi logis adalah individu melihat dokumen yang disimpan sebagai satu unit lengkap dalam folder tertentu pada drive tertentu. Contoh untuk penyimpanan logis yaitu kita menyimpan file di folder tertentu, sedangkan penyimpanan fisik itu lokasi tempat menyimpan suatu file seperti disc C dan lain-lain."
188,4,4,3,4,0,"Penyimpanan logis adalah jenis penyimpanan yang bersifat volatile dan tidak permanen. Contohnya: Cache, RAM. Penyimpanan fisik adalah penyimpanan yang tempatnya bersifat fisik dan bisa menyimpan banyak data. Contohnya : HDD, Flashdisk."
189,4,3,3,3,0,"Penyimpanan Logis adalah penyimpanan yang terdapat dalam laptop atau komputer, Sebagai contohnya adalah File Dokumen. Sedangkan penyimpanan fisik adalah penyimpanan yang dapat di bawa kemana mana sebagai contohnya adalah Flashdisk."
190,4,6,3,6,0,"Representasi fisik menunjukkan lokasi data di penyimpanan dengan alamat fisik, sementara representasi logis adalah nama jalur file yang mudah dipahami pengguna."
191,4,6,3,6,0,Penyimpanan logis mengacu pada cara pengguna mengorganisir dan mengakses file di komputer. Penyimpanan fisik berfokus pada bagaimana data sebenarnya disimpan di media penyimpanan.
192,4,6,3,6,0,"Representasi fisik adalah informasi yang disimpan dalam format biner di media penyimpanan. Representasi logis adalah cara data ditampilkan kepada pengguna, seperti melalui folder dan subfolder."
193,4,6,3,6,0,Penyimpanan fisik melibatkan struktur data di perangkat keras seperti SSD atau HDD. Penyimpanan logis adalah representasi data yang ditangani oleh pengguna melalui antarmuka sistem operasi.
194,4,6,3,6,0,"Representasi fisik mencakup informasi tentang di mana data disimpan secara fisik, sedangkan representasi logis adalah bagaimana data tersebut diorganisir dan diakses oleh pengguna dalam bentuk yang lebih mudah dipahami."
195,4,7,3,7,0,penyimpanan logis adalah dokumen yang disimpan sebagai satu unit lengkap dalam folder tertentu pada drive tertentu. Penyimpanan fisik adalah komputer yang mengakses dokumen tertentu yang disimpan pada media penyimpanan mengunakan lokasi atau lokasi fisik
196,4,7,3,7,0,"Representasi fisik yaitu komputer mengakses dokumen tertentu yang disimpan pada media penyimpanan menggunakan lokasi atau lokasi fisiknya. (contohnya: flashdisk, Hard Drive). Resprentasi logis yaitu individu melihat dokumen yang disimpan sebagai satu unit lengkap dalam folder tertentu pada drive tertentu. (contohnya: ram,cache)"
197,4,10,3,10,0,"Representasi Fisik : Komputer mengakses dokumen tertentu yang disimpan pada media penyimpanan menggunakan lokasi atau lokasi fisiknya. Struktur fisik sebenarnya dari data memori (urutan bit dalam memori). Berbentuk bit-bit dalam memori yang hanya dapat dibaca oleh komputer. Representasi Logis : Individu dapat melihat dokumen yang disimpan sebagai satu unit lengkap dalam folder tertentu pada drive tertentu. Cara abstrak agar program computer dapat mengakses data. Berbentuk folder-folder yang berisi file, dapat terlihat langsung pada layar monitor oleh pengguna."
198,4,4,3,4,0,"Representasi fisik merupakan penyimpanan data di dalam hardware atau alat penyimpanan yang berbentuk fisik contoh harddisk. Representasi Logika, menggunakan logika formal untuk merepresentasikan basis pengetahuan untuk menyimpan data contoh cloud. alamat logis memberikan lebih banyak kebebasan untuk aplikasi. Jika alamat fisik hard coded, maka keberhasilan program akan sangat bergantung pada mesin komputer fisik, tersedia RAM alamat."
199,4,4,3,4,0,"representasi fisik adalah penyimpanan yang berwujud fisik, contoh : Hard Drive, Flash Drive, RAM. Sedangkan representasi logis adalah yang ada di dalam system pemrosesan contohnya : Cache, Rom ; Representasi fisik bisa diubah dan berwujud fisik, representasi logis tidak dapat diubah."
200,4,4,3,4,0,A. Representasi fisik adalah spesifikasi dari struktur data sesuai dengan implementasinya dalam memori komputer dan kesediaan dalam Bahasa pemrograman. B. Representasi jenis ini menggunakan ekspresi ekspresi dalam logika formal untuk merepresentasikan basis pengetahuan. Pada dasarnya proses logika adalah proses membentuk kesimpulan dan menarik suatu interensi berdasarkan fakta yang telah ada
201,4,7,3,7,0,"Penyimpanan fisik adalah media penyimpanan yang menyimpan data secara fisik, contohnya hard disk. Penyimpanan logis adalah cara melihat data yang tersimpan dalam struktur folder tertentu."
202,4,7,3,7,0,"Representasi fisik adalah lokasi data di perangkat penyimpanan menggunakan alamat fisik. Representasi logis adalah cara pengguna mengakses data melalui struktur folder, seperti C:/dokumen/namafile.txt."
203,4,7,3,7,0,Penyimpanan logis adalah cara pengguna melihat dokumen di dalam folder tertentu pada drive. Penyimpanan fisik adalah lokasi data di media penyimpanan seperti hard drive atau flashdisk.
204,4,2,3,2,0,Representasi fisik dalam konsep penyimpanan berkas adalah penyimpanan yang bersifat fisik dan dapat digunakan untuk menyimpan berkas berkas dalam jangka Panjang contohnnya hardis dan memori internal.
205,4,4,3,4,0,A. Representasi fisik adalah spesifikasi dari struktur data sesuai dengan implementasinya dalam memori komputer dan kesediaan dalam Bahasa pemrograman. B. Representasi jenis ini menggunakan ekspresi-ekspresi dalam logika formal untuk merepresentasikan basis pengetahuan. Pada dasarnya proses logika adalah proses membentuk kesimpulan dan menarik suatu inferensi berdasarkan fakta yang telah ada. Penyimpanan Logis :
206,4,5,3,5,0,"Representasi fisik dalam konsep penyimpanan berkas adalah penyimpanan yang bersifat yang dapat digunakan untuk menyimpan berkas dalam jangka Panjang Contohnya adalah Harddisk dan memori internal. Sedangkan Representasi logis adalah penyimpanan yang bersifat volatile, dan dapat di ubah kapan saja. Contohnya adalah RAM dan penyimpanan Cache di komputer."
207,4,10,3,10,0,"Representasi fisik dalam konsep penyimpanan berkas di komputer merujuk pada bagaimana data benar-benar disimpan pada perangkat keras, seperti lokasi data pada blok-blok di hard drive atau SSD. Contohnya, data disimpan dalam sektor dan track pada disk. Representasi logis, sebaliknya, adalah bagaimana sistem operasi dan pengguna melihat dan mengelola data melalui struktur file dan direktori. Misalnya, saat kita melihat file ""document.txt"" dalam folder di desktop, itu adalah representasi logis, sementara secara fisik, file tersebut dipecah menjadi blok-blok data tersebar di berbagai lokasi pada disk. Perbedaan utamanya adalah bahwa representasi fisik berhubungan dengan bagaimana data tersimpan secara fisik, sementara representasi logis adalah tampilan abstraksi yang memudahkan akses dan manajemen data."
208,5,1,4,1,0,Desain sebuah protokol di mana proses-proses dapat menggunakannya secara bersama-sama.
209,5,3,4,3,0,Sebuah segmen kode dari sebuah proses yang sumber dayanya diakses bersamaan.
210,5,1,4,1,0,Critical Section merupakan sebuah segmen kode dari sebuah proses yang dimana terdapat hanya satu proses yang dapat dieksekusi pada satu waktu.
211,5,5,4,5,0,Urutan instruksi yang mungkin mendapatkan hasil yang salah jika dieksekusi secara bersamaan
212,5,5,4,5,0,Critical Section adalah sebuah segmen kode dari sebuah proses yang mana sumber daya diakses bersamaan.dan critical Section adalah bagian dari suatu proses yang akan melakukan akses dan manipulasi data.
213,5,8,4,8,0,"critical section adalah sebuah peristiwa yang terjadi ketika lebih dari satu proses/intruksi mengakses satu segmen code yang sama, sedangkan program hanya dapat menyelesaikan satu proses yang dieksekusi pada satu waktu, ketika proses/intruksi tersebut dijalankan disaat yang bersamaan ,memungkinkan terjadi suatu kesalahan pada sistem"
214,5,5,4,5,0,urutan instruksi yang mungkin mendapatkan hasil yang salah jika dieksekusi secara bersamaan.
215,5,3,4,3,0,"Critical section adalah bagian dalam suatu proses yang akan digunakan untuk melakukan akses dan manipulasi data, prosedur critical section di program computer tidak bisa dilakukan secara bersamaan dengan critical section terkait dari prosedur lain."
216,5,3,4,3,0,"Critical Section adalah bagian dari suatu proses yang akan melakukan akses dan manipulasi data. Ketika sebuah proses sedang dijalankan dalam critical section nya, tidak ada proses lain yang boleh dijalankan dalam critical section tersebut"
217,5,8,4,8,0,Critical Section adalah sebuah segmen kode dari sebuah proses yang mana sumber daya diakses bersamaan yang dapat membawa proses itu ke dalam race condition
218,5,1,4,1,0,"Critical section adalah desai sebuah protokol dimana proses-proses dapat dijalankan secara bersama-sama, juga dimana setiap proses tersebut harus meminta ijin untuk memasuki critical section. Code yang yang mengimplementasi ijin disebut entry section dan akhir dari critical section disebut exit section"
219,5,1,4,1,0,"critical section adalah Suatu system terdiri dari n proses dimana semuanya berkompetisi menggunakan data yang digunakan bersama-sama. Masing-masing proses mempunyai sebuah kode segmen,dimana proses memungkinkan untuk mengubah variabel umum, mengubah sebuah tabel, menulis file dan lain sebagainya."
220,5,1,4,1,0,Critical section adalah sebuah protokol yang di desain dimana proses-proses dapat menggunakannya secara bersama-sama dan setiap proses harus meminta izin jika ingin memasuki critical sectionnya.
221,5,1,4,1,0,Critical section adalah dengan mendesain sebuah protokol di mana proses-proses dapat menggunakannya secara bersama-sama. Setiap proses harus â€˜meminta izinâ€™ untuk memasuki critical section-nya. Bagian dari kode yang mengimplementasikan izin ini disebut entry section. Akhir dari critical section itu disebut exit section. Bagian kode selanjutnya disebut remainder section
222,5,5,4,5,0,critical section adalah kondisi dimana instruksi dilakukan secara bersama dan memiliki kemungkinan bahwa hasilnya salah/berbeda
223,5,1,4,1,0,Critical section adalah dengan mendesain sebuah protokol di mana proses-proses dapat menggunakannya secara bersama-sama. Setiap proses harus 'meminta izin' untuk memasuki critical section-nya.
224,5,1,4,1,0,"critical section adalah sekumpulan instruksi atau kode yang menjadi tempat untuk berbagai proses/thread menjalankan operasinya, dimana setiap operasi harus diselesaikan hingga tuntas dulu baru menyerahkan hak aksesnya ke proses/thread lain."
225,5,1,4,1,0,"Critical Section adalah sebuah segmen kode dari sebuah proses yang mana sumber daya diakses bersamaan. Terdiri dari: Entry Section: kode yang digunakan untuk masuk ke dalam critical section Critical Section: Kode di mana hanya ada satu proses yang dapat dieksekusi pada satu waktu Exit Section: akhir dari critical section, mengizinkan proses lain Remainder Section: kode istirahat setelah masuk ke critical section"
226,5,8,4,8,0,Critical section adalah bagian dari suatu proses yang akan melakukan akses dan manipulasi data. Critical section memiliki kode segmen dari proses-proses dapat menimbulkan terjadinya race condition dan kode segmen tersebut hanya dapat dieksekusi pada satu waktu.
227,5,1,4,1,0,Lebih dari satu proses akan berlomba untuk menggunakan sebuah data namun hanya satu proses yang dapat masuk ke dalam critical section.
228,5,1,4,1,0,Critical section adalah kode si mana satu proses yang dapat dieksekusi dalam satu waktu
229,5,1,4,1,0,critical section merupakan proses yang akan melakukan pengaksesan dan manipulasi data.
230,5,1,4,1,0,"critical section adalah saat thread menggunakan proses yang dapat diakses oleh thread lainnya, tetapi prosesnya tidak boleh digunakan pada waktu yang bersamaan"
231,5,3,4,3,0,"Bagian dari suatu proses yang akan melakukan akses dan melakukan manipulasi data. kondisinya adalah Ketika sebuah proses sedang dijalankan dalam critical section nya, tidak ada proses lain yang boleh dijalankan dalam critical section tersebut, karena akan menyebabkan keadaan mutually exclusive."
232,5,1,4,1,0,"bagian dari suatu proses yang akan melakukan akses dan manipulasi data. ketika sebuah proses sedang dijalankan dalam critical section nya, tidak ada proses lain yang boleh dijalankan dalam critical section tersebut."
233,5,5,4,5,0,Urutan instruksi yang mungkin mendapatkan hasil yang salah jika dieksekusi secara bersamaan
234,5,3,4,3,0,Critical section adalah segmen kode yang digunakan untuk mengakses data yang sama dalam saat bersamaan.
235,5,1,4,1,0,"critical section adalah kondisi dimana proses nya dapat dilakukan secara bersamaan terdapat beberapa tahap: entry section, critical section, exit section, remainder section"
236,5,1,4,1,0,"Critical Section adalah segmen kode dimana sebuah proses mengakses sumber daya secara bersama dimana critical section memiliki beberapa kode yaitu : entry section, critical section, exit section dan reminder section."
237,5,1,4,1,0,critcal section adalah yang mendesain sebuah protokol di mana proses-proses dapat menggunakannya secara bersamaan. Setiap proses harus meminta ijin untuk memasuki critical section-nya.
238,5,10,4,10,0,"Critical section adalah bagian dari kode program yang hanya boleh diakses oleh satu thread atau proses pada satu waktu untuk mencegah kondisi race atau konflik akses data bersama (shared resources). Ini penting dalam pemrograman paralel atau multithreading agar tidak terjadi inkonsistensi atau kesalahan ketika beberapa proses mencoba mengakses atau memodifikasi data secara bersamaan. Mekanisme seperti mutex, semaphores, atau locks biasanya digunakan untuk mengatur akses ke critical section."
239,5,10,4,10,0,"Critical section adalah bagian dari kode dalam program yang diakses secara bersamaan oleh beberapa proses atau thread, dan di mana operasi yang dilakukan harus dilakukan secara eksklusif untuk mencegah konflik. Jika lebih dari satu proses mencoba mengakses critical section pada saat yang sama, bisa terjadi kondisi race yang menyebabkan data tidak konsisten atau kesalahan lainnya. Untuk menghindarinya, mekanisme sinkronisasi seperti mutex, semaphore, atau monitor digunakan untuk mengontrol akses ke critical section dan memastikan bahwa hanya satu proses yang mengaksesnya pada waktu tertentu."
240,5,10,4,10,0,"Critical section adalah bagian dari kode dalam sebuah program yang diakses secara bersamaan oleh beberapa proses atau thread, dan hanya satu entitas yang boleh mengaksesnya pada satu waktu untuk menghindari kondisi race. Ini penting dalam lingkungan pemrograman multithreading atau multiproses, di mana beberapa proses dapat mengakses data bersama secara bersamaan. Mekanisme sinkronisasi seperti locks, semaphores, atau mutex digunakan untuk memastikan bahwa hanya satu proses yang bisa berada di dalam critical section pada satu waktu, sehingga mencegah inkonsistensi data atau perilaku yang tidak terduga."
241,5,10,4,10,0,"Critical section adalah bagian dari program yang mengakses dan memodifikasi data bersama (shared data) yang dapat diakses oleh beberapa thread atau proses secara bersamaan. Dalam konteks pemrograman dan sistem operasi, critical section harus dijaga agar hanya satu thread atau proses yang dapat mengaksesnya pada satu waktu untuk mencegah kondisi balapan (race condition) yang dapat menyebabkan data korupsi atau perilaku tidak terduga. Untuk mengelola akses ke critical section, mekanisme seperti semaphore, mutex, atau monitor sering digunakan untuk memastikan eksklusi mutual (mutual exclusion) dan sinkronisasi antar thread."
242,5,10,4,10,0,"Critical section adalah bagian dari kode dalam program yang mengakses dan memanipulasi sumber daya bersama (seperti variabel, file, atau perangkat keras) yang dapat diakses oleh beberapa proses atau thread secara bersamaan. Ketika satu proses atau thread berada dalam critical section, proses atau thread lain tidak diizinkan untuk memasuki bagian tersebut hingga proses pertama selesai. Hal ini bertujuan untuk mencegah kondisi balapan (race condition) dan memastikan integritas data, serta menjaga konsistensi sistem dengan menggunakan teknik sinkronisasi seperti mutex, semaphores, atau locks."
243,5,7,4,7,0,Critical section adalah bagian instruksi dari sebuah proses yang mengakses shared memory.
244,5,7,4,7,0,Critical section merupakan bagian dari segmen kode yang menggunakan sumber daya dari shared memory.
245,5,6,4,6,0,Critical section adalah kode program sebuah proses yang terjadi race condition.
246,5,6,4,6,0,Critical section adalah bagian kode dari proses yang akan error bila digunakan bersamaan.
247,5,6,4,6,0,Critical section adalah memory yang tidak bisa diakses secara bersamaan karena akan terjadi race condition.
248,5,6,4,6,0,Critical section merupakan bagian dari kode dalam proses yang akan menyebabkan kesalahan jika diakses secara bersamaan.
249,5,6,4,6,0,Critical section adalah instruksi dalam proses yang menghasilkan output yang tidak valid jika dieksekusi bersamaan dengan instruksi dari proses lain.
250,6,1,5,1,0,"Dengan algoritma peterson, proses-proses dapat masuk critical section dengan aman tanpa terganggu proses lain. Penyelesaian peterson dapat digeneralisasi untuk banyak proses kongkuren"
251,6,1,5,1,0,"Dengan algoritma peterson, prosesâ€“proses dapat masuk critical section dengan aman tanpa terganggu proses lain."
252,6,1,5,1,0,Karena algoritma peterson dapat digunakan untuk 2 atau lebih proses kongkuren sehingga dapat mengatasi penjadwalan di masing-masing setiap file selain itu karena adanya permasalahn penjadwalan juga dapat menggabungkan antara 2 algortima yaitu algoritma turn dan algoritma flag
253,6,10,5,10,0,"Karena gabungan dari algoritma turn, dan flag yang mengkombinasikan antara shared varianble turn ,dan flag dimana variabel turn menunjukkan giliran proses mana yang diperbolehkan memasuki critical section, dan variabel flag menunjukkan apakah suatu proses membutuhkan akses ke critical section atau tidak. kebutuhan mutual exclusion, progress, dan bounded waiting dan dapat memecahkan permasalahan critical section untuk dua proses."
254,6,1,5,1,0,karena algorintma peterson dapat menggunakan intruksi setlock dan juga menggunakan mesin yang khusus untuk dapat mengatasi masalah penjadwalan.
255,6,10,5,10,0,"karena algoritma peterson dapat mengatasi masalah critical section sehingga algoritma ini dapat menjamin mutual exclusion (mutex), progress, dan bounded waiting."
256,6,1,5,1,0,karena algoritma peterson dapat digunakan untuk mnegempingkan dan memungkinkan dua proses untuk berbagi satu sumber pengguna tanpa terjadinya konflik dan algoritma peterson hanya menggunakan memori bersama untuk komunikasi.
257,6,1,5,1,0,Karena dalam algoritma peterson ada 2 proses yaitu variabel turn dan variabel flag[i]. Urutan proses yang akan masuk ke critical section ditandakan dengan variabel turn sebagai integer. Untuk menentukan suatu proses sudah siap masuk atau belum ke dalam critical section ditandakan dengan variabel flag[i] sebagai boolean.
258,6,1,5,1,0,"Algoritma peterson terdapat 2 proses sebagai 2 variabel yaitu variabel turn sebagai integer yang menunjukan urutan proses yang akan masuk ke dalam critical section dan variabel flag[i] sebagai boolean yang menunjukan apakah suatu proses siap masuk ke dalam critical section, index mewakili satu proses"
259,6,7,5,7,0,"Algoritma Peterson menjamin mutual exclusion, progress, dan bounded waiting, sehingga dapat mengatasi penjadwalan di masing-masing setiap file."
260,6,7,5,7,0,"Algoritma ini menggunakan variabel turn dan flag untuk memastikan hanya satu proses yang boleh masuk ke critical section, mencegah konflik."
261,6,7,5,7,0,"Dengan algoritma Peterson, proses-proses dapat mengakses critical section tanpa gangguan dari proses lain, sehingga meningkatkan efisiensi penjadwalan."
262,6,7,5,7,0,Peterson mengatasi masalah critical section dengan cara memastikan tidak ada dua proses yang mengakses data secara bersamaan.
263,6,7,5,7,0,"Algoritma ini efektif untuk dua proses yang bersaing untuk akses ke sumber daya karena menjamin adanya mutual exclusion (mutex), memastikan keduanya dapat beroperasi secara teratur."
264,6,1,5,1,0,"karena memecahkan masalah critical section pada dua proses, yaitu menggabungkan variable Turn dan Flag. variabel turn menunjukkan giliran proses mana yang diperbolehkan memasuki critical section, dan variabel flag menunjukkan apakah suatu proses membutuhkan akses ke critical section atau tidak."
265,6,1,5,1,0,Karena algoritma peterson adalah algoritma yang bersamaan untuk pengecualian bersama yang memungkinkan dua atau lebih proses untuk berbagi sumber daya sekali pakai tanpa terjadi waiting dan konflik.
266,6,1,5,1,0,karena pada masalah penjadwalan terdapat penggabungan antara Algoritma Turn dan Algoritma Flag yang merupakan langkah2 atau proses dalam cara mengatasi masalah-masalah penjadwalan.
267,6,1,5,1,0,Karena pada algoritma Peterson proses-proses dapat masuk ke dalam critical section dengan aman tanpa terganggu proses lain. Pada awal sebelum memasuki critical section algoritma peterson akan melakukan pengecekan hingga kondisi proses aman dan saat pekerjaan selesai akan mengizinkan proses lain untuk masuk sehingga akan efektif untuk mengatasi masalah penjadwalan dan algoritma ini juga dapat digeneralisasi untuk banyak proses tidak hanya untuk dua proses.
268,6,1,5,1,0,Karena algoritma sangat di perlukan dalam pengatasan masalah dalam penjadawalan. algoritma ini juga dapat digunakan untuk 2 atau lebih proses kongkuren. dan mengatasi masalah cricital section
269,6,6,5,6,0,"Algoritma Peterson adalah kombinasi dari turn dan flag, yang membuat pengaturan akses menjadi lebih terstruktur."
270,6,6,5,6,0,Algoritma ini membolehkan proses untuk saling berkomunikasi dengan aman ketika mengakses sumber daya yang sama.
271,6,6,5,6,0,"Peterson memberikan solusi yang efisien untuk masalah eksklusi mutual, yang penting dalam sistem dengan banyak proses."
272,6,6,5,6,0,"Dengan algoritma ini, proses yang sedang tidak aktif tidak akan mengganggu proses yang sedang aktif, menjaga stabilitas."
273,6,6,5,6,0,"Algoritma Peterson mengatur giliran proses melalui variabel turn, yang membantu mencegah deadlock dan meningkatkan penjadwalan."
274,6,10,5,10,0,"Mengatasi masalah critical section dan menjamin Mutual Exclussion, Progress, dan Bounded Waitung"
275,6,1,5,1,0,"Mebelum memasuki critical section, proses memanggil enter_critical_section sebelum memasukinya proses memeriksa sampai kondisi aman untuk enter_critical_section terjadi busy waiting, setelah selesai di critical section, proses menandai pekerjaan telah selesai dan mengijinkan proses lain masuk."
276,6,5,5,5,0,"karena dengan algoritma Peterson, proses dapat masuk critical section dengan aman tanpa terganggu proses lain, sehingga menjamin mutual exclusion, sekaligus mengatasi masalah penjadwalan"
277,6,1,5,1,0,"karna mekanisme kerja algoritma peterson, ketika masuk critical section, proses memanggil enter critical section untuk memeriksa sampai kondisi aman masuk ke critical section, hal ini dinamakan bussy waiting. setelah selesai dipersika proses mengijinkan untuk masuk. hal inilah yang membuat masalah dari algoritma peterson terselesaikan."
278,6,1,5,1,0,"Karena dengan menggunakan algoritma peterson, proses-proses dapat masuk critical section dengan aman tanpa terganggu proses lain. Penyelesaian peterson dapat digeneralisasi untuk banyak proses kongkuren secara mudah, tidak hanya untuk dua proses."
279,6,1,5,1,0,"Pada algoritma peterson terdapat 2 proses sebagai 2 variabel yaitu variabel turn sebagai integer yang mengindikasikan urutan proses mana yang akan masuk ke dalam critical section dan variabel flag[i] sebagai boolean yang mengindikasikan apakah suatu proses siap untuk masuk ke dalam critical section, index pada variabel flag merepresentasikan satu proses."
280,6,1,5,1,0,Karena algoritma sebelum Peterson mengalami kegagalan dalam menyelesaikan masalah penjadwalan
281,6,1,5,1,0,"karena algoritma ini menggunakan instruksi test and set lock, dan juga menggunakan instruksi mesin yang khusus seperti instruksi exchange atau XCHG."
282,6,10,5,10,0,karena mampu mengatasi Critical Section serta ketiga masalah yaitu: -Mutual exclusion -Bounded waiting -Progress
283,6,10,5,10,0,"Penggunaan algoritma peterson membuat proses tersebut dapat masuk ke critical section secara aman tanpa halangan proses lain, maka dari itu gabungan dari algoritma turn (variabel turn menunjukkan giliran proses mana yang diperbolehkan memasuk Critical Section), dan flag (variable flag menunjukkan informasi proses kebutuhan akses ke Critical Section) dari kombinasi antara shared varianble turn, dan flag. kebutuhannya yaitu mutual exclusion, progress, dan bounded waiting. serta dapat memecahkan permasalahan critical section untuk dua proses."
284,6,1,5,1,0,"karena algoritma ini memungkinkan dua atau lebih proses untuk berbagi sumber daya sekali pakai tanpa konflik, menggunakan hanya memori bersama untuk komunikasi."
285,6,1,5,1,0,karena peterson merupakan algoritma gabungan dari turn dan flag.
286,6,10,5,10,0,"Karena pada algoritma Peterson berhasil mengatasi untuk masalah mutual exclussion, progress, dan bounded waiting. Sedangkan algoritma sebelumnya tidak mampu mengatasi ketiga masalah tersebut. Pada mutex percobaan 1/algoritma 1 dan mutex percobaan 2 masalah bounded waiting dan progress tidak berhasil diatasi. Sedangkan Peterson berhasil mengatasi ketiga-tiganya."
287,6,10,5,10,0,"mengatasi critical section dan menjamin mutual exclusion, progress, bounded waiting"
288,6,1,5,1,0,"Pada algoritma Peterson proses 0 akan masuk ke critical section untuk menandai array saat ingin masuk ke critical region, karena proses 1 tidak berkepentingan element interested tidak ditandai maka prosedur enter_critical_section segera dilaksanakan."
289,6,1,5,1,0,"Karna menggunakan algoritma peterson proses-proses dapat masuk critical section dengan aman tanpa terganggu proses lain. Karna merupakan gabungan dari Algoritma Turn dan Algoritma Flag. Sama seperti pada Algoritma Turn dan Flag, variabel turn menunjukkan giliran proses mana yang diperbolehkan memasuki Critical Section dan variable flag menunjukkan informasi proses kebutuhan akses ke Critical Section."
290,6,5,5,5,0,"Melalui algoritma Peterson, proses dapat masuk critical section secara aman tanpa terganggu oleh proses lain, yang menjamin mutual exclusion dan mengatasi masalah penjadwalan."
291,6,5,5,5,0,"Peterson's algorithm memastikan bahwa proses dapat masuk ke critical section dengan aman tanpa diganggu oleh proses lain, menjaga mutual exclusion dan menyelesaikan isu penjadwalan."
292,6,5,5,5,0,"Algoritma Peterson memungkinkan proses untuk masuk ke critical section dengan aman tanpa gangguan dari proses lain, yang menjamin terjadinya mutual exclusion serta mengatasi masalah penjadwalan."
293,6,5,5,5,0,"Dengan algoritma Peterson, proses dapat memasuki critical section dengan aman tanpa intervensi dari proses lain, sehingga memastikan mutual exclusion dan menyelesaikan masalah penjadwalan."
294,7,1,6,1,0,"penyedia antarmuka dari pelayanan-palayanan yang tersedia dengan Sistem Operasi. Â Berkomunikasi dengan SO adalah Memasukkan nama file input dan menampilkannya pada layar, menerima masukan seperti inputan data dari keyboard yang diketik, dan nama file output hasil dari ketikkan. Setelah dua nama file telah diperoleh program harus membuka file input dan membuat file output"
295,7,5,6,5,0,"system call adalah cara sebuah program pada level user untuk meminta pada sistem operasi untuk menjalankan sesuatu untuknya. Dan melalui set up argument untuk system call, user program bisa berkomunikasi dengan sistem operasi untuk melakukan system call."
296,7,1,6,1,0,- system call merupakan sebuah manajemen proses yang diperlukan untuk mengatur prose-proses yang sedang berjalan. - Cara user berkomunikasi dengan cara menggunakan sebuah program yang melalui sebuah shell dan shell tersebut akan menangkap perintah dari user dan perintah-perintah tersebut yang akan dikirimkan ke sistem operasi di kernel.
297,7,10,6,10,0,system call adalah peristiwa tata cara pemanggilan layanan OS oleh program aplikasi (meminta service dari kernel sistem operasi) melalui API yang disediakan oleh OS
298,7,5,6,5,0,"- system call adalah sebuah instruksi, mirip dengan instruksi ""add"" atau ""jump"". Pada tingkat tinggi, sebuah system call adalah cara sebuah program pada level user untuk meminta pada sistem operasi untuk menjalankan sesuatu untuknya. - Dapat berkomunikasi dengan SO dengan melalui Sistem operasi dengan seperti pengiriman sebuah sinyal intrupsi ke sistem lain."
299,7,3,6,3,0,API (Application Programming Interface)
300,7,1,6,1,0,tidak ada jawaban alias kosong
301,7,10,6,10,0,System call adalah tata cara pemanggilan di program aplikasi/software untuk memperoleh layanan yang disediakan oleh OS. Program aplikasi dapat berkomunikasi dengan sistem operasi melalui Application Program Interface (API) untuk melakukan system call.
302,7,3,6,3,0,System call adalah jembatan anatara program aplikasi dengan sistem operasi. program aplikasi akan melalui system call untuk berkomunikasi dengan sistem operasi.
303,7,1,6,1,0,"System Call merupakan, cara bagi program atau perangkat lunak untuk meminta service dari kernel sistem operasi. 1.Parameter dapat dilewatkan dalam register. 2.Ketika ada lebih banyak parameter daripada register, parameter dapat disimpan dalam blok dan alamat blok dapat diteruskan sebagai parameter ke register. 3.Parameter juga dapat didorong atau dikeluarkan dari tumpukan oleh sistem operasi."
304,7,5,6,5,0,"System call adalah instruksi ""add"" atau ""jump"", system call juga adalah cara sebuah program pada level user untuk meminta pada sistem operasi untuk menjalankan sesuatu. contoh program aplikasinya adalah API (Application Program Interface)"
305,7,10,6,10,0,"System call adalah tata cara pemanggilan di program aplikasi untuk memperoleh layanan yang disediakan oleh sistem operasi. kemudian pada System call dilakukan melalui API yang disediakan oleh OS, di mana cara penggunaan API ini biasanya diabstraksi dalam direktif (perintah) yang dimiliki oleh bahasa pemrograman yang digunakan saat menulis program aplikasi tersebut(Bukan pemanggilan langsung)."
306,7,10,6,10,0,System call adalah cara sebuah program pada level user untuk meminta pada sistem operasi untuk menjalankan sesuatu untuknya atau dengan kata lain system call adalah peristiwa pemanggilan layanan OS oleh program aplikasi. User program dapat berkomunikasi dengan SO untuk melakukan system call melalui API.
307,7,10,6,10,0,System call peristiwa pemanggilan layanan OS oleh program aplikasi untuk menjalankan sesuatu. User program dapat berkomunikasi dengan SO untuk melakukan system call melalui API.
308,7,10,6,10,0,system call adalah peristiwa pemanggilan layanan OS oleh program aplikasi. Program Aplikasi berkomunikasi dengan SO melalui API (Aplication Programing Interface).
309,7,1,6,1,0,System Call untuk manajemen proses diperlukan untuk mengatur proses-proses yang sedang berjalan. Kita dapat melihat penggunaan system calls untuk manajemen proses pada Sistem Operasi Unix. Contoh yang paling baik untuk melihat bagaimana system call bekerja untuk manajemen proses adalah Fork.
310,7,10,6,10,0,"system call adalah pemanggilan layanan yang ada pada sistem operasi oleh program aplikasi. System call dilakukan melalui API yang di sediakan oleh sistem operasi, yang penggunaannya biasanya diabstraksi dalam direktif (perintah) yang dimiliki oleh bahasa pemrograman yang digunakan program aplikasi."
311,7,10,6,10,0,"ï‚§ Layanan langsung sistem operasi ke pemrograman, disebut dengan system call atau pustaka (library) API (application programming interface). ï‚§ System call adalah tata cara pemanggilan di program aplikasi untuk memperoleh layanan yang disediakan oleh sistem operasi. ï‚§ System call berupa rutin sistem operasi untuk keperluan tertentu yang spesifik. ï‚§ Umumnya berisi trap (semacam sinyal interupsi perangkat lunak) untuk memanggil rutin tersebut ï‚§ Contoh UNIX ïƒ POSIX, Windows ïƒ Win 32 API"
312,7,5,6,5,0,"System call biasa dikenal sebagai ""syscall"" yang artinya sebuah instruksi, mirip dengan instruksi ""add"" atau ""jump"". Pada tingkat tinggi, sebuah system call adalah cara sebuah program pada level user untuk meminta pada sistem operasi untuk menjalankan sesuatu untuknya."
313,7,3,6,3,0,"System call merupakan penghubung antara proses dengan sistem operasi dan diproses menggunakan Application Program Interface (API). Untuk melakukan system call, user program / program aplikasi hanya perlu untuk mematuhi API dan memahami apa yang akan dilakukan oleh sistem operasi sebagai pemanggilan hasil."
314,7,10,6,10,0,"System call digunakan untuk memanggil layanan SO, melalui API yang disediakan oleh SO"
315,7,5,6,5,0,"system call merupakan suatu instruksi yang kepada sistem untuk melakukan sesuatu, sehingga kita dapat memanggil fungsi di kernel yang melakukan panggilan sistem secara langsung melalui mekanisme khusus sistem."
316,7,10,6,10,0,"system call merupakan suatu instruksi yang memanggil perintah untuk sistem operasi dari program aplikasi, untuk dapat berkomunikasi dengan sistem operasi maka membutuhkan API"
317,7,1,6,1,0,"System Call adalah, cara bagi program atau perangkat lunak untuk meminta servis dari kernel sistem operasi. 1.Parameter dapat dilewatkan dalam register. 2.Ketika ada lebih banyak parameter daripada register, parameter dapat disimpan dalam blok dan alamat blok dapat diteruskan sebagai parameter ke register. 3.Parameter juga dapat didorong atau dikeluarkan dari tumpukan oleh sistem operasi."
318,7,5,6,5,0,"system call adalah cara dimana program komputer meminta layanan dari sistem operasi yang menjalankannya. dengan melalui shell, maka user dapat memberi perintah-perintah yang akan dikirim ke sistem operasi, sehingga shell ini merupakan layer yang menerima interaksi dari user secara langsung"
319,7,10,6,10,0,system call merupakan peristiwa pemanggilan layanan OS oleh program aplikasi cara user program berkomunikasi dengan sistem operasi menggunakan API (apllication programming interface)
320,7,10,6,10,0,System call dapat dikatakan sebagai sebuah jembatan yang menghubungkan antara sistem operasi dan program aplikasi. Ketika sebuah program ingin menggunakan layanan dari OS maka layanan itu dipanggil melalui system call. Biasanya pemanggilan system call oleh aplikasi ini melalui API atau Application Programming Interface.
321,7,10,6,10,0,"system call adalah peristiwa pemanggilan layanan OS oleh aplikasi untuk menjalankannya user program : API (Win32 API di windows, POSIX API untuk unix, Java API untuk JVM, dll)"
322,7,5,6,5,0,System Call adalah sebuah instruksi yang mirip dengan instruksi 'add' atau 'jump'. System Call pada level user akan meminta pada sistem operasi untuk menjalankan sesuatu untuknya. System Call akan melakukan call function pada kernel untuk dapat berkomunikasi dengan sistem operasi.
323,7,5,6,5,0,"system call adalah cara sebuah program atau perangkat lunak pada level user untuk meminta service dari kernel sistem operasi. Contoh disaat kita membutuhkan atribut dari sebuah dari suatu folder, disaat proses penggunaan memori pada os, dan program."
324,7,7,6,7,0,System call terjadi Ketika program aplikasi memanggil service dari sistem operasi.
325,7,7,6,7,0,System call adalah situasi dimana layanan dari sistem operasi dipanggil oleh program.
326,7,8,6,8,0,System call adalah kondisi di mana sebuah program memanggil layanan yang disediakan oleh sistem operasi untuk menjalankan suatu tugas. Hal ini terjadi ketika program aplikasi memerlukan bantuan dari sistem operasi.
327,7,8,6,8,0,System call terjadi ketika sebuah program aplikasi meminta layanan dari sistem operasi. Ini adalah kondisi di mana program memanggil fungsi yang disediakan oleh sistem operasi untuk menjalankan tugas tertentu.
328,7,8,6,8,0,System call terjadi ketika program aplikasi meminta layanan dari sistem operasi. Ini merupakan kondisi di mana sebuah program mengakses fungsi atau layanan yang disediakan oleh sistem operasi.
329,7,6,6,6,0,System call terjadi Ketika aplikasi memanggil API milik sistem operasi.
330,7,6,6,6,0,System call terjadi ketika aplikasi mengakses API yang disediakan oleh sistem operasi.
331,7,6,6,6,0,System call muncul ketika aplikasi menggunakan API yang disediakan oleh sistem operasi.
332,7,6,6,6,0,System call terjadi saat aplikasi melakukan panggilan ke API yang dimiliki oleh sistem operasi.
333,7,6,6,6,0,System call terjadi ketika aplikasi melakukan permintaan ke API yang dimiliki oleh sistem operasi. Aplikasi berinteraksi dengan sistem operasi melalui system call.
334,8,10,7,10,0,1. Masa Prakatekumenat - Masa pemurnian motivasi calon 2. Masa Katekumenat - masa pengajaran dan pembinaan iman serta latihan hidup dalam jemaat 3. Masa persiapan akhir - Masa khusus untuk mempersiapkan diri menerima sakramen 4. Masa Mistagogi - Masa pembinaan lanjutan setelah seseorang menerima sakramen baptis
335,8,8,7,8,0,-Masa Prakatekumenat (Masa pemurnian motivasi calon) -Masa Katekumenat (Masa pembinaan) -Masa Mistatogi (Masa persiapan seseorang untuk memperoleh sakramen inisiasi) -Masa pembinaan lanjutan (Masa pembinaan lanjutan setelah menerima sakramen)
336,8,10,7,10,0,"_ DALAM PROSES PEMBAPTISAN DEWASA ADA TAHAPAN-TAHAPAN YANG HARUS DILALUI YAKNI:_ _A) MASA PRAKATEKUMENAT: _masa pemurnian motivasi calon, yang diakhiri dengan upacara tahap pertama: pelantikan menjadi katekumen. _B) MASA KATEKUMENAT: _masa pengajaran dan pembinaan iman serta latihan hidup dalam jemaat yang diakhiri dengan upacara tahap kedua: Upacara pengukuhan Katekumenat terpilih, _C) MASA PERSIAPAN_ _TERAKHIR_ : yakni masa khusus untuk mempersiapkan diri menerima sakramen–sakramen inisiasi dan diakhiri dengan tahap ketiga Upacara peneriman sakramen baptis. _D) MASA MISTAGOGI_: masa pembinaan lanjutan setelah seseorang menerima sakramen baptis."
337,8,10,7,10,0,1. Masa Pra-Katekumenat = Masa pemurnian motivasi calon baptis 2. Masa Katekumenat = Masa pembinaan dan pengajaran iman serta latihan hidup dalam jemaat 3. Masa perispan terakhir merupakan masa khusus untuk mempersiapkan diri menerima sakramen inisiasi dan tahapan ini diakhiri dengan upacara pembaptisan 4. Masa mistagogi = Masa pembinaan lanjutan setelah seseorang menerima sakramen baptis
338,8,10,7,10,0,1. Masa Prakatekumenat : Masa pemurnian motivasi calon. 2. Masa Katekumenat : Masa pengajaran dan pembinaan iman serta latihan hidup dalam jemaat. 3. Persiapan Terakhir : Masa khusus untuk mempersiapkan diri menerima sakramen-sakramen inisiasi dan diakhiri dengan upacara tahap ke tiga yaitu upacara penerimaan Sakramen Baptis. 4. Masa Mistagogi : Masa pembinaan lanjutan setelah seorang menerima Sakramen Baptis.
339,8,10,7,10,0,Dalam baptis dewasa terdapat beberapa tahapan 1. Masa pratekumenat diakhiri dengan upacara tahap pertama yaitu pelantikan katekumen 2. Masa katekumenat diakhiri dengan upacara tahap kedua yaitu upacara pengukuhan katekumenat terpilih 3. Masa persiapan terakhir diakhiri dengan upacara tahap ketiga yaitu penerimaan sakramen baptis 4. Masa mistagogi yaitu masa pembinaan lanjutan setelah seseorang menerima sakramen baptis
340,8,10,7,10,0,"1. Masa prakatekumenat, diakhiri dengan upacara tahap pertama, yaitu pelantikan menjadi katekumen. 2. Masa katekumen, diakhiri dengan upacara kedua, yaitu pengukuhan katekumen terpilih. 3. Masa persiapan terakhir, diakhiri dengan upacara ketiga, yaitu upacara penerimaan sakramen baptis. 4. Masa mistagogi, yaitu masa pembinaan lanjutan setelah seseorang menerima sakramen baptis."
341,8,10,7,10,0,1. Masa Prakatekumenat Diakhiri dengan upacara tahap pertama. Pelantikan katekumen. 2. Masa Katekumenat Diakhiri dengan upacara tahap kedua. Pengukuhan terhadap katekumenat terpilih. 3. Masa Persiapan Akhir Diakhiri dengan upacara tahap ketiga. Penerimaan sakramen Baptis. 4. Masa Mistatogi Masa pembinaan lanjut bagi yang sudah menerimanya.
342,8,10,7,10,0,1.Masa Pratakumenat : masa permuniaan motivasi calon 2.Masa Katakumenat : masa pengajaran dan juga pembinaan iman serta latihan hidup dalam jemaat 3.Masa persiapan terakhir yaitu masa khusus untuk mempersiapkan diri menerima sakramen inisiasi dan diakhiri dengan penerimaan babtis 4.Masa Mistagogi : masa pembinaan lanjutan setelah seseorang menerima sakramen baptis
343,8,8,7,8,0,tahapan-tahapan yang harus dilalui dalam proses baptis dewasa di antaranya: 1) masa prakatekumenat: masa pemurnian motivasi calon 2) masa katekumenat: persiapan terakhir yakni masa khusus untuk mempersiapkan diri menerima sakramen-sakramen inisiasi 3) masa pembinaan lanjutan setelah sesorang menerima sakramen baptis 4) masa pengajaran dan pembinaan iman serta latihan hidup dalam jemaat
344,8,10,7,10,0,Masa Prakatekumenat ; masa pemurnian motivasi calon Masa Katekumenat ; masa pengajaran dan pembinaan iman dan latihan hidup dalam jemaat Masa persiapan terakhir ; masa khusus untuk mempersiapan diri menerima sakramen inisiasi dan diakhiri dengan penerimaan baptis Masa mistagogi ; masa pembinaan lanjutan setelah seorang menerima sakramen baptis
345,8,8,7,8,0,"1. Masa Prekatekumenat yaitu masa pengajaran pertama, yaitu mendapatkan pengajaran dan pembinaan iman. 2. Masa Katekumenat yaitu masa pembinaan kedua, yaitu lanjutan setelah menlakukan Sakramen Baptis. 3. Masa Mistagogi yaitu masa tahap ketiga terakhir, yaitu masa khusus menerima Sakramen-sakramen inisiasi dan diakahiri dengan Sakramen Baptis."
346,8,10,7,10,0,1. Prakatekumenat Masa prakatekumenat adalah masa pemurniaan motivasi calon. 2. Katekumenat Masa Katekumenat adalah masa pembinaan lanjutan seseorang menerima Sakramen Babtis. 3. Masa Persiapan Terakhir Masa khusus untuk mempersiapkan diri menerima sakramen inisiasi dan diakhiri dengan tahap ketiga penerimaan sakramen Babtis. 4. Masa Mistagogi Masa pengajaran iman dan pembinaan Imam serta latihan hidup dalam jemaat.
347,8,10,7,10,0,Masa prakatekumenat : masa permunian motivasi calon Masa katemumenat : masa pengajaran dan pembinaan iman serta latihan hidup Masa persiapan terakhir : masa Khusus untuk mempersiapkan diri menerima sakramen inisiasi Masa mistagogi : masa pembinaan lanjutan setelah seseorang menerima sakramen baptis
348,8,5,7,5,0,Masa Pra-Katekumenat (1 Bulan) Masa Katekumenat (3 Bulan) Masa Katekis (2 Bulan) Penerimaan Sakramen Babtis (1 Bulan) Masa pembinaan lanjutan setelah menerima sakramen Baptis (5 Bulan)
349,8,3,7,3,0,"edukasi, didoakan, dicelupin"
350,8,5,7,5,0,tahapan proses yang harus dilalui sebelum babtis dewasa adalah mengikuti masa katelumenat yakni masa katekumenat masa terakhir yakni masa khusus mempersiapkan diri untuk menerima sakramen-sakramen inisiasi dan tahap ketiga upacara sakramen upacara pembaptisan.
351,8,10,7,10,0,"1) Masa Prakatekumenat Masa ini adalah masa upacara tahap awal, yaitu pelantikan menjadi katekumen atau calon baptis 2) Masa Katekumenat Masa ini adalah masa pembinaan dan pelajaran untuk calon baptis 3) Masa Persiapan terakhir Masa ini adalah diterimanya upacara terakhir, yaitu penerimaan Sakramen Baptis 4) Masa Mistagogi Masa ini adalah masa pembinaan lanjutan setelah menerima Sakramen Baptis"
352,8,10,7,10,0,masa prakatekumenat : masa pemurnian motivasi calon yang diakhiri dengan thap katekumen masa katekumenat : masa pengajaran iman serta latihan hidup jemaat yang di selesaikan upacara pengukuhan ketekumenat yang terpilih masa persiapan terakhir : masa yang khusus mempersiapkan diri menerima sakramen babtis masa mistagogi : masa pengajaran/pembinaan lanjuta setelah menerima sakramen babtis
353,8,8,7,8,0,* Masa Prakatekumenat : Masa pemurnian calon * Masa Katekumenat : Masa pengajaran iman serta latihan hidup dalam jemaat * Masa Persiapan Terakhir : Masa khusus untuk mempersiapkan diri menerima sakramen Baptis * Upacara Terakhir : Upacara penerimaan sakramen Baptis
354,8,10,7,10,0,a)Masa Prakatekumenat: masa pemurnian motivasi calon b) Masa Katekumenat: masa pengajaran dan pembinaan iman serta latihan hidup dalam jemaat c)Masa persiapan terakhir yakni masa khusus untuk mempersiapkan diri menerima sakramen–sakramen inisiasi d) Masa mistagogi: masa pembinaan lanjutan setelah seseorang menerima sakramen baptis.
355,8,9,7,9,0,"MASA PRAKATEKUMENAT: Masa dimana calon baptis dimurnikan Masa katekumenat: Masa pengajaran dan pembinaan iman serta latihan hidup dalam jemaat Masa persiapan terakhir: Masa khusus untuk mempersiapkan diri menerima sakramen sakramen inisiasi dan di akhiri dengan upacara ketiga, yaitu penerimaan sakramen baptis Masa mistagogi: Masa pembinaan lanjutan seseorang setelah penerimaan sakrmen baptis"
356,8,7,7,7,0,-Masa Pratakumenat Masa pemurnian motivasi calon -Masa katekumenat Masa pengajaran dan pembinaan iman serta latihan hidup dalam jemaat -Masa Akhir Masa pembinaan lanjutan setelah seseorang menerima sakramen -Masa lingutinal Peresiapan terakhir yakni masa khusus untuk mempersiapkan diri untuk menerima sakramen-sakramen inisasi dan diakhiri dengan tahap ketiga Upacara menerimaan sakramen baptis
357,8,10,7,10,0,"Tahap-tahapan baptis dewasa : 1) Masa Praktekumenat : Masa pemurnian motivasi calon, yang diakhiri dengan upacara tahap pertama 2) Masa Katekumenat : Masa pengajaran dan pembinaan iman, serta latihan hidup dalam jemaat yang diakhiri dengan upacara tahap kedua 3) Persiapan terakhir : Masa khusus untuk mempersiapkan diri menerima sakramen sakramen Inisiasi dan diakhiri dengan tahap ketiga Upacara penerimaan sakramen baptis 4) Masa mistagogi : Masa pembinaan lanjutan setelah seseorang menerima sakramen baptis"
358,8,10,7,10,0,1. Masa Pratekumenat: Masa pemurnian motivasi calon dan diakhiri dengan upacara pelantikan 2. Masa Katekumenat: Masa pengajaran dan pembinaan iman serta latihan hidup dalam jemaat 3. Masa persiapan terakhir yakni masa khusus persiapan diri sendiri sebelum menerima sakramen-sakramen inisiasi dan diakhiri dengan Upacara pembaptisan 4. Menerima sakramen baptis 5. Masa Mistagogi: Masa pembinaan lanjutan setelah menerima sakramen baptis
359,8,3,7,3,0,* kita harus masuk ke dalam tempat yang ada air seperti kolam renang atau sungai * kemudian kita meletakan kedua tangan kita bersilangan arah/sampai membentung huruf x * kemudian kita akan di bacakan ayat-ayat kudus * kemudian kita akan di masukan\di celupkan ke dalam air * kemudian setelah itu kita akan di angkat oleh pastur untuk bangkit * setelah itu kita akan keluar dari air di sungai atau kolam renang itu * setelah itu kita suda dianggap telah melaksanakan babtis dewasa * dan dengan demikian babtis dewasa sudah selesai untuk di lakukan
360,8,10,7,10,0,"a) Masa Prakatekumenat: masa pemurnian motivasi calon, diakhiri dengan pelantikan menjadi katekumen. b) Masa Katekumenat: masa pengajaran dan pembinaan iman dalam jemaat, diakhiri dengan pengukuhan Katekumenat terpilih. c) Masa persiapan terakhir: masa khusus persiapan menerima sakramen inisiasi, diakhiri dengan penerimaan sakramen baptis. d) Masa Mistagogi: masa pembinaan lanjutan setelah menerima sakramen baptis."
361,8,10,7,10,0,tahapan-tahapan yang harus dilalui dalam proses Baptis dewasa adalah 1.Masa Pratekumenat Di tahap ini diakhiri dengan upacara tahap pertama pelantikan Katekumen. 2.Masa Katekumenat Di tahap yang kedua ini diakhiri dengan upacara tahap kedua pengukuhan terhadap katekumenat terpilih. 3.Masa persiapan akhir Tahapan ini diakhiri dengan upacara tahap ketiga penerimaan sakramen baptis. 4.Masa Mistatogi Tahap terakhir adalah masa pembinaan lanjut bagi yang sudah menerimannya.
362,8,10,7,10,0,1. masa prakatekumenat: masa pemurnian motivasi calon 2. masa katekumenat:masa pengajaran dan pembinaan iman lewat latihan hidup dalam jemaat 3. masa upacara terakhir: masa khusus untuk mempersiapkan diri untuk menerima sakramen inisiasi 4. masa mistagogi: masa lanjutan setelah menerima sakramen baptis
363,8,10,7,10,0,A.) Prakatekumenat = masa pemurnian motivasi calon diakhiri dengan upacara tahap pertama adalah menjadi katukumen. B.) Katekumenat = masa pembinaan atau pengajaran iman diakhiri dengan upacara tahap kedua adalah pengukuhan katekumen terpilih. C.) Masa Persiapan Terakhir = masa mempersiapkan diri untuk menerima sakramen-sakramen iniasi diakhiri dengan upacara tahap ketiga adalah penerimaan sakramen baptis. D.) Masa Mistagogi = masa pembinaan lanjutan setelah menerima sakramen baptis.
364,8,3,7,3,0,1. Mengakui dengan jujur bahwa telah melakukan kesalahan/dosa 2. Berjanji untuk tidak mengulangi kesalahan/dosa yang pernah dilakukan 3. melakukan pertobatan
365,8,10,7,10,0,Tahapan-tahapan yang harus dilalui dalam proses Babtis Dewasa adalah: 1. Masa Prakutemenat: Masa untuk memotivasi calon Babtis. 2. Masa Katekumenat: Masa untuk memberikan pembinaan dan pengajaran iman serta latihan hidup dalam Jemaat. 3. Masa persiapan terakhir: Masa yang secara khusus yang mempersiapkan diri menerima sakramen-sakramen inisiasi. 4. Masa mistagogi: Masa pembinaan lanjutan setelah menerima sakramen babtis.
366,8,3,7,3,0,1. Mengakui segala dosa/kesalahan 2. Diberkati dan berdoa 3. Bebas dari dosa 4. Tidak mengulangi dosa
367,8,10,7,10,0,Tahapan yang harus di lakukan dalam proses Baptis Dewasa : 1. Masa Prakatekumenat : Masa pemurnian motivasi calon baptis 2. Masa Katekumenat : Masa pembinaan calon baptis 3. Masa persiapan terakhir : Masa terakhir sebelum menerima sakramen baptis 4. Masa mistagogi : Masa pembinaan lanjutan setelah menerima sakramen baptis
368,8,9,7,9,0,"* masa pra-katekumenat : masa pemurnian motivasi calon * masa katekumenat : masa pengajaran dan peminaan iman, serta latihan hidup dalam jemaat * masa akhir : masa khusus persiapan akhir untuk mempersiapkan diri menerima sakramen-sakramen inisiasi dan diakhiri dengan tahap ke tiga upacara penerimaan sakramen baptis * mistagogi : masa pembinaan lanjutan setelah seseorang menerima sakramen baptis"
369,8,10,7,10,0,Masa Prakatakumenat: Masa pemurnian motivasi calon Masa Katakumenat: Masa pengajaran dan pembinaan iman serta latihan hidup dalam jemaat Masa Persiapan Terakhir: Masa untuk mempersiapkan penerimaan sakramen-sakramen inisiasi dan diakhiri dengan upaccara tahap ketiga yaitu upacara penerimaan sakramen baptis Masa Mistagogi: Masa pembinaan lanjutan setelah seseorang menerima sakramen baptis
370,8,9,7,9,0,1. Masa Prakatekumenat: Masa pemurnian motivasi calon. 2. Masa Katekumenat: Masa pengajaran dan pembinaan iman serta latihan hidup dalam jemaat. 3. Masa Persiapan Terakhir: Masa khusus mempersiapkan diri menerima sakramen-sakramen inisiasi. 4. Masa Mistagogi: Masa pembinaan lanjutan setelah menerima sakramen baptis.
371,8,10,7,10,0,PROSES BAPTIS DEWASA 1) Masa praketekumenat -> masa permunian motivasi untuk calon baptis 2) Masa katekumenat -> Masa pengajaran untuk calon baptis agar siap untuk menerima sakramen baptis 3) Masa persiapan terakhir -> Masa persiapan terakhir untuk menerima sakrameb baptis. masa ini di diakhiri dengan penerimaan baptisan 3) Masa mistagogi -> Masa pembinaan lanjutan setelah menerima sakramen baptis
372,8,10,7,10,0,1. Masa prakatekumenat - Masa pemurnian motivasi calon 2. Masa katekumen - masa pelajaran atau pengajaran untuk calon baptis 3. Masa persiapan terakhir untuk menerima sakramen-sakramen inisiasi dan ketiga diakhiri dengan upacara pembaptisan 4. Masa mistagogi - pembinaan lanjutan setelah menerima sakramen baptis
373,8,10,7,10,0,"TAHAPAN-TAHAPAN YANG HARUS DILALUI DALAM PROSES BAPTIS DEWASA : * Masa Prakatekumenat : Yaitu masa pemurnian motivasi calon baptis yang diakhiri upaca tahap pertama, yaitu pelantikan menjadi Katekumen * Masa Katekumenat : Yaitu masa pembinaan dan pengajaran iman serta latihan hidup dalam jemaat yang diakhiri upacara tahap kedua, yaitu pengukuhan Katekumenat * Masa Persiapan terakhir : Yaitu masa khusus bagi Katekumenat untuk mempersiapkan diri menerima Sakramen Inisiasi yang diakhiri upacara tahap ketiga, yaitu penerimaan Sakramen baptis * Masa Mistagogi : Yaitu masa pembinaan lanjutan setelah menerima Sakramen Baptis"
374,8,10,7,10,0,"1. masa prakatekumenat, diakhiri dengan upacara pertama, yaitu pelantikan menjadi katekumen 2. masa katekumen, diakhiri dengan upacara kedua, yaitu pengukuhan katekumen terpilih 3. masa persiapan terakhir, diakhiri dengan upacara ketiga, yaitu upacara penerimaan sakramen baptis 4. masa mistagogi, yaitu masa pembinaan lanjutan setelah seseorang menerima sakramen baptis"
375,8,5,7,5,0,1.masa katekumenet (pemurnian motivasi calon) 2.lalu upaca terakhir penyiraman air ke kepala lalu pastur
376,8,5,7,5,0,1. masa pratakumenat 2. masa kumenat 3. masa upacara pembaptisan 4. masa misagogi yaitu masa pelantikan setelah upacara pembaptisan
377,8,10,7,10,0,"Sebelum mengikuti proes Baptis Dewasa, seorang calon akan melalui masa masa berikut yaitu :: a) Masa Prakatekumenat : masa ini adalah masa memotivasi calon dan diakhiri dengan proses tahap 1 b). Masa Katekumenat : ini masa dimana seorang calon akan dibina imannya dan mengikuti latihan hidup didalam jemaat. Proses ini akan diakhiri dengan proses tahap 2 c). Masa Persiapan Akhir : ini merupakan masa dimana calon akan mempersiapkan diri nya sebelum menerima sakramen sakramen inisiasi dan sakramen baptis d). Masa Mistagogi : adalah masa terakhir yaitu pembinaan iman lanjut kepada seorang calon yang telah dibaptis agar dapat hidup didalam Kristus"
378,8,10,7,10,0,"1). Masa Prakatekumenat, diakhiri dengan upacara tahap pertma, yaitu pelantikan menjadi katekumen. 2). Masa Katekumenat, diakhiri dengan upacara tahap kedua, yaitu upacara pengukuhan katekumenat terpilih. 3). Masa Persiapan Terakhir, diakhiri dengan upacara tahap ketiga, yaitu upacara untuk menerima Sakramen Baptis. 4). Masa Mistagogi, yaitu seseorang yang telah menerima Sakramen Baptis"
379,8,10,7,10,0,1. Masa Prakatekumenat: Masa pemurnian motivasi calon. 2. Masa Katekumenat: Masa pengajaran dan pembinaan iman serta latihan hidup dalam jemaat. 3. Masa persiapan terakhir: Persiapan terakhir yakni masa khusus untuk mempersiapkan diri menerima sakramen-sakramen inisiasi dan diakhiri dengan tahap ketiga Upacara penerimaan sakramen baptis. 4. Masa Mistagogi: Masa pembinaan lanjutan setelah seseorang menerima sakramen baptis.
380,8,10,7,10,0,"1. Masa prakatekumenat,diakhiri dengan tahap pertama,yaitu masa permunian calon 2. Masa katekumenat,diakhiri dengan tahap kedua,yaitu upacara pengajaran dan pembinaan iman serta latihan hirup dalam jemaat 3. Masa persiapan terakhir,diakhiri dengan tahap ketiga, yaitu upacara penerimaan Sakramen Baptis 4. Masa mitagogi,yaitu masa pembinaan upacara setelah seseorang menerima Sakramen Baptis"
381,8,7,7,7,0,1.masa prakatekumenat 2.masa katekumenat 3. masa persiapan akhir 4. masa mistagogi
382,8,4,7,4,0,1. Katekumenat 2. Prakatekumenat
383,8,10,7,10,0,1. Masa Prakatekumenat : Masa pembinaan motivasi calon 2. Masa Katekumenat : Masa pengajaran dan pembinaan iman serta latihan hidup 3. Masa Persiapan Terakhir yakni masa khusus untuk mempersiapkan diri menerima sakramen - sakramen inisiasi 4. Masa Mistagogi : Masa pembinaan lanjutan setelah menerima sakramen baptis
384,8,10,7,10,0,Masa Prakatekumenat : masa pengajaran dan pembinaan iman serta latihan hidup dalam jemaat. Masa Katekumen : masa pemurnian motivasi calon. Masa Persiapan Terakhir : masa khusus untuk mempersiapkan diri menerima sakramen-sakramen inisiasi dan diakhiri dengan tahap ketiga upacara penerimaan Sakramen Babtis. Masa mistagogi : Masa pembinaan lanjutan setelah seseorang menerima Sakramen Babtis.
385,8,5,7,5,0,-Masa prakatekumat -Masa katekumen -Masa pelajaran terakhir -mistagogi
386,8,9,7,9,0,1.Pra-katekumenat motivasi dalam pembelajaran lalu diadakan upacara kesatu untuk menjadi 2. katekumenat sebagai pembelajaraan dalam pembatisan yang diakhiri dengan upacara ke 2 3. persiapan akhir yang dimana seseorang di baptis setelah melalui masa pembelajaraan katekumenat 4. mistagogi sebagai bimbingan akhir setelah seseorang di baptis
387,8,3,7,3,0,"percaya kepada Kristus sebagai penyelamat, mengikuti pelajaran calon katekumen sekurang-kurangnya satu tahun, mengucapkan pengakuan imam pada waktu pembaptisan."
388,8,10,7,10,0,-pertama : masa prakatekumenat selalu diakhiri dengan upacara tahap pertama. lalu pelantikkan ketakumen -kedua ; masa kutekumenat selalu diakhiri dengan upacara tahap kedua. lalu pengakuan terhadap kutakumenat terpilih -ketiga : masa persiapan terakhir selalu diakhiri dengan upacara ketiga. lalu upacara penerimaan sakramen baptis -keempat: masa mistagogi masa pembinaan lanjutan setelah seorang menerima sakramen baptis
389,8,3,7,3,0,"siap akan melayani tuhan dengan segenap hati,harus selalu imgat akan tanggung jawab di gereja. bersiap untuk bertobat dan tidak melakukan hal yang bedosa. dan harus berusia 17 Tahun agar bisa membedakan mana yang baik dan mana yang tidak baik. dan harus terlebih dahulu menjalani katekese."
390,8,5,7,5,0,"a) masa prakatekumen: masa dimana memotivasi kan calon,yang pertama diakhiri dengan upacara b) masa katakumen masa yang dimana pengajaran karunia roh kudus c) masa persiapan"
391,8,6,7,6,0,Masa permunian calon Masa pengajaran dan pembinaan iman serta latihan hidup dalam jemaat Masa pembinaan lanjutan setelah seseorang melakukan baptis Persiapan terakhir yakni masa khusus untuk mempersiapkan diri menerima sakramen-sakramen dan diakhiri dengan menerima upacara terakhir penerimaan sakramen baptis
392,8,8,7,8,0,1. masa pengajaran atau pembinaan 2. masa pemurnian motivasi calon 3. masa pembinaan lanjut setelah di babtis 4. persiapan terahir masa khusus untuk mempersiapkan diri menerima sakramen sakramen inisiasi dan di akhiri dengan upacara menerima sakramen baptis
393,8,8,7,8,0,"1. Ada masa pemurnian motivasi calon baptis (diakhiri dengan upacara pertama) 2. Masa pengajaran dan pembinaan iman serta latihan hidup dalam jemaat (biasanya pertemuan akan dilakukan beberapa kali, diakhiri dengan upacara kedua). 3. Masa persiapan terakhir (persiapan menerima sakramen-sakramen inisiasi dan diakhiri Upacara Ketiga yaitu penerimaan sakramen baptis). 4. Pembinaan lanjutan setelah menerima baptis."
394,8,10,7,10,0,1. Masa prakatekumenat. Diakhiri dengan upacara tahap pertama dan peneguhan/motivasi calon baptis 2. Masa katekumenat. Diakhiri dengan upacara tahap kedua dan masa pembelajaran dan pelantikan calon baptis 3. Masa persiapan terakhir. Diakhiri dengan upacara tahap terakhir dan siap menerima sakramen baptis 4. Masa mistagogi. Merupakan pembinaan lanjutan setelah menerima sakramen baptis
395,8,10,7,10,0,1)Prakatekumenat diakhiri upacara pertama dan memotivasi calon katekumenat. 2)Katekumenat diakhiri upacara kedua. Katekumenat adalah masa pembinaan sebelum di baptis. 3)Masa persiapan terakhir Diakhiri upacara ketiga dan dilakukannya pembaptisan. 4)Mistagogi masa pembinaan lanjutan setelah di baptis.
396,8,8,7,8,0,Proses tahapan-tahapan babtis dewasa : - masa praktekumenat : pemurnian motivasi calon - masa katekumenat : calon babtisan - masa persiapan terakhir - mistagogi : pembelajaran tentang kehidupan setelah sakramen babtis
397,8,10,7,10,0,Tahap tahapan; Proses prakatekumenat: Pembersihan motivasi calon Proses katekumenat: Masa pengajaran iman serta latihan hidup dalam jemaat Proses persiapan terakhir: pembinaan terakhir dalam penerimaan sakramen babtis Proses mistogogi: masa pembelajaran lanjutan dalam penerimaan sakramen babtis
398,8,5,7,5,0,* Masa Prakatekumen * Masa katekumenat * Masa Pembinaan selanjutnya
399,8,8,7,8,0,1. MASA PRATAKUMENAT DIAKHIRI DENGAN UPACARA TAHAP PERTAMA YAITU PELANTIKAN KATAKUMENAT 2. MASA KATAKUMENAT DIAKHIRI DENGAN UPACARA TAHAP KEDUA YAITU UPACARA PENGUKUHAN KATAKUMENAT TERPILIH 3. MASA PERSIAPAN TERAKHIR DIAKHIRI DENGAN UPACARA TAHAP KETIGA YAITU PENERIMAAN SAKRAMEN BAPTIS 4. MASA MISTAGOGI YAITU LANJUTAN PEMBINAAN KETIKA SESEORANG SUDAH MENERIMA SAKRAMEN BAPTIS
400,8,7,7,7,0,masa pratekumenat merupakan tahapan pertama masa katekumenat merupakan tahapan kedua masa misgogi masa tobat
401,8,3,7,3,0,1.katakument 2.paratukument
402,8,10,7,10,0,"1. Masa prakatekumenat: masa pemurnian motivasi calon. 2. Masa katekumenat: masa pembinaan lanjutan setelah seseorang menerima sakramen baptis. 3. Masa persiapan terakhir: masa khusus untuk mempersiapkan diri menerima sakramen–sakramen inisiasi dan diakhiri dengan tahap ketiga Upacara peneriman sakramen baptis. 4. Masa mistagogi: Upacara tahap keempat, sudah menerima sakramen baptis."
403,8,10,7,10,0,1. Masa Pratakumenat : masa pemurnian motivasi calon 2. Masa Katakumenat : masa pengajaran iman serta latihan hidup dalam jemaat yang diselesaikan dengan cara upacara pengukuhan 3. Masa Persiapan Terakhir : masa khusus mempersiapkan diri menerima sakramen baptis dan diakhiri dengan tahap ketiga upacara penerimaan baptis 4. Masa Mitagogi : masa pembinaan lanjutan setelah seseorang menerima sakramen baptis
404,8,10,7,10,0,1) Masa Prakatekumenat yaitu Masa permurnian motivasi calon 2) Katekumenat yaitu masa pembinaan/pengajaran iman serta latihan hidup dalam jemaat. 3)Persiapan terakhir yakni masa khusus untuk mempersiapkan diri menerima sakramen–sakramen inisiasi dan diakhiri dengan tahap ketiga Upacara peneriman sakramen baptis. 4) Masa Mistagogi yaitu masa Masa pembinaan lanjutan setelah seseorang menerima sakramen baptis
405,8,5,7,5,0,tahapan-tahapan ynag harus dilalui dalam proses baptis dewasa adalah prakatekumenat katekumenat dan lain-lain maaf pak/bu saya lupa
406,8,10,7,10,0,* Masa prakatekumenat : Masa pemurnian motivasi calon. * Masa katekumenat : Masa pengajaran/pembinaan iman serta pelatihan hidup untuk calon. * Masa persiapan terakhir : Persiapan sebelum calon menerima sakramen inisiasi. * Masa mistagogi : Masa pembinaan lanjutan setelah seseorang menerima sakramen baptis.
407,8,5,7,5,0,A) Tahap Calon Katekumen (_selama 2 bulan_) B) Tahap Katekumen Calon Baptis (_selama 8 bulan_) C) Tahap Calon Baptis Terpilih (_selama 2 bulan_)
408,8,8,7,8,0,-Masa prakatekumenat: masa persiapan -Masa katekumenat: masa persiapan terakhir -Masa upacara penerimaan sakramen baptis: masa dimana calon baptis melakukan upacara untuk menerima sakramen babtis -Masa mistagogi: masa lanjutan setelah penerimaan sakramen baptis
409,8,4,7,4,0,masa katekumenat : masa pemurnian motivasi calon
410,8,9,7,9,0,tahapan tahapan dalam proses baptis dewasa antara lain 1.masa pratekumenat diakhiri dengan upacara tahap pertama yaitu pemilihan katekumen 2.masa katekumenat diakhiri dengan upacara tahap kedua yaitu pengukuhan katekumenat terpilih 3.masa persiapan terakhir di akhiri dengan upacara tahap ketiga yaitu persiapan penerimaan sakramen baptis 4.masa mistagogi di akhiri dengan upacara tahap keempat yaitu penerimaan sakramen baptis atau seseorang menerima sakramen baptis
411,8,4,7,4,0,1.tahapan pertama yaitu masa katakumenat 2.tahapan kedua masa prakatakumenat 3.
412,8,5,7,5,0,Masa Pra-Katekumat=Mengikuti pengajaran dan motivasi tentang Calon Baptis Masa katekumat=Masa pengajaran lanjutan tentang Baptis Masa Baptis=Masa diamana menunggu waktu pelantikan menjadi orang Katolik
413,8,10,7,10,0,"1) Masa Prakatekumenat Masa upacara tahap awal, yaitu pelantikan menjadi calon baptis 2) Masa Katekumenat Masa pembinaan atau pelajaran untuk calon baptis 3) Masa Persiapan Terakhir Masa upacara tahap akhir, yaitu penerimaan Sakramen Baptis 4) Masa Mistagogi Masa pembinaan lanjutan setelah menerima Sakramen Baptis"
414,8,3,7,3,0,1. Masa prakumenat 2. Masa Katumenat 3. Masa Perpisahan terakhir 4. Masa Mistagogi
415,8,4,7,4,0,"katakumenat,katekument dan pembaptisan"
416,8,10,7,10,0,"a). Masa Prakatekumenat : yaitu masa pemurnian motivasi calon, yang diakhiri dengan upacara tahap pertama yaitu, Upacara pelantikan menjadi katekumen. b). Masa Katekumenat : yaitu masa pembelajaran atau pembinaan iman serta latihan hidup dalam jemaat, yang diakhiri dengan upacara tahap kedua yaitu, Upacara Pengukuhan Katekumenat Terpilih. c). Masa Persiapan Terakhir : yakni masa mempersiapkan diri untuk menerima sakramen-sakramen inisiasi dan diakhiri dengan upacara tahap ketiga yaitu, upacara penerimaan sakramen Baptis. d). Masa Mistagogi : yaitu masa pembinaan lanjutan bagi orang yang telah menerima sakramen Baptis."
417,8,10,7,10,0,1. Masa Prakatekumenat: masa pemurnian motivasi calon baptis dengan diakhiri upcara tahap pertama yaitu pelantikan menjadi katekumen 2. Masa Katekumenat: masa pengajaran dan pembinaan iman serta pelatihan hidup dalam jemaat bagi para katekumen yang diakhiri dengan upacara tahap kedua yaitu pelantikan katekumen terpilih 3. Masa persiapan terakhir: masa-masa persiapan diri untuk meneriman sakramen-sakramen inisiasi yang diakhiri dengan upacara tahap terakhir yaitu upacara penerimaan Sakramen Baptis 4. Masa mistagogi: masa pembinaan lanjutan ketika seseorang sudah menerima Sakramen Baptis
418,8,10,7,10,0,1. Pratekumenat : Masa pemurnian calon. 2. Katekumenat : Masa pengajaran dan pembinaan 4. Persiapan terakhir : upacara penerimaan sakramen baptis. 5. Mistagogi : Masa terakhir pembinaan setelah menerima sakramen Baptis.
419,8,9,7,9,0,"1. Masa prakatekumenat, diakhiri dengan upacara tahap pertama: pembelajaran/pembinaan terhadap calon kumenat. 2. Masa katekumenat, diakhiri dengan upacara tahap ke dua: refleksi/motivasi terhadap calon kumenat. 3. Masa tahap akhir, diakhiri dengan upacar tahp ke tiga: penerimaan sakramen baptis. 4. Masa mistagogi: pembelajaran tahap lanjut."
420,8,9,7,9,0,"1. Masa Prakatekumenat, diakhiri oleh upacara tahap pertama, sebagai pelantikan calon katekumen 2. Masa Katekumenat, diakhiri oleh upacara tahap kedua, pengukuhan umat katekumen 3. Masa Perpisahan Terakhir, diakhiri oleh upacara tahap ketiga, masa khusus untuk mempersiapkan diri menerima sakramen inisiasi, penerimaan sakramen baptis 4. Masa Mistagogi, diakhiri oleh upacara tahap keempat, masa pembinaan lanjutan"
421,8,10,7,10,0,masa pratekumenat = pelantikan menjadi katekumen dan pemurnian motivasi calon masa katekumen = pengukuhan katekumen terpilih atau masa pembinnan dan pengajaran iman masa persiapan terakhir = menyiapkan diri menerima sakramen sakramen inisiasi dan upacara penerimaan sakramen baptis masa mistagogi = masa pembinaan lanjutan setelah menerima sakramen baptis
422,8,10,7,10,0,1. masa prakatekumenat: masa yang di akhiri upacara tahap pertama yaitu upacara pelantikan menjadi katekumenat 2. masa katekumenat: masa yang di akhiri upacara tahap kedua yaitu upacara pengukuhan katekumenat terpilih 3. masa persiapan terakhir: masa yang di akhiri upacara tahap ketiga yaitu upacara penerimaan sakramen baptis 4. masa misagogi: masa pembinaan dan pembelajaran lanjutan seseorang yang sudah menerima sakramen baptis
423,8,3,7,3,0,"calon baptis/katakumen akan melakukan pembinaan sampai selesai, mensucikan diri dan mengaku dosa sebelum menerima sakramen baptis dewasa, selesai mengaku dosa para katakumen bisa menerima sakramen baptis dengan romo menuanggkan air diatas kepala dengan berbicara, nama santo/santa aku membatis kamu dalam nama bapa, putra, dan roh kudus, setelah romo menuanggkan air di atas kepala, yang sudah di baptis akan di beri kain dan lilin yang sudah menyala"
424,8,3,7,3,0,harus mengikuti misa pertobatan
425,8,10,7,10,0,* Prakatekumenat yaitu proses permunian dan motivasi * Katekumenat melakukan pembelajaran dan pembinaan * Persiapan terakhir yaitu mengambil sakramen baptis * Mistagogi yaitu pembelajaran lanjutan setelah menerima sakramen baptis
426,8,10,7,10,0,Masa Pra katekumenat : diakhiri dengan upacara tahap pertama yaitu pelantikan menjadi katekumen. Masa Katekumen : diakhiri dengan upacara ke 2 yaitu pengukuhan katekumen terpilih. Masa Persiapan Terakhir : diakhiri dengan upacara ke 3 yaitu penerimaan sakramen baptis. Masa Mistagogi : Masa pembinaan lanjutan setelah seorang menerima sakramen baptis.
427,8,8,7,8,0,1 .Prakatekumenat : Masa dimana calon baptis mendapatkan masa permunian motivasi calon diakhiri dengan pelantikan menjadi Katekumenat 2. Katekumenat : Masa dimana calon baptis mengikuti pembelajaran dan pembinaan iman dan diakhiri dengan pengudusan katekumenat terpilih 3. Pengukuhan Katekumenat terpilih : Masa persiapan terakhir yakni masa khusus mempersiapkan diri menerima sakramen-sakramen inisiasi dan diakhiri dengan tahap ketiga Upcara penerimaan sakramen baptis Masa Mistagogi : Masa pembinaan lanjutan setelah seseorang menerima sakramen baptis
428,8,10,7,10,0,a. masa pratekumenat masa pemurnian motivasi calon diakhiri dengan pelantikan menjadi katakumet b. masa katakumenat masa pengajaran dan pembinaan iman dalam jemat diakhiri dengan pengudusan katekumet terpilih c. masa persiapan terakhir masa khusus persiapan menerima sakramen inisasi diakhiri dengan penerimaan sakramen baptis d. masa mistagogi masa pembinaan lanjutan setelah menerima sakramen baptis
429,8,9,7,9,0,Proses prakatekumennat = pembersihan motivasi calon Proses katekumenat = masa pengajaran iman serta latihan hidup dalam jemaat Proses persiapan terakhir = pembinaan terakhir dalam penerimaan sakramen babtis Proses mistelogi = masa pembelajaran lajutan dalam penerimaan sakramen batis
430,8,9,7,9,0,"1. Masa prakatekumenat: diahkiri dengan upacara pertama yaitu, pelantikan menjadi katakumenat 2. Masa kata kumenat: diakhiri dengan upacara tahap kedua, yaitu upacara pengukuhan kata kumenat terpilih 3. persiapan terakhir: diakhiri dengan upacara tahap ketiga, yaitu upacara penerimaan sakramen baptis 4. Masa mistagogi: masa pembinaan lanjutan setelah menerima sakramen baptis."
431,8,5,7,5,0,masa prakatekumenat masa kutemenat masa upacara perimanan sakramen baptis masa mistagogi
432,8,10,7,10,0,masa praketekumenal: masa permurnian motivasi calon yang diahiri dengan tahap kaltekumen masa katekumenat: masa pengajaran iman serta latihan hidup jemaat yang di selesaikan upacara pengukuhan katekumenat yang terpilih masa persiapan terahir: masa yang khusus mempersiapkan diri menerima sakramen babtis masa mistagogi: masa pengajaran/pembiaan ;anjutan setelah menerima sakramen babtis
433,8,4,7,4,0,mengikuti pelajaran katolik rajin mengikuti sakramen ekaristi mengikuti pelantikan
434,8,3,7,3,0,"melakukan pertobatan, dan lalu di babtis"
435,8,9,7,9,0,Tahap pertama : (Pratekumenat) masa permurnian bagi calon baptis. Tahap kedua : (Katekumenat) pembinaan bagi calon baptis dewasa Tahap terakhir : upacara penerimaan baptis dewasa Mistagogi : ibadah bagi sang penerimaan baptis dewasa
436,8,3,7,3,0,1. harus siap dan mau dari diri sendiri(tidak boleh paksaan). 2. harus dalam keadaan berserah diri kepada tuhan.
437,8,10,7,10,0,"1.masa prakatemunat, dengan upacara tahap kesatu, yaitu pelantikan menjadi katekumen 2.masa katekumenat, dengan upacara tahap kedua, yaitu upacara pengukuhan katekumenat terpilih 3.masa persiapan terakhir, diakhiri dengan upacara tahap ketiga, yaitu upacara penerimaan sakramen baptis 4. masa mistagogi, yaitu masa pembinaan lanjutan setelah seseorang menerima sakramen baptis."
438,8,10,7,10,0,Tahapan-tahapan yang harus dilalui dalam proses Baptis dewasa adalah: 1. Masa Prakatekumenat: diakhiri dengan upacara tahap pertama -> pelantikan menjadi katekumen. 2. Maka Katekumenat: diakhiri dengan upacara tahap ke dua -> pengukuhan katekumenat terpilih. 3. Masa persiapan akhir: diakhiri dengan upacara tahap ketiga -> upacara penerimaan sakramen Baptis. 4. Masa mistagogi: masa pembinaan lanjutan bagi seseorang yang telah menerima sakramen Baptis.
439,8,4,7,4,0,masa katakumenat masa pertobatan masa pemilihan masa pelantikan
440,8,6,7,6,0,1.Masa pratekumenat: Tahapan awal bagi calon dalam memurnikan niat. 2.Masa katekumenat: Masa pengajaran intensif tentang iman. 3.Masa persiapan akhir: Persiapan khusus sebelum menerima sakramen. 4.Masa mistagogi: Pembinaan lanjutan setelah menerima sakramen baptis.
441,8,6,7,6,0,1.Masa pemurnian calon: Langkah awal mempersiapkan calon. 2.Masa katekumenat: Proses belajar dan pembinaan iman. 3.Masa persiapan terakhir: Menyiapkan diri untuk menerima sakramen. 4.Masa mistagogi: Pembinaan lanjutan setelah menerima sakramen.
442,8,6,7,6,0,1.Masa pratekumenat: Tahapan pertama bagi calon untuk memurnikan motivasi. 2.Masa katekumenat: Pengajaran dan latihan hidup dalam iman. 3.Masa akhir: Pembinaan setelah menerima sakramen baptis. 4.Masa mistagogi: Pembinaan iman setelah upacara sakramen.
443,8,6,7,6,0,1.Masa pratekumenat: Tahap awal pengenalan dan pemurnian. 2.Masa katekumenat: Pembelajaran tentang iman dan kehidupan gereja. 3.Masa persiapan terakhir: Fokus pada persiapan menerima sakramen. 4.Masa mistagogi: Pendalaman iman setelah penerimaan sakramen.
444,8,6,7,6,0,1.Masa pratekumenat: Memulai perjalanan iman dengan persiapan motivasi. 2.Masa katekumenat: Pembinaan dan pengajaran iman kepada calon. 3.Masa persiapan akhir: Tahapan khusus untuk mempersiapkan sakramen. 4.Masa mistagogi: Bimbingan setelah penerimaan sakramen baptis.
445,8,6,7,6,0,1.Masa pratekumenat: Tahapan pertama memurnikan niat calon. 2.Masa katekumenat: Pengajaran dan latihan iman dalam jemaat. 3.Masa persiapan akhir: Fokus pada persiapan sakramen inisiasi. 4.Masa mistagogi: Pembinaan lanjutan setelah sakramen baptis.
446,9,7,8,7,0,1. Populasi: populasi adalah tempat yang terdiri banyak makhluk hidup tetapi hanya terdapat 1 spesies saja didalamnya 2. komunitas: banyak makhluk hidup yang memiliki berbagai spesies tinggal ditempat tersebut contohnya adalah berbagai spesies burung/hewan yang bisa terbang hinggap dipohon 3. ekosistem: ekosistem adalah tempat berbagai makhluk hidup dan sebuah ekosistem yang tinggal ditempat yang sama
447,9,10,8,10,0,"- Populasi adalah sekumpulan/sekelompok individu dengan spesies yang sama, yang hidup di tempat yang sama. - Contoh : Populasi paus, populasi manusia, populasi burung - Community adalah Kumpulan dari beberapa populasi spesies yang berbeda. - Contoh : Komunitas di Danau, Komunitas di sawah - Ekosistem adalah Suatu sistem yang terdiri dari komunitas berbagai spesies yang berbeda, yang saling berinteraksi. Baik itu Biotik (hidup) maupun Abiotik (tak hidup). - Contoh : Ekosistem Gurun, Ekosistem Kutub, Ekosistem Hutan Tropis dan Ekosistem Padang Rumput."
448,9,7,8,7,0,"Populasi adalah dimana semua hewan yang sama berada dalam satu kelompok contohnya segerombolanikan kecil yang ada di dalam laut ekosistem adalah dimana hewan yang hanya bisa hidup di 1 ekosistem atau 1 daerah contohnya ikan yang hidup di air, jika ikan hidup di darat maka mereka akan mati karena tidak sesuai dengan habitannya komunitas adalah dimana beberapa makhluk hidup saling membutuhkan satu sama lain contohnya ikan membutuhkan makanan dan makanan tersebut bisa ia dapatkan dari air"
449,9,7,8,7,0,"POPULASI ADALAH SEKUMPUMPULAN MAKLUK HIDUP YANG SEJENIS SEPERTI GAMBAR DI ATAS YAITU HANYAK ADA SEKUMPULAN IKAN DAN GAK ADA JENIS LAIN LAGI KECUALI IKAN KOMUNITAS ADALAH SEKUMPULAN MAKLUK HIDUP YANG SESAMA MAKLU HIDUP ADA DI SATU PEMPAT SEPERTI GAMABR DI ATAS ADA SEKUMPULAN IKAN,BINTANG LAUT,DAN PADI EKOSISTEM ADALAH KUMPULAN DARI MAKLUK HIDUP DAN TAK HIDUP DI SUATU TEMPAT SEPERTI GAMBAR DI ATAS ADA IKAN ADA BINTANG LAUT ADA PADI ADA BATU DAN JUGA AIR"
450,9,10,8,10,0,"* Populasi adalah suatu interaksi yang hanya melibatkan makhluk hidup yang sejenis pada suatu daerah _contohnya: sekumpulan kuda dipadang rumput. _ * Komunitas merupakan interaksi yang melibatkan makhluk hidup dan benda-benda didalam suatu daerah _contohnya: komunitas danau yang didalamnya terdapat rumput laut, kerikil kecil, ikan, dan lain-lain. _ * Ekosistem adalah interaksi antar makhluk hidup yang saling bertergantungan antara makhluk hidup dan lingkungannya _contohnya: ekosistem sawah, tanaman padi bergantung pada tanah dan air, tanah yang bergantung pada tanah agar dapat subur, ular, burung gagak, tikus, dan hewan sawah lain yang bergantung pada tumbuhan padi agar mendapatkan makanan._"
451,9,10,8,10,0,"1. populasi adalah kumpulan individu sejenis yang hidup dan berinteraksi di tempat tertentu, contohnya sekumpulan kambing di padang rumput 2. komunitas adalah kumpulan berbagai mahkluk hidup yang berinteraksi dan hidup di area tertentu, contohnya seluruh organisme yang ada di sawah: padi, tikus, belalang 3. ekosistem adalah interaksi antar mahkluk hidup di suatu wilayah dengan lingkungannya yang saling memengaruhi, contohnya ekosistem danau yang terdiri atas organisme dan komponennya"
452,9,7,8,7,0,"1. Populasi yaitu peerkumpulan ikan yang sejenis, contohnya: perkumpulan kucing berwarna oren 2. komunitas yaitu perkumpulan semua jenis hewan yang di laut maupun di darat, contohnya: perkumpukan kucing yang memiliki berbagai macam jenis 3. ekosistem yaitu seluruh kebutuhan makan bagi setiap hewan, contohnya: seperti rantai makanan"
453,9,10,8,10,0,"Populasi adalah sekumpulan individu sejenis, contohnya sekumpulan ikan lele Komunitas adalah sekumpulan makhluk hidup yang berbeda jenis, contohnya sekumpulan binatang laut Ekosistem adalah lingkungan tempat makhluk hidup tidak sejenis dan benda mati berinteraksi, contohnya tikus, ular, dan belalang di sawah"
454,9,10,8,10,0,* Populasi adalah kumpulan makhluk sejenis yang tinggal di tempat yang sama * Komunitas adalah kumpulan populasi yang tinggal di tempat yang sama * Ekosistem adalah sistem terjadinya interaksi antara makhluk hidup dengan benda mati
455,9,6,8,6,0,1. Populasi adalah kumpulan dari kehidupan hewan tersebut 2. Komunitas adalah perkumpulan populasi 3. Ekosistem adalah interaksi antara benda mati dan mahluk hidup ada benda hidup
456,9,10,8,10,0,"Populasi adalah kumpulan spesies yang sama. Komunitas adalah kumpulan dari beberapa populasi yang berbeda. Ekosistem adalah kumpulan organisme-organisme biotik dan abiotik saling bergantung satu sama lain. Contoh: Populasi: Kumpulan sapi. Komunitas: ikan dan bintang laut di laut Ekosistem: Di laut terdapat ikan, terumbu karang, batu-batuan, air."
457,9,10,8,10,0,"- Populasi adalah lingkungan hidup yang hanya terdiri dari makhluk hidup sejenis. populasi burung dan populasi ikan - Komunitas adalah lingkungan hidup yang terdiri dari berbagai jenis makluk hidup. komunitas makhluk hidup dilautan - Ekosistem adalah hubungan intersaksi antara makluk hidup yang berada didalamnya dari lingkungan abiotik maupun biotik, ekosistem laut dan ekosistem hutan"
458,9,10,8,10,0,"Populasi : Populasi merupakan kumpulan makhluk hidup yang sejenis. Contoh, kumpulan harimau. Komunitas : Komunitas adalah kumpulan dari seluruh makhluk hidup pada tempat tertentu. Contoh, kumpulan harimau, ikan, burung, tanaman, jamur, protista, dan makhluk hidup lain-lainnya. Ekosistem : Ekosistem merupakan interaksi antar makhluk hidup dengan lingkungannya. Contoh, sebuah hutan yang terdapat bermacam-macam komponen biotik dan abiotik di dalamnya."
459,9,10,8,10,0,populasi=sekumpulan individu sama jenis berkumpul komunitas= sekumpulan hewan berbeda jenis berkumpul ekosistem= kumpulan biotik dan abiotik berkumpul di satu tempat
460,9,3,8,3,0,ecosystem adalah suatu sisten ekologi yang berbentuk oleh hubungan timbal balik tak terpisahkan antara makhluk hidup dan lingkunganya population adalah memiliki ciri ciri yang sama community adalah hidup sendirian
461,9,10,8,10,0,"1. Populasi : terdiri antara banyak mahkluk hidup di satu spesies, sekumpulan kera 2. Komunitas : terdiri antara banyak mahkluk hidup di berbagai spesies, sekumpulan kera di atas pepohonan 3. Ekosistem : terdiri antara berbagai spesies di suatu lingkungan, sekumpulan mahkluk hidup di sebuah danau"
462,9,4,8,4,0,populasi: kelompok ikan yang tak ada kehidupan yang lain komunitas: kaya populasi tapi ada kehidupan ekosistem: ikan ada yang terlalu banyak dan ada banyak kehidupannya
463,9,10,8,10,0,* POPULASI = Kumpulan makhluk hidup sejenis di suatu daerah. * KOMUNITAS = Kumpulan berbagai makhluk hidup berbeda jenis dalam suatu tempat. * EKOSISTEM = Kumpulan berbagai jenis makhluk hidup dan tak hidup dalam suatu tempat dan saling melengkapi.
464,9,1,8,1,0,1 jadi populasi tidak ada tumbuhan jadi gampnag mati kalau ada udara tumbuhan 2 Ekosistem untuk menampilkan tumbuhan tambahan bintang lebih bagus 3 Komunitas lebih tambah menarik di kasih pupuk dan tumbuhan
465,9,10,8,10,0,Populasi adalah sekumpulan individu sejenis yang hidup berkumpulan. Komunitas adalah sekumpulan individu yang bisa jadi satu jenis atau berbeda-beda jenis yang hidup berkumpulan. Ekosistem adalah sekumpulan individu dan/atau kelompok yang hidup di sebuah lingkungan alam dan serinng berinteraksi dengan lingkungan tersebut.
466,9,10,8,10,0,Populasi adalah jumlah makhluk hidup dalam wilayah tertentu. komunitas adalah interaksi dari kumpulan makhluk hidup dalam wilayah tertentu. ekosistem adalah hubungan timbal balik antara makhluk hidup dan lingkungan sekitarnya yang tidak dapat dipisahkan.
467,9,10,8,10,0,"a) Populasi/population adalah sekumpulan makhluk hidup yang sejenis, contohnya sekumpulan kelinci, atau sekumpulan ikan hias. b) Komunitas/community adalah sekumpulan makhluk hidup yang hidup berdampingan dengan makhluk hidup jenis lainnya, misalnya ikan di akuarium yang terdapat tanaman air di dalamnya. c) Ekosistem/ecosystem adalah sekumpulan makhluk hidup dan tak hidup yang hidup berdampingan dan saling ketergantungan, misalnya ekosistem di hutan dan laut."
468,9,1,8,1,0,EKOSISTEM ADALAH TUMBUHAN
469,9,10,8,10,0,1.populasi= adalah perkumpulan hewan sejenis antar yang lian tetapi merka hanya berinteraksi dan tidak membentuk komintas 2. comunitas= kumpulan mahluk hidup yang berinteraksi dan hidup secara individu 3 ekositem=adalah kehidupaan yang memnuhi semua kebutuhan mahluk hidup
470,9,10,8,10,0,1. populasi : terdiri dari banyak makhluk hidup satu spesies contoh : sekumpulan babi 2. community : banyak makhluk hidup berbagai spesies/hewan contoh burung di perpohonan 3. ecosystem : tempat berbagai makhluk hidup dan berbagai ecosystem hidup contoh hewan2 di danau dekat pepohonan
471,9,10,8,10,0,"populasi adalah kumpulan individu yang sejenis, contoh: ikan comunitas adalah kumpulan kelompok/individu yang berbeda jenis seperti di laut ekosistem adalah tempat hewan tinggal"
472,9,9,8,9,0,1. Kelompok hewan yang di isi dengan 1 spesies 2. Kelompok hewan yang di isi dengan berbagai macam spesies hewan 3. Tempat tinggal hewan
473,9,10,8,10,0,1. kumpulan hewan yang sejenis 2. kumpulan hewan yang yng tidak sejenis 3. kumpulan hewan yang saling hidup berdampingan [smile]
474,9,3,8,3,0,KALO POPULASI HANYA HEWAN COMMUNITIY TERDAPAT TUMBUHAN ECOSYSTEM TERDAPAN TAMBAHAN AIR
475,9,5,8,5,0,populasi adalah kumpulan orang/hewan tanpa apa apa tidak ada apapun kecuali hanya sekumpulan hewan /manusia. community adalah kumpulan orang/manusia dan beberapa makhluk hidup lainnya seperti tanah /rumput ecosytem adalah kumpulan manusia/hewan dan semuanya lengkap tidak kurang ada semua makhluk hidup
476,9,10,8,10,0,"1.Populasi adalah sekumpulan hewan dengan satu jenis yang sama. contoh: sekumpulan macan 2.community /komunitas adalah kumpulan hewan dengan berbeda jenis yang tinggal pada habitat yang sama. contoh: kumpulan jenis ikan di akuarium 3.ecosystem adalah lingkungan tempat berbagai mahkluk hidup tinggal. contoh: singa,monyet,ular,tupai,pohon,tumbuhan ,dll yang tinggal di dalam satu hutan"
477,9,1,8,1,0,popuation tempat yang hanya berisi ikan-ikan community sudah ada tumbuhan dan kerang-kerang ecosytem sudah ada bebatuan dan tumbuhan\kerang-kerang
478,9,1,8,1,0,"Population: populasinya jelek karena tidak ada tanaman,ekosistem nya kurang bagus, komunitas nya kurang baik. Community: populasi nya baik karena ada tanaman dan bintang laut,ekosistem nya baik, komunitas cukup baik. Ecosystem: populasi nya sangat baik karena di dalam nya sanagt hidup seperti adam nya,ekosistem nya sanagt baik karena seperti makhluk hidup nya baik dan sehat,komunitas nya sanagt baik apalagi ada air ny jadi seperti hidup."
479,9,10,8,10,0,Populasi = kumpulan individu makhluk hidup yang sejenis yang berinteraksi pada suatu tempat tertentu. Komunitas = kumpulan berbagai makhluk hidup yang berinteraksi dan hidup di area tertentu. Ekosistem = interaksi antara makhluk hidup disuatu wilayah dengan lingkungannya yang saling memengaruhi.
480,9,10,8,10,0,populasi=kumpulan makhluk yang sejesis komuikasi=kumpulan berbagai makhluk hidup ditempat ekosistem= ekosistem adalah tempat sebagai tempat tingaal makhluk hidup
481,9,10,8,10,0,Populasi adalah perkumpulan mahkluk hidup yang sejenis komuniti adalah perkumpulan semua mahkluk hidup ekosistem adsalah perkumpulan mahkluk hidup dan benda mati
482,9,10,8,10,0,"Population/Populasi: Kumpulan individu sejenis yang hidup dan berinteraksi di suatu daerah. Contoh: Populasi hiu goblin di samudra pasifik Community/Komunitas: Kumpulan makhluk hidup berbeda jenis yang saling berinteraksi di suatu daerah. Contoh: Komunitas makhluk hidup yang hidup di sawah. (Padi, jagung, tikus, cacing tanah, siput sawah) Ecosystem/Ekosistem: Wilayah yang mencakup komponen biotik dan abiotik yang saling ketergantungan. Contoh: ekosistem di laut, ekosistem di hutan."
483,9,1,8,1,0,"population : di gambar bertulisan populasi bahwa tidak terdapat apa-apa dan tidak lengkap cuman terdapat ikan saja community : di gambar bertulisan komunitas terdapat tanaman, bintang, dan ikan nya ecosystem : di gambar bertulisan ekosistem lebih lengkap dari pada yang sebelum-sebelum nya ada air, bintang, tanaman, batu, dan pasir"
484,9,10,8,10,0,"Populasi adalah jumlah hewan atau sesuatu yang hidup yang memiliki ras/golongan yang sama Contoh ada suatu semut yang berkupul dan populasi itu adalah jumlah semut yang berkumpul komunitas adalah sekumpulan makhluk hidup Contoh; Terdapat sebuah serangga yang berkumpul dan ada sebuah tanaman atau rumput dan bunga dan itu lah yang di sebut komunitas Ekosistem adalah sekumpulan makhluk hidup dan benda mati dan juga tempat untuk menampung sekumpulaan makhluk hidup sama seperti habitat namun berbeda Contoh; Segerombolan ikan yang berada di akarium yang diisi dengan koral batu dan juga pasir itulah suatu ekosistem Jadi populasi jika dikembangkan dapat menjadi komunitas, komunitas dikembangkan dapat menjadi ekosistem"
485,9,10,8,10,0,"* POPULASI adalah kumpulan individu yang menjadi satu di suatu wilayah, contohnya sekumpulan kambing * KOMUNITAS adalah kumpulan beberapa populasi yang menjadi satu di sebuah wilayah, contohnya populasi sapi dan populasi ayam yang menjadi satu di suatu tempat. * EKOSISTEM adalah Kumpulan makhluk hidup yang saling berinteraksi dengan benda mati di suatu wilayah yang saling ketergantungan, contohnya ekosistem sungai."
486,9,10,8,10,0,1. Populasi adalah kumpulan individu sejenis yang berinteraksi disuatu tempat tertentu. 2. Komunitas adalah sekumpulan mahluk hidup yang berinteraksi dan hidup disuatu area tertentu. 3. Ekosistem adalah interaksi antara mahluk hidup dan benda tak hidup.
487,9,10,8,10,0,"- populasi adalah kumpulan makhluk hidup sejenis, contohnya : kumpulan ikan-ikan - komunitas adalah kumpulan beberapa jenis makhluk hidup yang hidup di suatu tempat, contohnya : kumpulan ikan dan bintang laut yang hidup di akuarium - ekosistem adalah interaksi antara makhluk hidup dengan benda tak hidup, contohnya : kumpulan ikan di akuarium yang terdapat bebatuan di akuarium tersebut"
488,9,4,8,4,0,POPULASI ADALAH KUMPULAN INDIVIDU YANG PADA TEMPAT TERTENTU KOMUNITAS ADALAH KUMPULAN INDIVIDU YANG DI TEMPAT EKOSISTEM ADALAH INTERAKSI INDIVIDU DENGAN LINGKUNGAN
489,9,4,8,4,0,"Populasi Adalah kumpulan individu sejenis yang hidup di suatu daerah Contoh: populasi hiu genus di samudra pasifik Komunitas Adalah sebuah tempat yang mengumpulkan berbagai jenis hewan di suatu daerah Contoh: di australia Ekosistem Adalah dimana tempat hewan di taruh di tempat habitat asli nya Contoh: kebun binatang, hutan"
490,9,10,8,10,0,populasi adalah kumpulan mahkluk hidup yang sama komunitas adalah kumpulan berbagai populasi ekosistem adalah interaksi mahkluk hidup dengan benda mati
491,9,1,8,1,0,"1. populasi adalah barang yang cuma terdiri tadi 1 jenis saja. contonnya, kertas HVS dalam satu tumpukan. 2. komunitas adalah barang yang terdiri dari berbagai jenis. contohnya, pensil, penghapus, bolpen dalam satu tepak. 3. ekosistem adalah kolaborasi antara barang satu dan lainnnya. contohnya, ikan, rumput, dedaunan, batu kecil dalam satu akuarium."
492,9,4,8,4,0,Populasi adalah jumlah dari organisasi sebuah kelompok hewan Komunitas adalah kelompok masyarakat tetapi terkait lingkungan dan mahluk hidup Ekosistem adalah hubungan timbal balik tak terpisahkan antara mahkluk hidup dengan lingkunnya
493,9,10,8,10,0,"A. Populasi adalah sekumpulan makhluk hidup sejenis, contoh: sekumpulan kambing B. Komunitas adalah sekumpulan populasi yang saling mempengaruhi, contoh: hewan pemburu yang memangsa hewan lainnya C. Ekosistem adalah interaksi atau hubungan timbal balik makhluk hidup dengan lingkungannya, contoh: manusia merawat tanaman dan tanaman memberi oksigen"
494,9,7,8,7,0,Populasi Adalah kumpulan sejenis maklhuk hidup di suatu tempat Populasi= cmn kumpulan ikan trsbt Komunitas Adalah sebuah tempat yng mengumpulkan beberapa jenis hewan Contoh= Ikan bersama hewan lainya seperti ikan bersama trumbu karang Ekosistem Adalah dimana dia di taruh di tempat habitat aslinya Contoh= Ikan berada di laut
495,9,1,8,1,0,Populasi adalah banyaknya jumlah ikan di akuarium Komunitas adalah kumpulan ikan ikan di akuarium Ekosistem adalah tampat tingal ikan/ tempat berkembang biaknya ikan
496,9,10,8,10,0,Populasi adalah sekumpulan dari individu yang masih sama jenis contohnya sekumpulan komodo atau ikan Komunitas adalah sekumpulan individu yang terdiri dari berbagai jenis contohnya komunitas yang terdapat kumpulan rusa dan zebra Ekosistem adalah interaksi antara masing masing individu juga kumpulan yang terdiri dari abiotik juga biotik yang berbeda jenis contohnya singa yang sedang memangsa zebra
497,9,8,8,8,0,1. Kelompok hewan yang di isi dengan 1 spesies 2. kelompook hewan yang di isi dengan berbagai macam spesies 3. tempat tinggal hewan
498,9,1,8,1,0,Populasi=tidak memiliki daun Komunitas=hanya memiliki daun dan bintang laut Ekosistem=memiliki semuanya
499,9,7,8,7,0,ekosistem adalah suatu tempat tinggal atau habitat asli dari hewan tersebut community adalah suatu kumpulan hewan dan tumbuhan population adalah suatu binatang saja
500,9,10,8,10,0,1. Population adalah setiap makhluk hidup dengan spesies yang sama. 2. Community adalah sebuah kelompok dengan berbagai spesies berkumpul di suatu tempat. 3. Ecosystem adalah adanya timbal balik antara makhluk hidup pada lingkungan sekitarnya.
501,9,10,8,10,0,"1. Populasi adalah kumpulan suatu benda sejenis yang menempati suatu tempat tertentu. Contoh: Kumpulan/populasi buaya di sungai, kumpulan pohon mangga di kebun. 2. Ekosistem adalah suatu hubungan atau interaksi saling bergantung antara komponen komponen makhluk hidup maupun tak hidup. Contoh: Ikan dengan air, kupu kupu dengan bunga. 3. Komunitas adalah kumpulan berbagai jenis makhluk hidup yang menempati suatu tempat tertentu. Contoh: Kumpulan gajah, jerapah, dan badak di hutan."
502,9,10,8,10,0,populasi : kumpulan makhluk hidup sejenis di suatu tempat contoh : kumpulan singa di kebun binatang komunitas : kumpulan makhluk hidup berbagai jenis di suatu tempat contoh : kumpulan hewan di taman safari ekosistem : tempat dimana komponen biotik dan abiotik bertemu dan berinteraksi contoh : kumpulan makhluk hidup yang hidup di laut
503,9,4,8,4,0,* populasi adalah kumpulan dari satu hewan saja * community adalah kumpulan dari beberapa hewan saja * ecosystem adalah kumpulan dari segala hewan
504,9,10,8,10,0,"populasi adalah mahluk hidup yang mmiliki spesies yang sama,sedangkan ekosistem adalah hubungan tindak balik antara mahluk hidup dan lingkungan sekitarnya,dan sedangkan komunitas sering disebut sebagai kelompok masyarakat yang berkaitan dengan mahluk hidup dan lingkungan dan berkaitan juga dengan hewan dan tumbuhan."
505,9,7,8,7,0,POPULASI=KUMPULAN INDIVIDU SEJENIS YANG HIDUP DAN BERINTERAKSI DI SUATU DAERAH CONTOH= IKAN DIBAWAH LAUT YANG BERINTERAKSI DENGAN TERUMBU KARANG KOMUNITAS=KOMUNITAS ADALAH SEBUAH TEMPAT YANG DIBUAT OLEH SUATU MAKHLUK HIDUP UNTUK BERKUMPUL CONTOH= INTERAKSI HEWAN DENGAN HEWAN LAINNYA EKOSISTEM= EKOSISTEM ADALAH TEMPAT DIMANA HABITAT ASLI BERKUMPUL CONTOH= MONYET DI HUTAN
506,9,1,8,1,0,jadi Populasi tidak ada tumbuhan jadi ikan gampang mati kalau ada udara tumbuhan ikan akan hidup ekosistem untuk menampilkan tumbuhan tambahan bintang lebih menarik komunitas:lebih tambah menarik dikasih pupuk bias ikan tidak gampang mati dikasih batu tumbuhan biar tambah bagus
507,9,1,8,1,0,Population adalah suatu interaksi makhluk hidup dengan makhluk hidup yang lain atau adaptasi contoh pada gambar di atas terlihat ikan ikan yang sedang beradaptasi komonitas banyaknya makhluk hidup yang berinteraksi dangan makhluk lain seperti tanah dan air dan tumbuhan ekosistem adalah semua makhluk hidup menjadi satu seperti tanah dan tumbuhan lalu deberikan hewan seperti cacing dan belalang lalu air untuk mereka agar tidak haus
508,9,7,8,7,0,1. Ekoisistem adalah Suatu wilayah yang fisik nya saling berinteraksi 2. Population adalah Kumpulan individu yang spesies nya sama 3. Komunitas adalah Kumpulan spesies yang hidupnya bersama
509,9,4,8,4,0,"1. Populasi adalah kumpulan mahkluk hidup yang berada di tempat tersebut 2. Komunitas adalah kumpulan jenis mahkluk hidup yang berbeda beda 3. Ekosistem adalah suatu sistem ekologi yang terbentuk oleh hubungan timbal balik tak terpisahkan antara makhluk hidup dengan lingkungannya,"
510,9,10,8,10,0,-populasi: kumpulan ras sejenis yang hidup di suatu daerah. contoh: sekelompok semut yang berada di dalam tanah. -komunitas: kumpulan ras yang tak sejenis yang saling berinteraksi di suatu daerah. contoh: sebuah hiu dan sekelompok ikan di laut -ekosistem: suatu sistem yang terdiri dari komponen biotik dan abiotik. contoh: sistem air tawar
511,9,3,8,3,0,populasi adalah jumplah penghuni di suatu tempat atau lingkungan tertentu contoh nya dalah populasi indonesia komunitas adalah individu yang memiliki suatu kesamaan contoh komunitas etnis ekosistem adalah suatu sistem yang terdiri dari biotik dan abiotik yang saling berinteraksi contoh hutan
512,9,4,8,4,0,- population adalah suatu kumpulan hewan saja - community adalah kumpulan mahluk hidup dan benda mati - ecosystem adalah tempat atau habitat hewan dan tumbuhan atau benda mati tersebut
513,9,3,8,3,0,"POPULASI-KUMPULAN INDIVIDU SEJENIS YANG HIDUP DAN BERINTERAKSI DI SUATU DAERAH CONTOH;IKAN DI BAWAH LAUT YANG BERINTERAKSI DI TERUMBU KARANG KOMUNITAS-KOMUNITAS ADALAH SEBUAH TEMPAT YANG DIBUAT OLEH SUATU MAHLUK HIDUP UNTUK BERKUMPUL CONTOH;INTERAKSI HEWAN LAIN DENGAN HEWAN LAINNYA EKOSISTEM-ADALAH TEMPAT DIMANA HABITAT ASLI BERKUMPUL\ CONTOH;MANUSIA DI DARATAN,IKAN DI LAUT,MONYET DI HUTAN"
514,9,10,8,10,0,"1. Populasi adalah suatu perkumpulan hewan sesama jenis di wilayah atau area tertentu. Contoh: sekumpulan harimau di hutan, sekumpulan burung di pohon. 2. Komunitas adalah suatu kumpulan hewan berbeda jenis di wilayah atau area tertentu. Contoh: berbagai jenis hewan di laut ikan, lobster, dll , berbagai jenis burung di udara burung elang, burung gereja,dll 3. Ekosistem adalah biologi/suatu tempat tinggal untuk berbagai jenis hewan. Contoh: Hyena dan harimau tempat tinggal di hutan, kudanil tempat tinggal di air"
515,9,3,8,3,0,POPLASI ADALAH SUATU KELOMPOK HANYA SATU JENIS SAJA KOMUNITASADALAH SUATU KELOMPOK TIGA JENIS EKISISTEM ADALAH SUATU KELOMPOK LEBIH DARI TIGA JENIS
516,9,1,8,1,0,1. BERNAFAS DILAUTAN ATAU ALAM BEBAS SAN 4IKAN HIDUP 2. IKAN DIDALAM LAUTAN ALAM BEBAS 3. SEEKOR IKAN HIDUP DI
517,9,1,8,1,0,populasi : suatu habitat berkembang biak makhluk hidup komunitas : 2 jenis hewan yang berbeda tetapi dalam satu habitat ekositem : 1 hewan jenis yang berbeda tetapi dalam satu habitat
518,9,10,8,10,0,"Populasi adalah sejumlah hewan dan manusia di suatu tempat, seperti hewan anjing yang berjumlah 5. Ekosistem adalah suatu lingkungan yang saling ketergantungan antara makhluk hidup dengan yang lainnya, seperti tumbuhan yang bergantung pada komponen abiotik seperti tanah, air, atau matahari. Komunitas adalah sekumpulan hewan di area tertentu, seperti sekumpulan unta di gurun, sekumpulan ikan di laut."
519,9,7,8,7,0,POPULATION: satu kelompok sejenis COMMUNITY: makhluk hidup yang berada dalam 1 lingkungan ECOSYSTEM: semua makhluk yang berada dalam satu lingkungan atau hubungan timbal balik tak terpisahkan antara makhluk hidup dengan lingkungannya
520,9,3,8,3,0,A.population adalah kumpulan hewan hewan sejenis B=community adalah gabungan beberapa 2 jenis hewan yang di satuhkan C=ecosystem adalah gabungan beberapa hewan dan beberapa batu batuan dan rumput atau tempat habitat dari beberapa gabungan tempat habitat
521,9,1,8,1,0,"1.Populasi adalah jumlah hewan.Contoh=Populasi harimau sumatra mulai punah ! 2.komunitas adalah sekompulan hewan/orang yang sedang bersama-sama.Contoh=Terdapat komunitas pecinta hewan.Di tempat tersebut terdapat orang yang menyukai semua hewan 3.Ekosistem adalah ketika mahkluk hidup,air,tanah,Dll bersatu."
522,9,3,8,3,0,Populasi adalah setiap makhluk hidup memiliki spesies yang sama Komunitas adalah setiap makhluk hidup memiliki kegiatan yang berbeda beda Ekosistem adalah setiap makhluk hidup memiliki kehidupan yang berbeda beda
523,9,3,8,3,0,populasi adalah sekelompok hewan dengan jenis yang sama komunitas adalah sekolompok hewan ekosistem adalah sekolompok hewan dan beberapa tumbuhan
524,9,1,8,1,0,"Ekositem adalah sekumpulan makluk hidup entah itu hidup di air, ataupun hidup di daratan contohnya seperti gambar pada di atas ikan hidup di laut bersama rumput laut, bintang laut, batu, dan pasir laut. Komonitas adalah berbagai macam makluk hidup yang ada di sekitar itu contohnya seperti ikan yang hidup di laut bersama hewan lainnya. Populasi adalah pengelompokkan hewan contohnya seperti gambar di atas menunjukkan bahwa populasi ikannya ada 4."
525,9,10,8,10,0,Populasi adalah kumpulan hewan yang sama komunitas adalah kumpulan berberapa populasi ekosistem adalah interaksi antara benda mati dan mahluk hidup
526,9,10,8,10,0,"Populasi adalah makhluk hidup sejenis yang tinggal dalam suatu ekosistem, contohnya ikan yang tinggal di lautan. Komunitas adalah sekumpulan makhluk hidup dalam suatu tempat tertentu, contohnya sekumpulan ikan, rumput laut, terumbu karang, dll. Ekosistem adalah suatu sistem ekologi yang terbentuk oleh hubungan timbal balik yang tak terpisahkan antara makhluk hidup dengan lingkungan itu sendiri."
527,9,10,8,10,0,"1. populasi adalah perkumpulan individu/kelompok yang hidup bersama sama di suatu tempat 2.komunitas, komonitas terjadi saat dua spesies hewan atau bisa lebih hidup di wilayah yang sama 3. ekosistem adalah kumpulan benda abiotik dan biotik yang terdapat dalam sebuah lingkungan dari mahluk hidup"
528,9,10,8,10,0,Populasi adalah: Sekelompok makhluk hidu yang hidup di daerah tertentu Ekosistem adalah:Hubungan timbal balik makhluk hidup dan lingkungan nya Komunitas adalah: Kelompok yang terbentuk oleh semua makhluk hidup di daerah tertentu
529,9,3,8,3,0,"populasi adalah jumlah suatu mahkluk hidup yang sejenis yang tinggal di alamnya, seperrti ikan kerapu yang tinggal di laut community adalah kumpulan mahkluk hidup yang sejenis, seperti kumpulan ikan kerapu ecosystem adalah habitat yang masi lengkap untuk ditempati mahkluk hidup"
530,9,10,8,10,0,"Populasi adalah sekumpulan organisme yang sejenis ( contohnya sekumpulan serangga atau jenis jenis ikan ) Komunitas adalah sekumpulan sebuah populasi atau spesies yang berbeda ( contohnya ketika sejenis kumpulan ikan yang tinggal bersama ubur ubur ) Ekosistem adalah semua kumpulan secara dinamis yang terdiri atas berbagai spesies ( contohnya seperti akuarium yang berisikan batu, kerikil, daun daunan / tumbuhan yang diberi ikan hias, atau makhluk hidup seperti manusia yang sedang pergi ke kebun binatang )"
531,9,10,8,10,0,"1. Populasi, populasi adalah perkumpulan sebuah individu atau kelompok sejenis yang tinggal bersama di daerah atau area tertentu 2. Komunitas, komunitas terjadi saat 2 species atau lebih tinggal bersama di wilayah geografis secara bersama sama di waktu yang sama 3. ekosistem, ekosistem terdiri dari abiotik dan biotik yang saling berhubungan di lingkungan tertentu"
532,9,7,8,7,0,1. Populasi adalah jumlah hewan pada ekosistem tertentu 2. komunitas adalah mahkluk hidup yang ada pada ekosistem tertentu. 3. ekosistem adalah tempat di mana mahkluk hidup hewan dan tumbuhan terjadinya timbal balik.
533,9,10,8,10,0,"Populasi adalah kumpulan individu sejenis yang berinteraksi di suatu tempat Contoh : Kambing di padang rumput. Ekosistem adalah dimana terjadi hubungan salang tergatungan komponen di dalamnya baik hidut dan tidak hidup. Contoh Air dan tanah Komunitas adalah kumpulan berbagai makluh hidup yang hidup di tempat tertentu. Contoh : Padi, tikus, belalang, burung."
534,9,8,8,8,0,1. Populasi : Setiap makhluk hidup dengan spesies yang sama. 2. Komunitas : Kelompok masyarakat. Tetapi terkait dengan lingkungan dan makhluk hidup. 3. Ekosistem : Adanya timbal balik antara makhluk hidup pada lingkungan sekitarnya.
535,9,10,8,10,0,populasi adalah kumpulan mahkluk hidup sejenis dalam jumlah banyak contoh ikan yang tinggal di laut komunitas adalah sekumpulan mahkluk dalam suatu tempat tertemtu contoh rumput laut dan ikan ekosistem adalah interaksi antara komunitas dengan lingkungannya dengan membuat ekologi contohnya ikan ikan dilaut yang hidup bersama sama
536,9,10,8,10,0,"Populasi: Populasi adalah kumpulan mahluk hidup yang sejenis di suatu area atau tempat tertentu seperti contohnya ikan ikan emas di satu akuarium Komunitas: Komunitas adalah kumpulan mahluk hidup yang berbeda beda di suatu area atau tempat tertentu seperti contohnya di sawah ada komunitas padi, tikus, ular,siput, dan lain lain Ekosistem: Suatu sistem ekologi yang terbentuk oleh hubungan timbal balik tak terpisahkan antara makhluk hidup dengan lingkungannya, seperti contohnya ikan ikan di ekosistem atau habitatnya untuk hidup"
537,9,10,8,10,0,Populasi adalah suatu ekosistem atau kumpulan makhluk hidup sejenis yang tinggal di dalamnya seperti pada pada gambar pertama menunjukan bahwa terdapat suatu kumpulan ikan yang hidup di dalamnya. Komunitas adalah suatu semacam makhluk hidup yang tinggal di dalamnya. Ekosistem adalah suatu sistem ekologi atau kumpulan yang terbentuk dari hubungan timbal balik antara makhluk hidup dan lingkungannya.
538,9,6,8,6,0,1.Populasi adalah kumpulan hewan yang hidup bersama. 2.Komunitas adalah gabungan beberapa kelompok populasi. 3.Ekosistem adalah hubungan antara makhluk hidup dan lingkungan di sekitarnya.
539,9,6,8,6,0,1.Populasi adalah sekelompok makhluk hidup yang tinggal di satu tempat. 2.Komunitas merupakan kumpulan berbagai populasi yang saling berinteraksi. 3.Ekosistem adalah kombinasi antara makhluk hidup dengan benda mati.
540,9,6,8,6,0,1.Populasi berarti sekelompok organisme yang hidup bersama di suatu daerah. 2.Komunitas terdiri dari beberapa populasi yang hidup bersama. 3.Ekosistem adalah hubungan antara makhluk hidup dan benda di sekelilingnya.
541,9,6,8,6,0,1.Populasi adalah kumpulan hewan di suatu tempat. 2.Komunitas adalah interaksi antar populasi di wilayah tertentu. 3.Ekosistem adalah sistem di mana makhluk hidup berinteraksi dengan elemen-elemen alam.
542,9,6,8,6,0,1.Populasi adalah sekumpulan spesies hewan di suatu wilayah. 2.Komunitas adalah sekelompok populasi yang hidup berdampingan. 3.Ekosistem menggambarkan hubungan antara makhluk hidup dan lingkungan fisik.
543,9,6,8,6,0,1.Populasi adalah sekelompok hewan yang berada di tempat yang sama. 2.Komunitas merupakan pertemuan dari berbagai populasi. 3.Ekosistem adalah interaksi antara benda mati dan populasi yang ada.
544,9,6,8,6,0,1.Populasi adalah hewan-hewan yang berkumpul di suatu wilayah tertentu. 2.Komunitas adalah hasil gabungan beberapa kelompok populasi. 3.Ekosistem adalah hubungan timbal balik antara benda mati dan makhluk hidup.
545,9,6,8,6,0,1.Populasi adalah sekumpulan hewan di suatu area. 2.Komunitas terdiri dari beberapa populasi yang tinggal bersama. 3.Ekosistem adalah tempat di mana makhluk hidup dan benda mati saling berhubungan.
546,9,6,8,6,0,1.Populasi adalah sekelompok hewan yang hidup di tempat yang sama. 2.Komunitas adalah gabungan dari berbagai populasi. 3.Ekosistem adalah hubungan antara hewan dan elemen lain di lingkungannya.
547,9,4,8,4,0,1.Populasi merupakan kumpulan hewan atau manusia di satu daerah. 2.Komunitas adalah kelompok makhluk hidup dan elemen lingkungan seperti tanah. 3.Ekosistem melibatkan hubungan antara makhluk hidup dan unsur tak hidup di habitatnya.
548,9,4,8,4,0,"1.POPULASI ADALAH KUMPULAN INDIVIDU YANG PADA TEMPAT TERTENTU 2.Komunitas adalah kumpulan makhluk hidup beserta komponen lingkungan seperti tanah. 3.Ekosistem adalah gabungan lengkap dari berbagai makhluk hidup dan lingkungan, menciptakan interaksi yang saling bergantung."
549,10,9,9,9,0,"1. Menggunakan magnet: serbuk besi memiliki sifat magnetis, jadi magnet dapat memisahkan besi dari pasir dan garam. 2. Penyerapan: air dan garam dilarutkan di dalam air. 3. Filtrasi: menggunakan corong kecil untuk memisahkan pasir dan air garam. 4. Rekristalisasi: melakukan pemanasan secara perlahan agar air garam dapat menguap dan kembali jadi garam."
550,10,9,9,9,0,"1. Pertama tama kita larutkan terlebih dahulu campuran garam, pasir dan serbuk besi 2. Kemudian pisahkan garam dari larutan tersebut dengan cara destilasi. dengan memanaskan larutan. 3. Uap yang dihasilkan pada saat destilasi akan mengkristal. Hasil dari kristalisasi tersebutlah garam yang telah dipisahkan dari pasir dan serbuk besi 4. Lalu, untuk memisahkan pasir dan sebuk besi, menggunakan penyaringan. Pasir dan serbuk besi memiliki ukuran komponen yang berbeda jadi menggunakan teknik filtrasi ( penyaringan ) 5. Apabila masih ditemukan pasir pada tahap penyaringan pasir dan serbuk besi, maka digunakan magnet untuk mengangkat dan memisahkan serbuk besi dari pasir. Serbuk besi memiliki sifat magnetik, jadi dapat ditarik oleh magnet"
551,10,7,9,7,0,"1. Magnet tahap yang pertama itu magnet yaitu digunakan untuk memisahkan serbuk besi dengan cara menaruh magnet di atas campuran dan sehingga serbuk besi akan keangkat dan ketarik oleh magnet 2. Penyaringan tahan yang kedua yaitu penyaringan dengan cara menuangkan pasir dan garam ke dalam saringan, sebelum di tuang saringan bagian bawahnya di lapiskan dengan kain kasa sehingga ketika di saring yang jatuh hanya garam dan pasir akan di atas kain kasa 3. Evaporasi tahap yang terakhir yaitu evaporasi, garam yang telah disaring di letakkan dalam wadah lalu di beri air sedikit dan ditutup. lalu ditunggu untuk beberapa hari dan jadilah garam dalam bentuk butir butiran"
552,10,7,9,7,0,"cara untuk memisahkan serbuk besi, pasir dan garam adalah dengan cara 1. gunakan magnet untuk mengambil/memisahkan serbuk besi dari pasir dan garam 2. gunakan cara filterasi/penyaringan untuk memisahkan pasir dari serbuk besi dan garam 3. gunakan cara evaporasi/pengupan untuk memisahkan garam dari pasir dan serbuk besi."
553,10,8,9,8,0,"tahapan untuk memisahkan suatu campuran yang terdiri serbuk besi, pasir dan garam sehingga didapatkan besi, pasir dan garam yang terpisah adalah yang pertama menggunakan magnet sehingga serbuk besi dapat dipisahkan dari pasir dan garam, yang kedua menggunakan air sehingga pasir dapat terpisah dari garam"
554,10,9,9,9,0,-mendekatkan magnet ke pasir dapat memisahkan serbuk besi dengan pasir - memisahkan garam dengan pasir menggunakan air lalu dicampur garam lalu dipisahkan dengan cara disaring
555,10,9,9,9,0,Tahap-tahapan nya antara lain : 1) Langkah pertama adalah PELARUTAN 2) Kemudian DESTILASI (PENGUAPAN) untuk mengambil serbuk garam 3) Setelah itu melakukan proses KRISTALISASI 4) Selanjutnya melalui proses FILTRASI 5) Yang terakhir yaitu PEMISAHAN MAGNETIK
556,10,10,9,10,0,"1. Magnetis untuk mengambil serbuk besi dari pasir dan garam 2. Pasir dan garam diberi air lalu disaring (filtrasi) sehingga larutan terpisah 3. Evaporasi, air menguap dan garam mengkristal"
557,10,8,9,8,0,Magnetis dapat memisahkan serbuk besi Dekantasi > larutan garam & pasir > pasir Evaporasi & kristalisasi > garam
558,10,8,9,8,0,Pelarutan Filtrasi Kristalisasi Penyaringan Endapan Pemisahan magnetik
559,10,6,9,6,0,besi pasir dan garam bisa dipisahkan dengan cara menggunakan bahan yang mengandung magnet untuk memisahkan besih dengan pasir dan garam. lalu untuk memisahkan pasir dengan garam kita bisa menggunakan bahan yang mengandung magnet lebih kuat untuk memisahkan pasir dari garam
560,10,1,9,1,0,"Untuk memisahkan suatu campuran serbuk besi, pasir, dan garam sehingga besi, pasir dan garam yang terpisah yaitu"
561,10,7,9,7,0,"Tahapan yang pertama adalah menggunakan metode evaporasi atau penguapan. Setelah itu, tambahkan air ke campuran tersebut, lalu dapat melakukan proses penyulingan. Setelah melakukan semua proses tersebut akan didapatkan besi, pasir, dan garam yang sudah terpisah. Campuran sendiri merupakan 2 zat atau lebih yang disatukan seperti serbuk besi, pasir, dan garam yang disatukan seperti pada soal."
562,10,6,9,6,0,"mendistilasikannya. Sehingga besi, pasir dan garam dapat terpisah"
563,10,6,9,6,0,"jika serbuk besi psair dan garam tergabung menjadi satu, untuk memisahkan nya dapat dngan cara menaruh ditempat yang luas agar memisahkan nya lebih gampang. seperti dimeja belajar atau bisa memisahkan serbuk besi pasir dam garam dengan cara menaruh diair lalu disaring"
564,10,8,9,8,0,"Tahapan-tahapan dalam memisahkan suatu campuran yang terdiri dari serbuki besi, pasir, dan garam sehingga didapatkan besi, pasir dan garam yang terpisah: a. Pelarutan b. Filtrasi c. Kristalisasi d. Penyaringan, e. Endapan f. Pemisahan magnetik"
565,10,9,9,9,0,"Magnetis = proses mengambil besi dari pasir dan garam, pasir dan garam diberi air kemudian disaring (filtrasi) sehingga larutan terpisah. Evaporasi = air kemudian menguap dan garam mengkristal."
566,10,7,9,7,0,"pengendapan, magnetis, pemisahan, penyaringan"
567,10,8,9,8,0,"Pelarutan, Filtrasi, Kristalisasi, Penyaringan, Endapan, Pemisahan magnetis"
568,10,7,9,7,0,Permata pengedepan yang kedua penyaringan yang ketiga pemisahan magnetig
569,10,9,9,9,0,"magnet untuk memisahkan serbuk besi dan pasir garam dapat dilarutkan di dalam air lalu di saring atau filterasi dari pasir, setelah itu di uapkan/evaporasi untuk mendapatkan garam kembali."
570,10,6,9,6,0,"dengan mencampur besi,pasir dan garam lalu kita akan mencampur mereka dengan air biasa supaya mereka tercampur rata abis itu kita akan misah mereka dengan hati-hati supaya terpisah dengan bagus"
571,10,8,9,8,0,"Tahapan tahapan dalam memisahkan suatu campuran, yang terdiri dari serbuk besi, pasir dan garam sehingga didapatkan besi, pasir dan garam yang terpisah adalah dengan cara: 1. pelarutan 2. filtralisasi 3. kristalisasi 4. penguapan 5. endapan 6. pemisahan magnetik"
572,10,7,9,7,0,"-Filtrasi -Pelarutan -pengekstrakan -dan magnetisasi,Cara memisahkan nya kita akan menggunakan teknik magnetinasi yaitu dengan cara menggunakan magnet untuk memisahkan besi dari pasir dan garam."
573,10,10,9,10,0,"Tahapan untuk memisahkan suatu campuran yang terdiri serbuk besi, pasir dan garam : 1. Magnetis Manget didekatkan dengan campuran tersebut, dengan itu kita dapat mendapatkan serbuk besi secara terpisah. 2. Filtrasi Sebelum dilakukannya filtarsi pasir dan garam dicampurkan dengan air. Lalu garam dilarutkan dalam air. Setelah itu dilakukannya Filtrasi agar dapat dipisahkan antara air garam dengan pasir. 3. Kristalisasi Kristalisasi dilakukan pada air garam,kristalisasi dapat dilakukan dengan memanaskan air garam diatas kompor dan ditunggu hingga mengasilkan garam. Dengan itu kita dapat menghasilkan garam,serbuk besi dan pasir secara terpisah."
574,10,2,9,2,0,"Untuk memisahkan serbuk besi, pasir, dan garam membedakan antara 3 jenis itu sehingga dapat terpisahkan antara serbuk besi, pasir, dan garam terpisahkan dalam suatu campuran."
575,10,10,9,10,0,pertama melakukan magnetius agar serbuk besi terangkat lalu lakukan filterasi dengan mencampurkan air kedalam pasir dan garam agar menjadi larutan garam dan pasir akan tersaring dari filterasi terakhir lalukan evaporasi dengan mendidihkan larutan garam hingga air menguap dan garam akan mengkristal dan menjadi kerak garam
576,10,10,9,10,0,"Serbuk besi dapat dipisahkan dengan magnet. Garam dapat dilarutkan dalam air dan disaring/filtrasi dari pasir, lalu diuapkan/evaporasi untuk mendapatkan garam kembali."
577,10,9,9,9,0,"Pelarutan,filtrasi,kristalisasi,penyaringan,endapan,penarikan magnet"
578,10,10,9,10,0,magnet untuk memisahkan serbuk besi dan pasir garam dapat dilarutkan dalam air dan disaring atau filterasi dari pasir lalu diuapkan/evaporasi untuk mendapatkan garam kembali
579,10,2,9,2,0,1.Penarikan 2.pemisahan 3.magnetik
580,10,9,9,9,0,"Jadi tahap-tahapan yang akan dilakukan untuk memisahkan camouran serbuk besi, pasir dan garam yaitu: 1. pertama akan dilakukan proses penglarutan. 2. kedua dilanjutkan filtrasi. 3. ketiga dilakukannya kristalisasi. 4. keempat setelah melalui proses kristalisasi akan dilanjutkan proses penguapan. 5. setelah itu dilakukannya proses pengendapan. 6. dan akhirnya dilakukan yaitu tahap pemisahan magnetis untuk memisahsakan serbuk besi."
581,10,7,9,7,0,1. Filtrasi 2. Evaporasi 3. Magnetik
582,10,1,9,1,0,1.
583,10,9,9,9,0,"tahapan dalam mmeisahkan suatu campuran yang terdiri dari serbuk besi,pasir dan garam sehingga didapatkan besi,pasir dan garam yang terpisah adalah dengan melewati proses tahapan pelarutan,filtilasi,kristalisasi,pengendapan,penyaringan,destilisi dan pengangkatan besi dengan magnet. - Pelarutan -Filtilasi = untuk menyaring garam - kristalisasi : uap yang mengkristal -pengendapan -penyaringan -destilasi : untuk menyaring pasir - magnet : untuk mengangkat serbuk besi yang terkandung dalam campuran tersebut."
584,10,10,9,10,0,"Serbuk besi: KIta dapat menggunakan magnet untuk memisahkan serbuk besi dari campuran, karena serbuk besi akan menempel pada magnet. Pasir: Kita dapat menuangkan air terlebih dahulu sehingga garam menyatu dengan air, setelah itu kita menggunakan saringan halus untuk menyaring pasir agar pasir terpisah dari larutan garam. Garam: Kita dapat menaruh larutan garam kedalam wadah, setelah itu taruh wadah diruangan terbuka sehingga terkena panas, lalu tunggu sampai air menguap sehingga hanya meninggalkan garam."
585,10,10,9,10,0,tahapan untuk memisahkan suatu campuran melakukan kristalisasi
586,10,10,9,10,0,"Tahapan ke-1 : magnetis = besi Kita dapat menggunakan magnet untuk menyerap besi dalam campuran tersebut. Tahapan ke-2 : penyaringan = pasir Kita bisa menambahkan air kedalam campuran tersebut, sehingga garam akan larut dan menyisakan pasir, pasir dapat diambil menggunakan meode penyaringan. Tahapan ke-3 : evaporasi = garam Untuk mendapatkan garam, kita bisa memanaskan larutan garam tadi, lalu ketika larutan tersebut dipanaskan pada suhu tertentu air akan menguap dan menyisakan garam."
587,10,8,9,8,0,"pelarutan, filtirasi, kritalisasi, penyaringan, endapan, dan pemisahan magnetik"
588,10,10,9,10,0,"magnet untuk memisahkan serbuk besi dan pasir garam dapat dilarutkan di dalam air dan di saring atau filterasi dari pasir, lalu setelah itu di uap kan dan akan mendapatkan garam kembali."
589,10,10,9,10,0,"1. Magnetis. Dalam proses magnetis adalah proses untuk mengambil besi agar dapat dipisahkan dari campuran garam dan pasir. 2. Setelah itu, garam dan pasir diberi air kemudian disaring (filtrasi), sehingga larutan garam dan pasir terpisah. 3. Evaporasi. Evaporasi merupakan proses air menguap dan garam mengkristal."
590,10,8,9,8,0,"penguraian,filtrasi,kristalisasi,penyaringan,pengendapan,pemisahan magnetis"
591,10,10,9,10,0,"1. Magnet= Karena sifat magnetisnya yang beda, serbuk besi terpisah dari pasir dan garam. 2. Pasir dan garam ditambah air= Garam terlarut menjadi larutan garam. 3. Filtrasi= Pasir terpisah dari larutan garam. 4. Kristalisasi= Larutan garam menjadi ke bentuk awal yaitu garam."
592,10,4,9,4,0,Memisahkannya menggunakan penyaring yang saringannya berukuran kecil sehingga campuran besi tidak tercampur kembali. lalu cara memisahkan paris dan garam menggunakan cairan besi karna zat garam ketika mengenai zat besi akan menyatu untuk beberapa detik sehingga garam dan besi masih bisa terpisahkan.
593,10,7,9,7,0,"magnetic= serbuk besi besi jika di angkat atau di kenakan dengan besi,maka besi akan terangkat dengan magnet/menempel filterasi= dengan filterasi garam dapat diketahui begitu pula dengan pasir penyaringan= pasir dapat di saring sehingga dapat terpisah dengan besi dan garam"
594,10,8,9,8,0,"Berikut adalah tahapan tahapan untuk memisahkan suatu campuran yang terdiri serbuk besi, pasir dan garam sehingga didapatkan besi, pasir dan garam yang terpisah 1. Metode magnetis: Memisahkan serbuk besi dari campuran pasir dan garam. Sebab, serbuk besi adalah jenis logam yg dapat ditarik dgn magnet maka, dihasilkannya serbuk besi. 2. Metode Dekantasi Larutan garam dan pasir -> pasir 3. Metode evaporasi dan kristalisasi -> garam"
595,10,8,9,8,0,"1.penggunaan : serbuk besi dapat dipisahkan dari campuran menggunakan magnet karena besi adlah bahan yang dapat ditarik oleh medan magnet 2.penyaringan : air digunakan untuk melarutkan garam sehingga pasir dan serbuk besi akan tetap di atas penyaring. kemudian, air yang mengandung garam dapat dipisahkan dengan cara pemanasan 3.pengendapan : metode pengendapan juga dapat digunakan untuk memisahkan campuran ini. campuran direndam dalam air, lalu garam yang larut akan terlarut dalam air, setelah itu pasir dan serbuk besi akan mengendap dibawah wadah. garam yang sudah melarut dapat dipisahkan dengan menyaring airnya."
596,10,8,9,8,0,1. Magnet > perbedaan sifat 2. Magnetisnya> serbuk besi 3. Pengendapan 4. Penyaringan 5. Filtrasi 6. Kristalisasi 7. Pelarutan
597,10,1,9,1,0,"campuran dari serbuk besi, pasir dan garam masukkan serbuk besi lalu masukkan pasir lalu panaskan setelah itu kasih garam tunggu hingga panas sehingga terbentuknya alimunium dan terjadinya pasir garam dan besi di pisahkan karena ada yang dari alimunium ,hetorgen dan juga homogen. oleh karena itu pasir besi dan juga garam bisa di pisahkan ."
598,10,10,9,10,0,"Tahapan untuk memisahkan campuran yang terdiri dari serbuk besi, pasir, dan garam sehingga didapatkan besi, pasir dan garam terpisah adalah: 1. Magnetis: Untuk memisahkan besi dari garam dan pasir. 2. Filtrasi: Pasir dan garam diberi air lalu disaring untuk memisahkan pasir dari garam. 3. Evaporasi: Larutan garam akan dipanaskan sehingga air pada larutan garam menguap dan garam akan mengkristal dan menjadi kerak."
599,10,9,9,9,0,"Tahapan tahapan untuk memisahkan suatu campuran adalah dengan penyaringan, filterlisasi, kristalisasi, endapan, penguapan dan pemisahan magnetik. -serbuk besi dipisahkan dengan cara pemisahan magnetik -pasir dipisahkan dengan penyaringan atau filterlisasi - sedangkan garam dapat dipisahkan dengan distilasi uap atau penguapan"
600,10,4,9,4,0,"untuk memisahkan serbuk besi,pasir dan garam menggunakan magnet dan setelah itu serbuk tersebut menjadi zat padat sehingga terpisah dari serbuk tersebut"
601,10,1,9,1,0,"tahapan yang dilakukan adalah: jika ketiga nya tersebut pada dalam satu wadah, kita terlebih dahulu tuangkan keluar wadah tersebut. setelah itu mulai kita memisahkan ketiga nya tersebut caranya adalah, kita harus terlebih dahulu mencari serbuk besi nya karena mungkin kalau tidak salah serbuk besi itu beda dari yang lain soalnya namanya saja ada besinya jadi harus nya serbuk besi paling dahulu bisa ditemukan. nah, setelah itu kita lanjutkan dengan mencari pasir, karena seharusnya pasir warnanya berbeda dengan garam jadi gampang untuk dibedakan. nah, setelah dapat tersisa garam yang terakhir jadi itulah tahapan menurut saya."
602,10,7,9,7,0,Pelarutan--->Filtrasi--->Kristalisasi--->Penyaringan--->Pengendapan--->Pemisahan Magnetik
603,10,6,9,6,0,Menggunakan magnetic yg kuhusus untuk memisahkan masing-masing mulai serbu besi hingga garam yg terpisah
604,10,6,9,6,0,menggunakan pemisahan magnetis yang berfungsiuntuk memisahkanserbuk besi dengan pasir dan garam
605,10,10,9,10,0,"Tahapan untuk memisahkan suatu campuran yang terdiri serbuk besi, pasir dan garam, yaitu : 1. Proses magnetisasi, yaitu proses untuk memisahkan serbuk besi dari campuran pasir dan garam menggunakan magnet. 2. Proses Disolusi ( Pelarutan ) yaitu proses menambahkan dan mencampurkan air kedalam campuran garam dan pasir. Garam larut ke dalam air sedangkan pasir tidak larut kedalam air. 3. Proses Filtrasi ( Penyaringan ) yaitu proses memisahkan larutan air garam dan pasir menggunakan kertas saring atau alat penyaringan lainnya. Pasir akan tertinggal di atas saringan sehingga pasir disebut sebagai residu dan air garam akan melewati saringan sehingga air garam akan disebut sebagai filtrat. 4. Proses Evaporasi dan Kristalisasi yaitu proses memanaskan larutan air garam hingga airnya menguap dan meninggalkan atau menyisakan garam dalam bentuk kristal."
606,10,10,9,10,0,"magnetis = memisahkan besi dari garam dan pasir / menggunakan magnet untuk mengambil besi filtrasi = memisahkan besi, pasir dan garam dengan menggunakan saringan evaporasi = memisahkan air dengan garam (memanaskan air) air akan mendidih sedangkan garam akan mengkristal"
607,10,7,9,7,0,"Pemisahan serbuk besi sendiri dapat menggunakan magnet sebagai pembantu proses pemisahan karena magnet dapat menarik benda yang memiliki kandungan magnetik didalamnya. Bahan-bahan atau hal-hal yang memiliki kandungan besi seperti serbuk besi tersebut memiliki daya magnetik didalamnya sehingga setelah diendapkan, magnet dapat menarik serbuk besi tersebut dan memisahkannya dari hal lain yang tak memiliki daya magnetik atau kandungan besi didalamnya seperti contohnya tanah. Pasir dapat menggunakan proses penyaringan. Metode penyaringan mengandalkan perbedaan ukuran dalam prosesnya. Pasir dan garam memiliki ukuran yang berbeda sehingga pemisahan menggunakan metode penyaringan cukup efektif. Selain penyaringan, garam juga dapat menggunakan penyubliman. Namun, metode pengendapan juga dapat digunakan untuk pemisahan pasir dan garam."
608,10,2,9,2,0,dengan cara teori magnetik yang pertama masukkan serbuk besi lalu tuangkan pasir dan garam
609,10,9,9,9,0,"-lakukan filtrasi untuk memisahkan bubuk besi -campur pasir dan garam dengan air lalu aduk sampai garam terlarut, lalu pisahkan pasir dengan air yang sudah terlarut sebelumnya, didapatkanlah pasir yang terpisah -kemudian untuk mendapatkan garam yang terpisah dari air bisa menggunakan sistem kristalisasi dengan cara membiarkan air berada di bawah matahari sampai air kering dan garam akan mengendap didasar wadah, atau menggunakan kompor, dengan cara memanaskannya sampai air habis kering, setelah air habis maka garam akan muncul didasar wadah."
610,10,10,9,10,0,"- Untuk memisahkan besi kita menggunakan magnet agar besi terpisah dari pasir dan garam (magnetis) - Lalu untuk memisahkan pasir menggunakan proses (filtrasi) yaitu dengan mencampur dengan air kemudian di saring, maka pasir akan terpisah dari garam - Selanjutnya dengan menggunakan proses (evaporasi) yaitu nanti garam akan menguap dengan sendirinya karena terkena sinar matahari"
611,10,10,9,10,0,"Tahap-tahap: 1. Gunakanlah magnet untuk memisahkan besi dari campuran. 2. Menggunakan cara filtarisasi untuk melarutkan garam, lalu campuran disaring agar pasir dan serbuk besi terpisah dengan air. Sisa air garam dipanaskan agar menguap dan mendapatkan garam. 3. Lalu kita menggunakan proses pengendapan. Yaitu campuran di rendam dalam air sedangkan serbuk besi dan pasir mengendap. Air garam disaring untuk mendapatkan garam."
612,10,7,9,7,0,"menggunakan cara fliterisasi atau endapan kepadaserbuk besi, pasir, dan garam lalu hasil fliterisasi atau pun endapannya juga bisa di gunakan, lalu sampah endapannya bsa di buang agar tidak mengotori"
613,10,8,9,8,0,"Tahapan untuk memisahkan suatu campuran: 1. Serbuk besi melakukan proses pemangnetan 2. Garam melakukan proses penguapan/distrilasi uap, agar menjadi garam 3, Pasir melakukan proses penyaringan"
614,10,10,9,10,0,"Tahapan untuk memisahkan suatu campuran yang terdiri dari serbuk besi, pasir dan garam, sehingga didapatkan besi, pasir, dan garam yang terpisah yaitu: 1.) Menggunakan metode magnetis untuk memisahkan serbuk besi dari campuran pasir dan garam, karena serbuk besi merupakan jenis logam dimana dapat ditarik dengan magnet, maka didapatkanlah serbuk besi 2.) Menggunakan metode dekantasi pada campuran pasir dan garam. Jadi campuran pasir dan garam diletakkan pada suatu wadah dan akan diberi air dan didiamkan hingga pasir mengendap pada bagian bawah wadah. Biasanya pada metode dekantasi substansi yang mengendap dibawah dan air akan dipisahkan dengan membuang air perlahan ke wadah lainnya hingga terpisah dari endapan, namun pada pemisahan garam dan pasir dilakukan dengan filtrasi. Jadi larutan garam dan endapan pasir tersebut akan disaring dengan saringan berupa kain dimana larutan garam akan terpisah dari pasir yang tersaring, maka didapatkanlah pasir 3.) Menggunakan metode evaporasi dan kristalisasi, dimana larutan akan dipanaskan hingga airnya menguap (bagian dari evaporasi) lalu garam yang tersisa akan mengkristal menjadi kerak atau residu pada bagian bawah wadah untuk memanaskan (bagian dari kristalisasi), sehingga larutan air dan garam dapat terpisah dan didapatkanlah garam"
615,10,10,9,10,0,"Tahapan untuk memisahkan suatu campuran yang terdiri atas serbuk besi, pasir, dan garam: 1. Tahapan pertama: Memisahkan serbuk besi dari pasir, dan garam dengan menggunakan magnet, karena serbuk besi bersifat magnetik. Oleh karena itu pada saat suatu magnet didekatkan, maka serbuk besi akan menempel ke magnet 2. Tahapan kedua: Memisahkan pasir dari garam, dengan menggunakan teknik endapan. Karena garam memiliki massa lebih besar daripada pasir, maka garam akan mengendap di bawah, dan pasir tercampur dengan air, lalu air dengan pasir dapat dipisahkan dengan tahapan ketiga 3. Tahapan ketiga: Setelah, terdapat air dan pasir, maka teknik selanjutnya yang digunakan adalah penyaringan atau yang biasa disebut juga sebagai teknik filtrasi. Karena ukuran partikel garam dan pasir yang berbeda, maka hasil penyaringan yang kita dapatkan atau bisa disebut juga sebagai filtrat hanyalah pasir 4. Teknik keempat: Memisahkan garam yang basah dengan teknik destilasi atau teknik yang memanfaatkan titik didih dari kedua campuran yang berbeda, sesudah panas maka air akan mulai menguap dan garam tetap mengendap di bawah, dikarenakan titik didih air yang lebih rendah daripada garam, maka air akan berubah dari wujud cair menjadi gas atau yang bisa kita sebut juga sebagai proses penguapan"
616,10,6,9,6,0,"Penguraian, filtrasi, kristalisasi, penguapan, endapan, dan proses pemisahan magnetik."
617,10,7,9,7,0,untuk memisahkan serbuk besi menggunakan metode pemagnetan untuk garam menggunakan distilasi uap untuk pasir menggunakan penyaringan
618,10,2,9,2,0,"1. menggunakan suntik mainan lalu angkat satu persatu dengan perlahan 2. tuangkan minyak, besi, pasir, dan garam ke wadah yang berbeda 3. sudah selesai dan semua cairan akan terpisah."
619,10,2,9,2,0,"Tahapan untuk memisahkan suatu campuran yang terdiri dari serbuk besi, pasir, dan garam agar terpisah adalah dengan cara memisahkan mereka satu persatu"
620,10,8,9,8,0,"1. penggunaan maget : serbuk besi dapat dipisahkan dari campuran dengan menggunakan magnet karena besi adalah bahan yg dapat ditarik oleh medan magnet 2. penyaringan : air gigunakan untuk melarutkan garam, kemudian campuran disaring untuk memisahkan pasir dan serbuk besi . air garam yg tersisa dipanaskan untuk menguapkan air dan mendapatkan garam 3. pendapat : campuran direndan dalam air, garam larutan dalam air, sedangkan pasir dan serbuk besi mengendap. air garam disaring untuk medapatkan garam"
621,10,9,9,9,0,"1. Magnetis: Memisahkan serbuk besi dari pasir dan garam. 2. Penyaringan: Pasir dan garam diberi air, sehingga pasir dan garam terpisah. 3. Evaporasi: Proses penguapan sehingga garam menjadi kristal."
622,10,7,9,7,0,Mengggunakan metode pemisahan dengan magnet. magnet digunakan untuk memisahkan besi dari pasir dan garam. kemudian menggunakan metode pemisahan dengan penyaringan untuk menyaring pasir dan memisahkan nya dengan garam.
623,10,9,9,9,0,"CARA MEMISAHKAN SERBUK BESI, PASIR DAN GARAM untuk memisahkan besi dan pasir, cukup menggunakan magnet, karena besi memiliki sifat yang dapat tertarik oleh magner. dan serbuk pasir tidak dapat tertarik oleh magnet cara memisahkan garam itu simpel, metode ini digunakan untuk memisahkan minyak kayu putih juga, metode ini disebut DISTILASI UAP."
624,10,9,9,9,0,Tahapan yang dilalui: 1.Magnetis untuk mengambil besi dari campuran pasir dan garam. 2.Pasir dan garam diberi air agar pasir bisa terpisah. 3.Terakhir unutk mengambil garam gunakan metode evaporasi hasilnya air akan menguap dan garam akan mengkristal.
625,10,10,9,10,0,"1. mencampurkan campuran dengan air, membuat garam menjadi larut 2. magnetik, untuk memisahkan serbuk besi pada campuran, sehingga menyisakan campuran pasir dan garam 3. ayakan, untuk memisahkan larutan garam dengan pasir 4. pengendapan 5. evaporasi, mengubah larutan garam menjadi uap hingga mendidih 6. kristalisasi, pembekuan larutan garam untuk menghasilkan garam murni"
626,10,8,9,8,0,serbuk besi dipisahkan menggunakan magnet pisahkan pasir dan garam menggunakan air sehingga garam ikut terlarut fsairng pasir menggunakan kain
627,10,9,9,9,0,"1. Untuk memisahkan serbuk besi, maka digunakan metode pemisah yaitu magnetik dimana pemisahannya menggunakan magnet. serbuk besi akan menempel pada magnet dan yang bukan serbuk besi tidak akan menempel pada magnet sehingga terpisah. 2. Untuk memisahkan pasir, maka digunakan metode pemisah yaitu saringan atau filtrasi. Pasir akan melewati rongga rongga penyaringan karena memiliki wujud yang sangat kecil sehingga dapat terpisah melalui saringan dan pasir yang sudah difiltrasi dinamakan filtrat. 3. Untuk memisahkan garam, maka digunakan metode pemisah yaitu metode pemisah dengan destilasi atau dengan cara menyumblim. garam dipanaskan sehingga uap terpisah dari garam dan menjadi terpisah."
628,10,9,9,9,0,pisahkan serbuk besi menggunakan magnet lalu pisahkan pasir menggunakan air lalu aduk sampai garam ikut terlarut lalu saring pasir menggunakan kain lalu keringkan lalu cara memisahkan garam dari air dengan memasak air hingga surut sehingga tersisa endapan garam lalu tiriskan
629,10,8,9,8,0,"1.penggunaan magnet : serbuk besi dapat dipisahkan dari campuran dengan menggunakan magnet dikarenakan besi adalah bahan yang dapat ditarik oleh medan magnet 2.penyaringan : air dapat digunakan untuk melarutkan garam,lalu campuran disaring untuk dapat memisahkan pasir dan serbuk besi .air garam yang tersisa dipanaskan untuk dapat menguapkamn air dan juga mendapatkan garam 3.pengendapan : campuran yang direndam di dalam air,sedangkan pasir dan juga serbuk besi mengendap di air garam untuk mendapatkan garam"
630,10,7,9,7,0,1.besi cara memisakannya adalah menggunakan magnet 2.pasir dengan cara disaring/diayak 3.garam dengan cara berikan air agar garam larut
631,10,8,9,8,0,"Serbuk besi menggunakan magnet untuk terpisah. Pasir menggunakan filtrasi/penyaringan untuk terpisah. sedangkan, garam mengguhnakan evaporasi."
632,10,8,9,8,0,"Untuk serbuk besi cara memisahkan dengan magnet karena besi mempunyai sifat magnetik sementara pasir tidak bisa ditarik karena tidak mempunyai sifat magnetik, sementara untuk garam memisahkan dengan cara proses evaporasi atau penguapan"
633,10,10,9,10,0,"Tahapan memisahkan suatu campuran yang terdiri dari serbuk besi, pasir dan garam sehingga didapat besi, pasir dan garam yaitu: 1. Langkah yang pertama kita memakai magnet untuk mengambil besi, jadi yang tersisa sekarang adalah garam dan pasir. 2. Langkah yang kedua kita bisa melarutkan air ke dalam garam dan pasir kemudian melakukan filtrasi/penyaringan, jadi pasir nya akan tersaring, dan tinggal campuran air dan garam. 3. Langkah yang ke 3 atau langkah terakhir adalah melakukan evaporasi/pemanasan terhadap campuran air dan garam, agar air nya menguap dan hanya garam yang tersisa. Jadi campuran serbuk besi, pasir dan garam akan terpisah dengan magnet, melakukan filtrasi/penyaringan dan melakukan evaporasi/pemanasan."
634,10,7,9,7,0,"pertama, siapkan magnet untuk mengambil serbuk besi pada campuran kedua, letakan campuran pada air supaya molekul air mengambil garam ketiga, ambilkan pasir di genangan air dan letakkan dekat matahari supaya mengering terus ambil air garam dan letakkan di panas matahari yang terik supaya air menguap dan tersisa garam."
635,10,8,9,8,0,1. Magnetis : Memisahkan besi dengan yang lainnya dengan cara mendekatkan magnet ke besi sehingga besi terpisah degan lainnya. 2. Filtrasi : Memberi air ke pasir dan garam lalu menyaringnya 3. Evolitrasi : Air menguap sehingga garam menjadi mengkristal
636,10,6,9,6,0,peloporan filterisasi kristalisasi penguapan endapan pemisahan maknetik
637,10,9,9,9,0,"Untuk memisahkan serbuk besi, pasir dan garam yaitu terlebih dahulu jika ingin mengangkat serbuk besi dari pasir dan garam maka menggunakan magnet. Setelah itu untuk mengangkat pasir dari garam menggunakan Dekantasi dan untuk memisahkan garam dari pasir menggunakan Sublimasi."
638,10,8,9,8,0,"memisahkan besi menggunakan cara magnetic,memisakan pasir dengan cara penyaringan atau filterisasi, dan memisahkan garam dengan desilitasi."
639,10,7,9,7,0,petama gunakan magnet untuk memisahkan serbuk besi garam menggunakan distrilasi uap pasir mengguakan metode penyaringan
640,10,8,9,8,0,"dengan menggunakan cara menggunakan magnet, magnet akan menarik serbuk besi dan menyaring pasir dan garam sehingga serbuk besi, pasir, dan garam terpisah."
641,10,8,9,8,0,pertama untuk mendapatkan serbuk besi kita dapat menggunakan magnet agar dapat terpisahkan. kedua untuk mendapatkan pasir yang harus dilakukan adalah melarutkan garam agar pasir dapat disaring dan terpisahkan. ketiga untuk mendapatkan garam yang harus dilakukan adalah memanaskan larutan garam agar mendapatkan garam.
642,10,7,9,7,0,1. serbuk pasir sama dengan magnet 2. garam sama dengan distrilasi uap 3. pasir sama dengan penyaringan
643,10,9,9,9,0,"yang pertama memisahkan serbuk besi dengan menggunakan teknik magnetik, yang kedua memisahkan pasir dengan teknik filtrasi atau penyaringan, dan yang terakhir garam dengan menggunakan teknik pengkristalan, garam dipanaskan sehingga cairan dan garam terpisah."
644,10,7,9,7,0,serbuk besi : magnet garam : distrilasi uap pasir : penyaringan
645,10,9,9,9,0,"1. Pemisahan : menggunakan magnet agar serbuk besi dapat menempel pada magnet dan terpisah dari campuran pasir dan garam. 2. Filtrasi : dengan menambahkan air di campuran pasir dan garam, kemudian di filtrasi agar pasir dan garam terpisah. 3. Evaporasi : dengan memanaskan larutan air garam hingga air menguap dan tersisa garam."
646,10,6,9,6,0,Memisahkan campuran ketiga partikel ini dapat dilakukan dengan cara : 1. Memisahkan serbuk besi dapat menggunakan sistem magnetis yaitu mendekatkan magnet ke campuran tersebut menggunakan sebuah magnet 2. memisahkan pasir dengan garam dapat dilakukan dengan metode pengayakan/penyaringan 3. Bisa juga dengan ditambahkan air lalu menggunakan metode penguapan
647,10,2,9,2,0,"1, penggunaan magnet,"
648,10,4,9,4,0,"dengan menggunakan mesin pemisah serbuk campuran: 1. tuangkan suatu campuran serbuk ke dalam mesin 2. siapkan tempat untuk memisahkan hasil serbuk 3. pisahkan serbuk campuran hasil dari pemisahan menjadi sebuk besi,serbuk pasir,dan serbuk garam"
649,10,1,9,1,0,kosong
650,10,8,9,8,0,"1. Serbuk besi dipisahkan dengan menggunakan magnet 2. Pasir dengan penyaringan 3. Garam dengan evaporasi Langkah : 1. Taruh serbuk besi dan pasir dan garam di satu wadah 2. Ambil magnet untuk memisahkan serbuk besi dengan pasir 3. Serbuk besi akan terangkat dan pasir akan tetap di wadahnya 4. Lalu garam dipisahkan dengan didiamkan dibawah sinar matahari sehingga terbentuklah kristal kristal 5. Lalu pasir dan garam disaring, partikel yang lebih kecil yaitu garam akan tersaring sehingga pasir terpisah dengan garam"
651,10,2,9,2,0,"1. menyiapkan tempat untuk memisahkan serbuk besi ,pasir,garam 2.menggunakan sarung tangan 3."
652,10,10,9,10,0,"Pertama kita pisahkan terlebih dahulu serbuk besi menggunakan metode magnetisasi menggunakan magnet untuk menarik serbuk besi sehingga terpisah dari campuran. Kedua kita lakukan metode filtrasi untuk menyaring dan memisahkan antara larutan garam dan endapan pasir Ketiga kita menggunakan metode Kristalisasi/Evaporasi untuk memisahkan antara larutan garam dan air, dengan cara cukup dijemur dipanas matahari lalu airnya akan menguap dan garam akan mengkristal dan berkerak dibawah."
653,10,2,9,2,0,memisahkan serbuk besi dan pasir.pertama mengangkat serbuk besi dengan menggunakan magnet setelah itu mengangkat dengan
654,10,8,9,8,0,"1. penggunaan magnet; terdapat dua campuran yaitu serbuk pasir dan serbuk besi, setelah itu masukan magnet kedalam kedua campuran tersebut, kemudian serbuk besi akan menempel pada magnet. karena serbuk besi mudah menempel pada magnet 2. proses penyaringan serbuk pasir; pasir akan diayak menjadi lebih kecil. 3. proses krtistalisai: garam dijemur dibawah sinar matahari dan garam menguap menjadi air dan terbentuk proses kristalisasi"
655,10,4,9,4,0,"Untuk memisahkan serbuk besi, pasir, dan garam, magnet dapat digunakan. Setelah proses pemisahan, serbuk besi akan menjadi zat padat dan terpisah dari serbuk lainnya."
656,10,4,9,4,0,"Mesin pemisah serbuk campuran dapat digunakan untuk memisahkan serbuk besi, pasir, dan garam dengan cara: Menuangkan campuran serbuk ke dalam mesin Menyiapkan tempat untuk memisahkan hasil serbuk Memisahkan serbuk campuran menjadi serbuk besi, serbuk pasir, dan serbuk garam"
657,10,4,9,4,0,"Campuran besi dapat dipisahkan menggunakan penyaring halus sehingga komponen-komponennya tidak tercampur kembali. Selain itu, cairan besi dapat digunakan untuk memisahkan garam dan pasir karena garam akan menyatu dengan besi untuk beberapa detik, memungkinkan pemisahan."
658,10,4,9,4,0,"Campuran besi dapat dipisahkan menggunakan penyaring halus sehingga komponen-komponennya tidak tercampur kembali. Selain itu, cairan besi dapat digunakan untuk memisahkan garam dan pasir karena garam akan menyatu dengan besi untuk beberapa detik, memungkinkan pemisahan."
659,10,4,9,4,0,"Magnet dapat digunakan untuk memisahkan serbuk besi, pasir, dan garam. Setelah proses pemisahan, serbuk besi akan menjadi zat padat dan terpisah dari serbuk lainnya."
660,10,4,9,4,0,"Dengan menggunakan magnet, kita dapat memisahkan serbuk besi, pasir, dan garam. Setelah proses pemisahan, serbuk besi akan menjadi zat padat dan terpisah dari serbuk lainnya."
661,10,4,9,4,0,"Untuk memisahkan campuran besi, pasir, dan garam, kita dapat menggunakan penyaring yang sangat halus sehingga komponen-komponennya tidak tercampur kembali. Kemudian, kita dapat menggunakan cairan besi untuk memisahkan garam dan pasir karena garam akan menyatu dengan besi untuk beberapa detik, memungkinkan pemisahan."
662,10,6,9,6,0,Memisahkan campuran ketiga partikel ini dapat dilakukan dengan cara: Memisahkan serbuk besi dapat menggunakan sistem magnetis yaitu mendekatkan magnet ke campuran tersebut menggunakan sebuah magnet Memisahkan pasir dengan garam dapat dilakukan dengan metode pengayakan/penyaringan Bisa juga dengan ditambahkan air lalu menggunakan metode penguapan
663,11,8,10,8,0,"1. Kami putra putri Indonesia mengakui pertumpahan darah yang satu, tanah air Indonesia 2. Kami putra putri Indonesia mengakui berbangsa yang satu, bangsa Indonesia 3. Kami putra putri Indonesia menjunjung bahasa persatuan, Bahasa Indonesia"
664,11,2,10,2,0,naskahnya0 adalah kami bangsa indonesia dengan ini menyatakan indonesia telah merdeka
665,11,2,10,2,0,1. Kami para putra-putri Indonesia menyatakan dengan ini tidak akan ada lagi pertumpahan darah. 2. Kami putra-putri Indonesia akan berjuang demi Kemerdekaan Indonesia untuk Seluruh rakyat Indonesia 3. Kami puta-putri Indonesia berjanji untuk melawan penjajahan dan mengusir penjajahan dengan baik dan tidak akan menumpahkan darah di tanah Indonesia ini.
666,11,3,10,3,0,"1. kami putra putri indonesia mengaku memiliki tanah air yang satu, dan berbangsa satu 2. kami putra putri indonesia mengaku berbahasa yang satu 3. kami putra putri indonesia mengaku memiliki tanah yang merdeka dan berdaulat"
667,11,10,10,10,0,"Kami putra putri indonesia berbangsa yang satu. bangsa Indonesia Kami putra putri indonesia berbahasa yang satu. bahasa indonesia Kami putra putri indonesia bertumpah darah yang satu, tanah air indonesia"
668,11,10,10,10,0,Kami Putra Putri Indonesia mengaku bertumpah darah yang satu di indonesia Kami Putra Putri Indonesia mengaku berbahasa satu yaitu bahasa Indonesia Kami Putra Putri Indonesia mengaku berbangsa satu yaitu bangsa Indonesia
669,11,3,10,3,0,"Kami putra putri Indonesia mengakui pertumpahan darah yang satu tanah air Berbangsa yang satu, bangsa Indonesia Bahasa persatuan, bahasa Indonesia"
670,11,2,10,2,0,kami putra putri indonesia bertumpah darah yang satu
671,11,2,10,2,0,"Para pemuda pemudi Indonesia menjunjung tanah air Indonesia, tumpah darah semangat kemerdekaan"
672,11,2,10,2,0,kami putra dan putri indonesia mengaku berbahasa yang satu
673,11,2,10,2,0,Naskah sumpah pemuda adalah naskah Kongres Pemuda kedua yang di gagas oleh Perhimpunan Pelajar Pelajar Indonesia.
674,11,1,10,1,0,kosong
675,11,2,10,2,0,"Kami pemuda pemudi Indonesia, menyatakan seluruh rakyat Indonesia Kemerdekaannya"
676,11,2,10,2,0,1. Kami Putra Putri Indonesia menyatakan dengain ini hak segala bangsa kami putra putri menyatakan bersatu berdaulaut adik dan makmuir
677,11,7,10,7,0,Sumpah Pemuda 1. kami putra putri indonesia mengaku menggunakan bahasa persatuan bahasa Indonesia 2.kamiputra danputriindonesia mengaku bertumpah darah untuk indonesia 3. kami puteraputeri indonesia
678,11,3,10,3,0,"Kami putra-putri Indonesia mengaku berbangsa yang satu, bangsa Indonesia. Kami putra-putri Indonesia menjunjung tinggi persatuan. Kami putra-putri Indonesia berbahasa yang satu, bahasa Indonesia."
679,11,10,10,10,0,1. Kami bangsa Indonesia mengaku bertanah air yang satu bangsa Indonesia 2. Kami bangsa Indonesia mengaku bahasa yang satu bahasa Indonesia 3. Kami bangsa Indonesia mengaku bertumpah tanah air yang satu bangsa Indonesia
680,11,7,10,7,0,"Naskah sumpah pemuda, antara lain: 1. Kami putra dan putri Indonesia mengaku tumpah darah Indonesia. 2. Kami putra dan putri Indonesia mengaku berbangsa yang 1 Bangsa Indonesia. 3. Kami putra dan putri Indonesia mengaku bahasa yang 1 bahasa Indonesia."
681,11,7,10,7,0,Kami putra dan putri Indonesia mengaku berbangsa satu bangsa Indonesia Kami putra dan putri Indonesia mengaku bernegara satu negara Indonesia Kami putra dan putri Indonesia mengaku berbahasa satu bahasa Indonesia
682,11,3,10,3,0,"-Kami putra dan putri Indonesia mengaku bertumpah darah yg satu -Kami putra dan putri indonesia bahwa kita tidak membeda-bedakan Ras,Suku dan Agama"
683,11,2,10,2,0,kami putra putri pemuda indonesia menyatakan kemerdekaan indonesia.
684,11,3,10,3,0,Kami Putra Putri Indonesia Kami Putra Putri Indonesia bertumpah darah TAnah Air Indonesia
685,11,2,10,2,0,pembukaan bahwa kemerdekaan itu iyalah hak segala bangsa oleh kerena itu kami putera putri indonesia menyatakan bahwa penjajahan oleh karena itu penjajahan harus di hapuskan karena tidak sesuai dengan prikemanusia dan prikeadilan.
686,11,1,10,1,0,kosong
687,11,3,10,3,0,Kami Putra dan Putri Indonesia Menjunjung bahasa persatuan Indonesia Kami Putra dan Putri Indonesia Mengaku berbangsa yang satu bangsa Indonesia Kami Putra dan Putri Indonesia Mengaku bersumpah darah yang satu bangsa Indonesia
688,11,2,10,2,0,kami putra putri indonesia menjunjung tinggi sikap nasionalisme dan memiliki sikap semangat persatuan
689,11,10,10,10,0,"""Kami putra dan putri Indonesia, mengaku bertumpah darah yang satu, tanah air Indonesia. Kami bangsa Indonesia menjunjung tinggi bahasa persatuan, bahasa Indonesia. Kami putra dan putri Indonesia, mengaku berbangsa yang satu, bangsa Indonesia. Kami bangsa Indonesia menjunjung tinggi semangat kebangsaan. Kami putra dan putri Indonesia, mengaku berbangsa yang satu, bangsa Indonesia. Kami putra dan putri Indonesia mengakui adanya satu Tanah Air, satu Bangsa, dan satu Bahasa Persatuan. Kami putra dan putri Indonesia, mendjeloeskan satu tanah air, Indonesia. Sebab itu, kami mengakoe bertoempah darah jang satu, tanah air Indonesia. Sebab itu, kami mengakoe berbangsa jang satu, bangsa Indonesia. Sebab itu, kami mengakoe berbahasa persatoean, bahasa Indonesia."""
690,11,7,10,7,0,"SUMPAH PEMUDA 1. kami putra dan putri indonesia bersumpah, bangsa yang satu, bangsa Indonesia 2. kami putra dan putri indonesia bersumpah, berbahasa yang satu, bahasa indonesia. 3. kami putra dan putri indonesia bersumpah bertumpah darah...."
691,11,7,10,7,0,kami putra dan putri indfonesia menjunjung bahasa persatuan indonesia kami putra dan puti indonesia mengaku berbangsa yang satu bangsa indonesia
692,11,7,10,7,0,kami putra dan putri Indonesia bertumpah darah yang satu tanah air Indonesia kami putra dan putri Indonesia berbahasa yang satu bahasa indonesia kami putra dan putri indonesia mengaku bertanah air yang satu tanah air Indonesia
693,11,10,10,10,0,1. Kami putra dan putri Indonesia mengaku berbangsa yang satu bangsa Indonesia 2. Kami putra dan putri Indonesia mengaku bertumpah darah yang satu tanah airku Indonesia 3. Kami putra dan putri Indonesia menjunjung bahasa persatuan bahasa Indonesia
694,11,2,10,2,0,Kami pemuda pemudi indonesia berjanji dan berdaulat
695,11,3,10,3,0,"kami pemuda pemudi indonesia, menyatakan persatuan seluruh rakyat indonesia. kami pemuda pemudi indonesia, menyatakan bahasa persatuan indonesia adalah bahasa indonesia. kami pemuda pemudi indonesia, menyatakan untuk bersatu untuk melawan penjajahan."
696,11,2,10,2,0,kami putra putri pemuda indonesia kami pemuda indonesia dengan ini menyatakan
697,11,3,10,3,0,"kami putra dan putri Indonesia mengaku berbangsa yang satu, bangsa Indonesia"
698,11,3,10,3,0,kami sebagai pemuda-pemudi berjanji akan menggunakan bahasa indonesia sebagai bahasa persatuan kami sebagai pemuda-pemudi indonesia berjanji akan melaksanakan kewajiban dengan penuh tanggung jawab kami pemuda-pemudi indonesia berjanji akan menggunakan dasar negara sebagai pedoman sehari-hari
699,11,3,10,3,0,kami putra dan putri indonesia berdarah yang satu indonesia kami putra dan putri indonesia berbahasa yang satu indonesia
700,11,5,10,5,0,Kami putra dan putri indonesia Menjunjung bahasa persatuan Indonesia Kami putra dan putri Indonesia mengaku bangsa yang satu yaitu bangsa Indonesia
701,11,8,10,8,0,"KAMI PUTRA DAN PUTRI INDONESIA MENJUNJUNG BAHASA PERSATUAN, BAHASA INDONESIA Kami putra dan putri Indonesia MENGAKU BERBANGSA YANG SATU, BANGSA INDONESIA KAMI PUTRA DAN PUTRI INDONESIA Mengaku bertumpah darah yang satu tanah airku Indonesia"
702,11,2,10,2,0,tidak ingat
703,11,5,10,5,0,"1. Kami putra putri Indonesia, menjunjung tinggi jiwa Pancasila 2. Kami putra putri Indonesia, menjunjung tinggi bahasa persatuan, bahasa Indonesia 3. Kami putra putri Indonesia, menjunjung tinggi kesatuan dan persatuan negara Indonesia"
704,11,10,10,10,0,1. Kami Putra dan Putri Indonesia mengaku bertumpah darah yang satu bangsa Indonesia 2. Kami Putra dan Putri Indonesia mangaku berbangsa yang satu bangsa Indonesia 3. Kami Putra dan Putri Indonesia menjunjung tinggi bahasa persatuan bahasa Indonesia
705,11,7,10,7,0,"Sumpah Pemuda yang dikumandangkan oleh para pemuda pada tanggal 28 Oktober 1928 : Kami Putra Putri Berbangsa yang satu, Bangsa Indonesia. Kami Putra Putri Indonesia Berbahasa yang satu,Bahasa Indonesia. Kami Putra Putri Indonesia Bertumpah darah yang satu, darah Indonesia."
706,11,10,10,10,0,"1. kami putra dan putri indonesia bertumpah darah yang satu,tanah air indoensia 2. kami putra dan putri indonesia mengaku berbahasa yang satu,bahasa indonesia 3. kami putra dan putri indonesia berbangsa yang satu,bangsa indonesia"
707,11,1,10,1,0,kosong
708,11,3,10,3,0,Kami Pemuda-Pemudi Indonesia bersumpah untuk selalu menjaga persatuan dan kesatuan Indonesia dengan jujur dan ikhlas dan selalu berusaha untuk membuat negara ini menjadi lebih baik/berkembang.
709,11,10,10,10,0,"1. Kami putra-putri Indonesia, mengaku bertumpah darah yang satu, tanah air Indonesia 2. Kami putra-putri Indonesia, mengaku berbangsa yang satu, bangsa Indonesia 3. Kami putra-putri Indonesia, menjunjung bahasa persatuan, bahasa Indonesia"
710,11,10,10,10,0,"1. kami putra putri indonesia, Mengaku bertumpah darah dari satu ngeara indonesia 2. Kami putra putri indonesia. Mengaku negara yang satu bangsa indonesia 3. Kami putra putri indonesia. Menjunjung bahasa indonesia sebagai bahasa persatuan."
711,11,2,10,2,0,"Kami putra putri Indonesia menjunjung tinggi pancasila Kami putra putri Indonesia memiliki perbedaan ras,suku, dan bangsa Kami putra putri Indonesia"
712,11,10,10,10,0,"Kami, Putra dan putri Indonesia mengaku bertumpah darah yang satu, tanah air Indonesia Kami, Putra dan putri Indonesia mengaku berbangsa yang satu, bangsa Indonesia Kami, Putra dan Putri Indonesia mengaku berbahasa yang satu, bahasa Indonesia"
713,11,5,10,5,0,Kami Putra Putri Indonesia mengaku bertumpah darah yang satu dan berbahasa yang satu bahasa Indonesia Kami Putra Putri Indonesia menjunjung tinggi persatuan dan kesatuan Kami Putra Putri Indonesia berjanji akan selalu rela berkorban
714,11,2,10,2,0,Pemuda Pemudi Indonesia Dengan ini menyatakan bahwa Indonesia membutuhkan kalian__
715,11,3,10,3,0,"Kami, Putra dan Putri Indonesia, akan menjunjung persatuan dan kesatuan mencintai dan membela tanah air Kami, Putri dan Putra Indonesia, menjunjung kemerdekaan Indonesia"
716,11,2,10,2,0,Tidak boleh membeda bedakan ras agama suku
717,11,2,10,2,0,"""Kami Pemuda Pemudi Indonesia menyatakan bahwa persatuan dan kesatuan bangsa Indonesia merupakan kunci kemerdekaan, maka dari itu mari kita bersatu untuk mendapatkan kemerdekaan"""
718,11,8,10,8,0,kami putra dan putri indonesia menjunjung bahasa persatuan bahasa indonesia kami putra dan putri indonesia mengaku berbangsa yang satu bangsa indonesia kami putra dan putri indonesia mengaku bertumpah darah yang satu tanah airku indonesia
719,11,10,10,10,0,1. Kami putra dan putri Indonesia mengaku bertumpah darah yang satu tanah air Indonesia 2. Kami putra dan putri Indonesia mengaku berbangsa yang satu bangsa Indonesia 3. Kami putra dan putri Indonesia mengaku berbahasa yang satu bahasa Indonesia
720,11,10,10,10,0,"1. Kami putra dan putri Indonesia, mengaku berbangsa yang satu, bangsa Indonesia 2. Kami putra dan putri Indonesia, menjunjung tinggi bahasa persatuan, bahasa Indonesia 3. Kami putra dan putri Indonesia, mengaku bertumpah darah yang satu, tanah air Indonesia"
721,11,7,10,7,0,KAMI PUTRA DAN PUTRI INDONESIA MENJUJUNG BAHASA PERSATUAN INDONESIA KAMI PUTRA DAN PUTRI INDONESIA MENGAKU BERBANGSA YANG SATU BANGSA INDONESIA KAMI PUTRA DAN PUTRI INDONESIA MENGAKU
722,11,2,10,2,0,kami putra dan putri akan memperkuat rasa persatuan dan kesatuan
723,11,2,10,2,0,sumpah pemuda kami putra putri indonesia mengaku ndak tau pak [smile]
724,11,2,10,2,0,maaf pak syaa lupa
725,11,3,10,3,0,"Kami pemuda pemudi Indonesia, manyatakan seluruh persatuan seluruh rakyat Indonesia. Kami pemuda pemudi Indonesia, menyatakan bahasa persatuan Indonesia adalah bahasa Indonesia."
726,11,7,10,7,0,"Sumpah Pemuda 1. Kami putra dan putri Indonesia bersumpah bernegara yang satu, tanah air Indonesia. 2. Kami putra dan putri Indonesia bersumpah bertumpah darah yang satu, tanah air Indonesia 3. Kami putra dan putri Indonesia bersumpah berbahasa yang satu, bahasa Indonesia."
727,11,3,10,3,0,1. Kami putra dan putri Indonesia. 2. Mengaku bahwa bangsa Indonesia adalah bangsa yang satu. 3. Dan bahasa Indoensia adalah bahasa pemersatu bangsa.
728,11,10,10,10,0,"SUMPAH PEMUDA * Kami, pemuda pemudi indonesia mengaku bertanah air yang satu, Tanah air Indonesia * Kami, pemuda pemudi Indonesia mengaku bertumpah darah yang satu, Bangsa Indonesia * Kami, pemuda pemudi Indonesia mengaku berbahasa yang satu, Bahasa Indonesia"
729,11,2,10,2,0,kami putra putri bangsa menjunjung tinggi kemerdekaan dan bahasa daerah yang tinggi
730,11,2,10,2,0,dalam naskah tersebut berbunyi menghidupkan semangat pemuda pemudi indonesia untuk mensejahtrakan rakyat indonesia yang melalui dibentuknya panitia panitia yang bertujuan yang sama yaitu mewujudkan negara yang adil dan makmur dan dari itu pemuda pemudi mengadakan pertemuan di gedung katholieke jongenlingen bond oost java bioscoop dan indonesia clubgebouw pada tanggal 28 Oktober 1928 untuk mempersah proklamasi indonesia dan mempercepat hak bangsa indonesia yaitu kemerderkaan.
731,11,10,10,10,0,"Naskah sumpah pemuda : 1. Kami, putra dan putri Indonesia, mengaku bertumpah darah yang satu, tanah air Indonesia 2. Kami, putra dan putri Indonesia, mengaku berbangsa yang satu, bangsa Indonesia 3. Kami, putra dan putri Indonesia, menjunjung bahasa persatuan, bahasa Indonesia"
732,11,2,10,2,0,Bahwasannya seluruh organisasi kepemudaan yang ada di Indonesia harus bersatu dan tidak bersifat kedaerahan.
733,11,2,10,2,0,"Mewujudkan negara yang berdaulat kuat, adil dan makmur"
734,11,10,10,10,0,"Kami putra putri Indonesia,Bertumpah darah yang satu Tanah Air Indonesia. Kami putra putri Indonesia,Mengaku berbangsa satu bangsa Indonesia. Kami putra putri Indonesia,Menjunjung bahasa persatuan bahasa In.donesia."
735,11,3,10,3,0,SUMPAH PEMUDA 1. Kami putra-putri Indonesia mengaku menggunakan bahasa persatuan. Bahasa Indonesia. 2. Kami putra-putri Indonesia mengaku bertumpah darah tanah air Indonesia. 3. Kami putra-putri Indonesia mengaku mencintai tanah air Indonesia.
736,11,2,10,2,0,Kami Putra Putri Indonesia Bersatu
737,11,2,10,2,0,"Kongres Pemuda Kedua digagas oleh Perhimpunan Pelajar Pelajar Indonesia (PPPI), sebuah organisasi pemuda yang beranggotakan pelajar dari seluruh Indonesia. yang berasal dari bali lombok dan jawa Kongres ini bertujuan untuk memperkuat rasa persatuan dan kebangsaan Indonesia yang telah tumbuh di dalam benak dan sanubari pemuda-pemudi."
738,11,2,10,2,0,"pertemuan itu menyepakati bahwa kongres pemuda kedua akan diselenggarakan pada 27-28 0ktober 1928 di tiga lokasi berbeda yaitu gedung katholieke jongenlingen bond, oost java bioscoop, dan indonesische clubgebouw(rumah indekos,kramat no 106)"
739,11,3,10,3,0,"NASKAH SUMPAH PEMUDA Kami,putra putri Indonesia, Kami putra putri Indonesia yang satu Kami putra putri Indonesia satu jiwa Kami,putra putri Indonesia bertumpah darah bagi bangsa Indonesia"
740,11,2,10,2,0,Kami pemuda pemudi Indonesia dengan kami putera puteri Indonesia menyatakan bahwa sumpah pemoeda pada tanggal 28 Oktober 1928
741,11,10,10,10,0,"1. Kami Putra dan Putri Indonesia mengaku bertumpah darah yang satu, tanah air Indonesia. 2. Kami Putra dan Putri Indonesia mengaku berbangsa yang satu, bangsa Indonesia. 3. Kami Putra dan Putri Indonesia mengaku berbahasa yang satu, bahasa Indonesia"
742,11,2,10,2,0,kongres pemuda kedua digagas oleh perhimpunan pelajar Indonesia (PPPI)sebuah organisasi pemuda yang beranggotakan pelajar dari seluruh indonesia
743,11,7,10,7,0,"1. kami putra dan putri indonesia mengaku bertumpah darah dan satu tanah air 2. berbangsa satu,berbangsa indonesia 3. bahasa persatuan,bahasa indonesia"
744,11,2,10,2,0,1.kami putra putri indonesia 2.mengaku bangsa Indonesia adalah bangsa yang satu 3.kami putra putri Indonesia 4ber
745,11,10,10,10,0,"1. Kami Putra Putri Indonesia mengakui pertumpahan darah yang satu tanah air Indonesia 2 Berbangsa yang satu, bangsa Indonesia 3. Bahasa Persatuan, Bahasa Indonesia"
746,11,3,10,3,0,"Kami pemuda pemudi Indonesia, menyatakan persatuan seluruh rakyat Indonesia. Kami pemua pemudi Indonesia, menyatakan bahasa persatuan Indonesia adalah bahasa Indonesia."
747,11,10,10,10,0,* Kami Putra Putri Indonesia mengaku bertumpah darah yang satu tanah air indonesia * Kami Putra Putri Indonesia Menjunjung bahasa persatuan bahasa indonesia * Kami Putra Putri Indonesia berbangsa yang satu bangsa indonesia
748,11,2,10,2,0,kami pemuda kami mau membuktikan kami juga bisa membela negara ini
749,11,2,10,2,0,sumpah pemuda kami para pemuda pemudi indonesia akan memperkuat satu kesatuan bangsa dan mencerminkan hal hal baik
750,11,2,10,2,0,Kami segenap Putra dan Putri mengaku Indonesia mengaku bertumpah darah yang satu dan berbahasa yang satu yaitu bahasa Indonesia
751,11,2,10,2,0,"Kami pemuda pemudi Indonesia dengan ini menyatakan kemerdekaan Indonesia yang adil, bersatu, berdaulat, adil dan makmur."
752,11,2,10,2,0,Sumpah Pemuda Kami putra putri Indonesia MENJUNJUNG TULANG BAHASA Indonesia
753,11,10,10,10,0,"Kami putra dan putri Indonesia mengaku bertumpah darah yang satu,tanah Indonesia Kami dan putra putri Indoneia mengaku berbangsa yang satu, bangsa Indonesia Kami putra dan putri Indonesia menjunjung tinggi bahasa persatuan, berbangsa satu"
754,11,2,10,2,0,kami pemuda pemudi Indonesia dengan ini kami nyatahkan kemerdekaan Indonesia yang adil dan makmur
755,11,7,10,7,0,Kami poutera dan pouteri indonesia mengaku bertumpah darah yang satu tanah air indonesia kami poutera dan pouteri indonesia mengaku berbahasa persatuan yang satu bahasa indonesia
756,11,2,10,2,0,para pemuda bersumpah untuk saling membantu dan menghargai satu sama lain agar saling bersatu.para pemuda bermusyawarah untuk memilih menyetujui rencana pemerintah apa tidak. mereka lalu membuat sumpah pemuda di tempat titik kumpul.
757,11,10,10,10,0,"Kami putra dan putri Indonesia mengaku bertumpah darah yang satu, tanah air Indonesia. Kami putra dan putri Indonesia mengaku berbangsa yang satu, bangsa Indonesia. Kami putra dan putri Indonesia mengaku berbahasa yang satu, bahasa Indonesia."
758,11,10,10,10,0,kami putra putri indonesia mengaku bersumpah darah yang satu di indonesia kami putra putri indonesia mengaku berbahasa satu yaitu indonesia kami putra putri indonesia mengaku berbangsa satu yaitu bangsa indonesia
759,11,2,10,2,0,Sumpah pemuda: Kami pemuda dan pemudi bangsa indonesia bersaksi bahwa bangsa indonesia harus merdeka secara cepat. Kami pemuda pemudi indonesia menyatakan persatuan dan kesatuan
760,11,7,10,7,0,Kami Putra dan putri indonesia bertumpah darah tanah air tanah air Indonesia Kami putra dan putri indonesia menjujung tinggi persatuan bangsa indonesia Kami Putra dan putri indonesia menjunjung bahasa persatuan Bahasa indonesia
761,11,1,10,1,0,kosong
762,11,2,10,2,0,memperkuat rasa persatuan dan kebangsaan indonesia
763,11,7,10,7,0,Kami Putra dan Putri Indonesia mengaku berbangsa yang satu Tanah Air Indonesia Kami Putra dan Putri Indonesia menjunjung bahasa persatuan Bahasa Indonesia
764,11,2,10,2,0,saya putra putri indonesia mengaku bersumpah darah indonesia membela indonesia dengan sepenuh jiwa raga dan rela berkorban bagi negeri tercinta indonesia
765,11,1,10,1,0,kosong
766,11,2,10,2,0,Kami putra putri pemuda Indonesia dengan ini menyatakan Kemerdekaan Indonesia
767,11,1,10,1,0,kosong
768,11,10,10,10,0,"Kami putra dan putri Indonesia, mengaku bertumpah darah yang satu, tanah air Indonesia"". Kami putra dan putri Indonesia mengaku berbangsa yang satu, bangsa Indonesia"". Kami putra dan putri Indonesia menjunjung bahasa persatuan, bahasa Indonesia""."
769,11,8,10,8,0,"Kami Putra dan Putri Indonesia mengakui pertumpahan darah yang satu, tanah air Indonesia. Kami Putra dan Putri Indonesia mengakui berbangsa yang satu, bangsa Indonesia. Kami Putra dan Putri Indonesia menjunjung bahasa persatuan, Bahasa Indonesia."
770,11,8,10,8,0,"""kami putra dan putri indonesia menjunjung bahasa persatuan bahasa indonesia kami putra dan putri indonesia mengaku berbangsa yang satu bangsa indonesia kami putra dan putri indonesia mengaku bertumpah darah yang satu tanah airku indonesia"""
771,11,8,10,8,0,"""1. Kami putra putri Indonesia mengakui pertumpahan darah yang satu, tanah air Indonesia 2. Kami putra putri Indonesia mengakui berbangsa yang satu, bangsa Indonesia 3. Kami putra putri Indonesia menjunjung bahasa persatuan, Bahasa Indonesia"""
772,11,8,10,8,0,kami putra dan putri Indonesia mengaku berbangsa yang satu bangsa indonesia kami putra dan putri indonesia menjunjung bahasa persatuan bahasa indonesia kami putra dan putri indonesia mengaku bertumpah darah yang satu tanah air indonesia
773,11,8,10,8,0,kami putra dan putri Indonesia mengaku berbangsa yang satu bangsa Indonesia kami putra dan putri indonesia mengaku bertumpah darah yang satu tanah air indonesia kami putra dan putri indonesia menjunjung bahasa persatuan bahasa indonesia
774,11,8,10,8,0,kami putra dan putri indonesia menjunjung bahasa persatuan bahasa indonesia kami putra dan putri indonesia mengaku bertumpah darah yang satu tanah air indonesia kami putra dan putri Indonesia mengaku berbangsa yang satu bangsa Indonesia
775,11,8,10,8,0,kami putra dan putri indonesia mengaku bertumpah darah yang satu tanah airku indonesia kami putra dan putri Indonesia mengaku berbangsa yang satu bangsaku Indonesia kami putra dan putri indonesia menjunjung bahasa persatuan bahasa indonesia
776,11,5,10,5,0,Kami putra dan putri Indonesia mengaku bangsa yang satu yaitu bangsa Indonesia Kami putra dan putri Indonesia mengaku bertumpah darah yang satu tanah air Indonesia
777,11,5,10,5,0,Kami putra dan putri indonesia Menjunjung bahasa persatuan Indonesia Kami putra dan putri Indonesia mengaku bertumpah darah yang satu tanah air Indonesia
778,11,5,10,5,0,Kami Putra Putri Indonesia mengaku bertumpah darah yang satu dan berbahasa yang satu bahasa Indonesia Kami Putra Putri Indonesia berjanji akan selalu bersatu Kami Putra Putri Indonesia berjanji akan selalu rela berkorban
779,11,5,10,5,0,"1. Kami putra putri Indonesia, menjunjung tinggi tanah air Indonesia 2. Kami putra putri Indonesia, menjunjung tinggi bahasa persatuan, bahasa Indonesia 3. Kami putra putri Indonesia, menjunjung tinggi kesatuan dan persatuan negara Indonesia"
780,11,5,10,5,0,Kami Putra Putri Indonesia mengaku bertumpah darah yang satu dan berbahasa yang satu bahasa Indonesia Kami Putra Putri Indonesia menjunjung tinggi bangsa Indonesia Kami Putra Putri Indonesia menjunjung tinggi tanah air Indonesia
781,11,5,10,5,0,Kami Putra Putri Indonesia mengaku bertumpah darah yang satu Kami Putra Putri Indonesia menjunjung tinggi bangsa Indonesia Kami Putra Putri Indonesia menjunjung tinggi Bahasa Indonesia
782,11,5,10,5,0,Kami putra dan putri Indonesia mengaku bertumpah darah yang satu tanah airku Indonesia Kami putra dan putri indonesia Menjunjung bahasa persatuan Indonesia
783,12,7,11,7,0,"Assets : Repository of files ; Structure : Information Architecture ; Services : access to assets, misalnya server atau network ; Display atau STUFF (assets) ; Services ; USE (Structure + Display)"
784,12,8,11,8,0,"Assets (STUFF) : digital sosial media ; Structure dan Display (Use) : login, homepage, settings, feature, dashboard ; Services : internet network and the server of the social media application."
785,12,8,11,8,0,"Elemen dasar Digital Humanities adalah : Assets : repository of files; Structure : Informastion Architecture; Services : access to assets, misal server or network; Display. Atau, STUFF (assets); Services; USE (Structure + Display). Contoh : Compiling and analysing social media content : Asset : digital sosial media; Service : internet network and the server of the social media application; USE: login, homepage, settings. Feature , Dasboard; Theme;"
786,12,7,11,7,0,"Elemen dasar dari Digital Humanities dengan menggunakan assets/datanya berupa scan foto naskah aksara dalam format tulisan awal naskah danatau tulisan baru yang telah disesuaikan, metadata text. preserve nya dalam bentuk kode Unicode dengan metode Pengenalan Karakter Optis (Optical Character Recognition, OCR) sebagai alat pengenalan. Kenapa ocr karena konsepnya mengubah gambar aksara menjadi teks karakter yang dapat dicari yang artinya mengenali aksara Jawa dari hasil pemindaian naskah Jawa. Dengan dasar alasan karena masyarakat sudah mulai lupa dengan huruf aksara, banyak siswa/i yang kesulitan dengan aksara jawa pasangan."
787,12,5,11,5,0,Aset: Kumpulan data. Struktur: Pengelolaan. Tampilan/Display
788,12,5,11,5,0,Aset: Kumpulan artikel ilmiah dalam format digital. Tampilan: Halaman web yang menampilkan transkrip dan audio.
789,12,5,11,5,0,Struktur: Sistem pengelolaan dokumen digital. Layanan: Alat akses data seperti aplikasi web.
790,12,5,11,5,0,Aset: Kumpulan data digital seperti gambar naskah kuno. Struktur: Arsitektur informasi untuk mengelola data tersebut.
791,12,5,11,5,0,"Structure, struktur bangunan bisa seperti candi atau patung Service, alat yang membantu dalam menggakses data seperti asset, server, network: contohnya aws cloud Display, Youtube"
792,12,7,11,7,0,Aset : contohnya terdapat di http://www.fastionline.org/ ; Struktur : contohnya terdapat di https://peripleo.pelagios.org/ui ; Servis/Layanan : contohnya terdapat di https://trawaca.id/asankey.php ; Display/Tampilan : contohnya terdapat di https://pleiades.stoa.org/
793,12,7,11,7,0,Assets ; Structure ; Services ; Display
794,12,9,11,9,0,Digitalisasi Aksara Jawa (https://www.sastra.org/huruf-jawa) Assets nya gambar atau foto naskah aksara dalam format tulisan awal naskah dan/atau tulisan baru yang telah disesuaikan serta Structure metadata text ; Sevices kode Unicode ; Display dalam bentuk website
795,12,10,11,10,0,Project Digital Humanities dari Situs Web Kumpulan Foto Perubahan Jogja Dulu Vs Sekarang (phinemo.com): Assets Contohnya : kumpulan file-file gambar mengenai perubahan jogja dulu dan sekarang ; Structure Contohnya : dari file-file tersebut akan menjadi sebuah informasi yang baru. ; Services Contohnya : layanan dari project tersebut yaitu server dan jaringan server. ; Display Contohnya : menampilkan gambar-gambar perubahan jogja dulu vs sekarang.
796,12,7,11,7,0,"Assets : File sastra aksara ; Structure : Scan text ; Services : OCR dengan metode CCL ; Display : Buku, digital teks"
797,12,1,11,1,0,Warna; Kecerahan (Brightness); Kontras (Contrast); Pola (Pattern); Volume (Volume); Tekstur (Texture).
798,12,1,11,1,0,Warna; Kecerahan (Brightness); Kontras (Contrast); Detail (Detail); Simetri (Symmetry); Komposisi (Composition).
799,12,1,11,1,0,Warna; Kecerahan (Brightness); Kontras (Contrast); Tekstur (Texture); Pola (Pattern); Dimensi (Dimension).
800,12,9,11,9,0,Assets : Dokumen dalam bentuk file dari perpustakaan di Jawa Tengah dan Yogyakarta ; Structure : Mendata dari perpustakaan mana saja dokumen file itu berasal ; Service : Karena dalam bentuk website maka menggunakan Web Browser dan Server ; Display : Visualisasi data dalam bentuk grafik pada situs web
801,12,7,11,7,0,"Display : digital teks, Structure : scan text, Services : OCR metode CCL, Assets: file sastra aksarajawa berbentuk citra."
802,12,10,11,10,0,"Assets : contohnya, mengumpulkan banyak file-file dokumen dari perpustakaan yang ada di Yogyakarta dan Jawa Tengah dan yang sudah terstructur. ; Structure : contohnya, Ketika file-file dokumen sudah distrukturkan. Maka terdapat informasi yang sangat berguna seperti ada perpustakaan apa saja yang ada di Yogyakarta dan Jawa Tengah. ; Services : contohnya, project digital humanities tersebut dalam bentuk situs web, maka layananya menggunakan jaringan server. ; Display : contohnya, project tersebut ditampikan di situs web dalam bentuk grafik yang terdapat Kota - Perpustakaan - Nomor Indeks - Nama karya sastra -Pengarang/Pujangga - Tahun. NN: Tanpa nama, NY: Tanpa tahun."
803,12,8,11,8,0,"Aset Contohnya penyimpanan File. ; Struktur Contohnya arsitektur informasi ; layanan Contohnya sarana untuk mengakses asset, misalnya pelayan. Menampilkan : asset Harus diatur menggunakan informasi arsitektur untuk ditampilkan melalui kompleks Jasa. ; Display Contohnya buku, digital teks."
804,12,7,11,7,0,"Aset : repositori file. Contoh: aksara nusantara ; Struktur : arsitektur informasi. Contoh: huruf, bentuk aksara ; Layanan : akses terhadap assets yaitu dengan melakukan observasi secara langsung naskah Aksara Jawa yang disimpan oleh Bapak R. Agus Sudjatmoko Surosudirdjo yang beralamat di Surabaya ; Tampilan : segmentasi tulisan aksara Jawa menggunakan adaptive threshold serta melakukan pelabelan aksara menggunakan connected component labeling."
805,12,8,11,8,0,"Assets atau Aset :Pada paper “Segmentation Character Of Character Java Use Adaptive Theshold” assets adalah naskah dari karya KPH. Brontodiningrat. ; Structure atau Struktur : Arsitektur dari naskah karya KPH.Brontodiningrat yaitu apakah teksnya terdapat kemiringan atau tidak. ; Services atau Layanan : Sarana untuk mengakses aset, misalnya: server, jaringan. ; Display atau Tampilan ; Aset harus diatur dengan menggunakan informasi arsitektur untuk ditampilkan melalui kompleks jasa. Contoh: gambar."
806,12,1,11,1,0,Warna ; Kecerahan (Brightness) ; Kontras (Contrast) ; Kontur (Contour) ; Bentuk (Shape) ; Tekstur (Texture)
807,12,3,11,3,0,STUFF (assets) Contoh: http://www.fastionline.org ; SERVICES Contoh : https://trawaca.id/asankey.php ; USE (Structure + display) Contoh Display : https://pleiades.stoa.org Contoh Structure : https://peripleo.pelagios.org/ui
808,12,7,11,7,0,Assets Contoh proyek : http://www.fastionline.org/ ; Structure Contoh proyek : https://peripleo.pelagios.org/ui ; Services Contoh proyek : https://trawaca.id/asankey.php ; Display Contoh proyek : https://pleiades.stoa.org/
809,12,7,11,7,0,"Assets : berisi penyimpanan files ; Structure : berisi tentang informasi arsitektur file nya ; Services : sarana untuk mengakses assets, misalnya pelayanan atau jaringan. ; Display: dalam display assets harus diatur menggunakan informasi arsitektur untuk ditampilkan melaluii kompleks jasa. ; Assets : http://www.fastionline.org/ ; Structure : https://peripleo.pelagios.org/ui ; Services : https://trawaca.id/asankey.php ; Display : https://pleiades.stoa.org/"
810,12,7,11,7,0,Assets : http://www.fastionline.org/ ; Structure : https://peripleo.pelagios.org/ui ; Services : https://trawaca.id/asankey.php ; Display : https://pleiades.stoa.org/
811,12,7,11,7,0,Assets : http://www.fastionline.org/ ; Structure : https://peripleo.pelagios.org/ui ; Services : https://trawaca.id/asankey.php ; Display : https://pleiades.stoa.org/
812,12,7,11,7,0,"Untuk element dasar dari Digital Humanities Meliputi beberapa aspek diantaranya : Asset : Merupakan Repositori file; Structure : Arsitektur informasi (struktur) Services : Sebagai sarana untuk bisa mengakses asset, contohnya dalam teknologi server atau jaringan; Display : Pengguna asset harus diatur dengan menerapkan arsitektur informasi agar dapat ditampilkan secara kompleks. Berikut contoh dari setiap element dasar Digital Humanities : Asset : Projek FASTI; Structure : Projek Trawaca – Diagram Sankey Koleksi Naskah Jawa; Service : Projek Pleiades; Display : Projek Pelagios."
813,12,8,11,8,0,"Assets, misalnya, koleksi file dokumen dari perpustakaan di Yogyakarta dan Jawa Tengah. (http://www.fastionline.org/) ; Structure, misalnya, memilih tautan ke file terstruktur akan memberikan informasi yang berguna. (https://peripleo.pelagios.org/ui) ; Services, misalnya jika proyek ini ditampilkan sebagai situs web, maka layanan tersebut menggunakan server/jaringan database. (https://trawaca.id/asankey.php) ; Display, Contoh nyata Proyek ini ditampilkan sebagai situs web. (https://pleiades.stoa.org/ )"
814,12,9,11,9,0,"Elemen Dasar : Assets : berisi penyimpanan files; Structure : berisi tentang informasi arsitektur file nya; Services : sarana untuk mengakses assets, misalnya pelayanan atau jaringan; Display : dalam display assets harus diatur menggunakan informasi arsitektur untuk ditampilkan melalui kompleks jasa. Contoh : Disini saya mengambil contoh digitalizing Baju adat Indonesia. Rancangan : Mengscan object nya , kemudian mengecek kualitas (hasil scan) dengan yang asli jika sudah cukup / tidak ada yang kurang bisa langsung di di simpan / digunakan , biasanya scan akan menghasilkan sedikit kecacatan texture, jika terjadi maka harus dibenarkan (biasanya menggunakan VX Model / Autodesk Mudbox (Tergantung masalahnya) ); Assets : Keseluruhan baju adat nya ( textur baju nya, motif bajunya , aksesoris yang digunakan , bahan ?); Services : 3-D Model dari baju adat; Meta data : Deskriptif , Terbuat dari kain apa , asal daerahnya, digunakan untuk acara apa saja, aksesoris tambahan; Tools : 3-D Camera Scanner (Metrology-Grade 3D Scanner , Professional-Grade 3D Scanner , dll), software untuk melakukan repair texture yang cacat (VX Model, Autodesk Mudbox), seperangkat computer (mid – high end), Baju adatnya , lighting. Alasan memilih : Baju adat : karena harus melesatarikan budaya sendiri , karena pakaian adat sudah mulai menghilang karena banyaknya trend trend negara lain yang masuk ke Indonesia sehingga adat adat tradisional mulai hilang; Tool : karena memang itu yang dibutuhkan; Data Form : karena 3-D Model merupakan presentasi yang paling tepat menurut kelompok kami karena pakaian adat memiliki banyak detail detail yang penting (aksesoris yang dipakai , dll) “Laser Scanning” / “White Light body scanning” (metode nya )."
815,12,7,11,7,0,"Assets : merupakan pentyimpanan file. ; Structure : merupakan informasi arsitektur file. ; Services : merupakan alat yang dipakai untuk mengakses asset, seperti jaringan atau server. ; Display : merupakan cara dalam menampilkan seluruh informasi arsitektur dari sebuah citra."
816,12,7,11,7,0,"Assets : Repository Files, Structure ; Information architecture, Services ; Server or Network, Display the assets should be organized using an information architecture in order to be displayed through complex services."
817,12,8,11,8,0,"Elemen Dasar : Assets : berisi penyimpanan files; Structure : berisi tentang informasi arsitektur file nya; Services : sarana untuk mengakses assets, misalnya pelayanan atau jaringan; Display : dalam display assets harus diatur menggunakan informasi arsitektur untuk ditampilkan melaluii kompleks jasa. Contoh : Disini saya mengambil contoh digitalizing Baju adat Indonesia. Rancangan : Mengscan object nya , kemudian mengecek kualitas (hasil scan) dengan yang asli jika sudah cukup / tidak ada yang kurang bisa langsung di di simpan / digunakan , biasanya scan akan menghasilkan sedikit kecacatan texture, jika terjadi maka harus di benarkan (biasanya menggunakan VX Model / Autodesk Mudbox (Tergantung masalahnya) ); Assets : Keseluruhan baju adat nya ( textur baju nya, motif bajunya , aksesoris yang digunakan , bahan ?); Services : 3-D Model dari baju adat; Meta data : Deskriptif , Terbuat dari kain apa , asal daerahnya, digunakan untuk acara apa saja, aksesoris tambahan; Tools : 3-D Camera Scanner (Metrology-Grade 3D Scanner , Professional- Grade 3D Scanner , dll), software untuk melakukan repair texture yang cacat (VX Model, Autodesk Mudbox), seperangkat computer (mid – high end), Baju adatnya , lighting. Alasan memilih : Baju adat : karena harus melesatarikan budaya sendiri , karena pakaian adat sudah mulai menghilang karena banyaknya trend trend negara lain yang masuk ke Indonesia sehingga adat adat tradisional mulai hilang; Tool : karena memang itu yang dibutuhkan; Data Form : karena 3-D Model merupakan presentasi yang paling tepat menurut kelompok kami karena pakaian adat memiliki banyak detail detail yang penting (aksesoris yang dipakai , dll) “Laser Scanning” / “White Light body scanning” (metode nya )."
818,1,2,0,2,0,Membangun kerja sama.
819,1,2,0,2,0,Olah pikir.
820,1,2,0,2,0,Agar semua orang bisa saling bantu.
821,1,2,0,2,0,Karakter itu ada empat.
822,1,3,0,3,0,Ada karakter olah pikir dan juga memiliki mental yang kuat.
823,1,3,0,3,0,Karakter Ki Hajar Dewantara itu salah satunya mengolah pikiran. Lalu harus kuat fisiknya dan saling bantu.
824,1,3,0,3,0,Olah pikir itu artinya kalau kita sedang mikir-mikir. Terus ada juga karakter yang kuat badannya.
825,1,3,0,3,0,"Ada olah pikir, yaitu berpikir. Kita juga harus punya sifat jujur dan suka membantu orang lain."
826,1,3,0,3,0,Ada karakter olah pikir biar pintar dan juga harus saling tolong-menolong.
827,1,5,0,5,0,"Empat macam itu adalah: 1. Olah pikir, supaya bisa mikir ide-ide yang bagus. 2. Olah raga, biar badan kita jadi sehat dan kuat. 3. Olah hati, untuk melakukan hal yang baik untuk semua. 4. Dan yang terakhir itu, kita harus kerja sama dengan baik."
828,1,5,0,5,0,1. Saling membantu satu sama lain. 2. Punya semangat yang tinggi. 3. Berpikiran positif. 4. Jaga kesehatan fisik.
829,1,5,0,5,0,"Karakter yang diusulkan oleh Ki Hajar Dewantara adalah: 1. Olah tubuh, agar fisik kuat untuk saling membantu. 2. Olah hati, supaya punya rasa empati dan kepedulian. 3. Olah pikiran, biar bisa cari jalan keluar bersama. 4. Karakter gotong royong, yang penting dalam kerja sama."
830,1,5,0,5,0,"Untuk kerja sama dan gotong royong itu, Ki Hajar Dewantara bilang kita harus punya sikap baik. Contohnya: saling membantu, punya semangat, hati yang tulus, dan juga bisa bersatu."
831,1,7,0,7,0,1. Olah Pikir: Kita harus pakai akal dan pikiran untuk mencari solusi terbaik saat bekerja sama. 2. Olah Hati: Melakukan pekerjaan dengan tulus dan jujur dari dalam diri kita. 3. Olah Raga: Memiliki fisik yang kuat dan tidak gampang menyerah saat melakukan gotong royong. 4. Olah Hati dan Karsa: Ini tentang punya semangat dan kemauan kuat untuk melakukan sesuatu yang berguna bagi banyak orang.
832,1,7,0,7,0,Empat karakter yang dimaksud Ki Hajar Dewantara adalah: 1. Olah Pikir: Ini tentang bagaimana kita menggunakan akal kita untuk memikirkan ide-ide yang baik untuk kerja sama. 2. Olah Hati: Kita perlu melakukan segala sesuatu dengan perasaan yang tulus dan ikhlas dari dalam diri. 3. Olah Raga: Yaitu memiliki fisik yang kuat serta mental yang tidak mudah menyerah saat ada kesulitan dalam gotong royong. 4. Olah Hati dan Karsa: Ini adalah tentang semangat kita untuk berani menciptakan hal-hal baru atau ide-ide yang berguna.
833,2,1,1,1,0,"Not responding itu programnya lagi loading terus lama banget, jadi kayak belum siap. Kalau hang itu komputer udah gak bisa gerak sama sekali, semua jadi beku."
834,2,1,1,1,0,"Not responding itu programnya macet, sepertinya karena ada file yang hilang atau rusak. Kalau hang itu komputernya jadi kaku semua, tidak mau bergerak, dan harus langsung dimatikan paksa."
835,2,1,1,1,0,"Not responding itu pas aplikasi jadi lambat atau kadang nge-lag gitu. Kalau hang, itu komputer udah beku total dan nggak bisa dipakai lagi, harus restart paksa."
836,2,1,1,1,0,"Not responding itu karena ada masalah di jaringan internet, jadi aplikasinya lambat atau diam. Kalo hang, itu komputernya kena virus parah sampai tidak bisa jalan sama sekali."
837,2,2,1,2,0,"Not responding itu aplikasi tidak jalan seperti biasa, kayak lagi macet. Kalau hang itu komputer jadi diam semua, gak bisa apa-apa lagi."
838,2,2,1,2,0,"Kalau not responding, itu biasanya cuma satu program saja yang macet dan kita masih bisa pakai program lain atau menutupnya. Tapi kalau hang, itu artinya seluruh komputer berhenti total dan tidak bisa diapa-apakan lagi selain dimatikan secara paksa."
839,2,2,1,2,0,Not responding itu saat aplikasi di komputer tidak bisa dipakai sementara. Kalau hang itu komputer sudah tidak bergerak sama sekali dan harus di-restart.
840,2,2,1,2,0,Not responding itu waktu salah satu program di komputer tidak bergerak atau tidak merespon saat diklik. Kalau hang itu pas semua komputer berhenti dan mouse atau keyboard juga tidak bisa digunakan.
841,2,2,1,2,0,"Not responding itu saat aplikasi jadi lambat atau berhenti sebentar, biasanya bisa kita tutup paksa. Kalau hang, itu kondisi di mana seluruh komputer tidak merespons sama sekali, dan seringnya harus di-restart."
842,2,4,1,4,0,"Not responding itu aplikasi yang lagi dipakai mendadak tidak bergerak atau diam sesaat, biasanya cuma beberapa detik terus bisa jalan lagi. Sementara kalau hang itu aplikasinya stuck total dan tidak ada cara lain kecuali menutup paksa dari task manager atau merestart komputer."
843,2,4,1,4,0,"Not responding itu ketika satu program berhenti merespons perintah kita untuk sementara waktu. Kalau hang, itu kondisi di mana komputer sudah tidak bisa dipakai sama sekali dan semua program ikut berhenti."
844,2,4,1,4,0,Not responding itu aplikasi yang sedang kita pakai diam tidak merespon input. Kalau hang itu saat seluruh sistem operasi berhenti dan harus dimatikan paksa.
845,2,4,1,4,0,"Not responding terjadi ketika sebuah program tidak merespon dan tidak bisa diproses, sedangkan hang adalah kondisi saat seluruh sistem komputer berhenti bergerak dan harus dimatikan paksa."
846,2,4,1,4,0,"Not responding itu saat aplikasi tertentu tidak bergerak atau berhenti bekerja untuk sementara waktu. Kalau hang, itu kondisi di mana seluruh komputer atau sistem operasinya berhenti total dan tidak bisa dioperasikan lagi sehingga harus dimulai ulang."
847,2,7,1,7,0,"Not responding adalah saat aplikasi tidak merespons input atau perintah pengguna untuk sementara waktu, seringkali karena sedang memproses tugas berat, dan ada peluang untuk pulih sendiri. Sementara itu, hang terjadi ketika aplikasi sepenuhnya berhenti dan tidak bisa melanjutkan operasi, sehingga biasanya membutuhkan pemaksaan penutupan atau restart untuk mengatasinya."
848,2,7,1,7,0,"Not responding itu saat sebuah aplikasi tidak merespon perintah atau klik kita untuk sementara waktu, tapi seringnya aplikasi tersebut masih bisa pulih dan berfungsi lagi. Berbeda dengan hang, di mana aplikasi sudah benar-benar berhenti bekerja, tidak bisa merespons apapun, dan kita harus menutupnya secara paksa karena tidak akan bisa kembali normal."
849,2,7,1,7,0,"Perbedaan utamanya adalah not responding seringkali merupakan kondisi sementara di mana aplikasi sedang memproses tugas berat sehingga tidak merespons input, namun ada kemungkinan bisa pulih kembali. Sedangkan hang adalah kondisi lebih parah di mana aplikasi sudah benar-benar terhenti dan tidak dapat melanjutkan operasinya, biasanya karena terjadi konflik serius atau stuck, sehingga memerlukan penutupan paksa."
850,2,7,1,7,0,"Not responding itu kondisi di mana sebuah aplikasi tidak bisa merespons perintah yang kita berikan, tapi seringnya itu cuma sementara. Aplikasi itu mungkin lagi sibuk memproses sesuatu di belakang layar, jadi setelah selesai dia bisa normal lagi tanpa harus ditutup paksa. Beda dengan hang, kalau hang itu aplikasinya sudah benar-benar macet total, tidak bisa melanjutkan pekerjaannya sama sekali. Kondisi hang biasanya tidak bisa diperbaiki lagi dan harus ditutup secara paksa, bahkan bisa sampai membuat seluruh sistem ikut terpengaruh."
851,2,7,1,7,0,"Not responding adalah ketika sebuah program tidak merespon perintah kita untuk sesaat, biasanya karena sedang sibuk, dan ada kemungkinan bisa kembali berjalan normal. Sedangkan hang terjadi ketika program tersebut berhenti total, tidak bisa melanjutkan operasinya sama sekali dan biasanya harus ditutup paksa atau di-restart."
852,2,9,1,9,0,"Not responding adalah kondisi di mana sebuah aplikasi tidak memberikan tanggapan terhadap perintah dari pengguna atau sistem operasi untuk jangka waktu tertentu, namun seringkali ini hanya sementara dan aplikasi dapat pulih kembali. Sedangkan hang adalah situasi di mana aplikasi benar-benar berhenti berfungsi, tidak merespons sama sekali, dan sistem tidak dapat memulihkannya secara otomatis, sehingga biasanya memerlukan penutupan paksa."
853,2,9,1,9,0,"Not responding terjadi ketika sebuah program tidak menanggapi masukan pengguna atau permintaan sistem operasi dalam kurun waktu tertentu, namun biasanya keadaan ini bersifat sementara dan aplikasi memiliki potensi untuk kembali berfungsi normal setelah menyelesaikan proses yang membebani. Sementara itu, hang merujuk pada kondisi di mana aplikasi benar-benar beku dan tidak bisa lagi menjalankan operasi apapun, seringkali menandakan adanya deadlock atau kegagalan fatal yang membuat sistem tidak dapat memulihkan aplikasi tersebut secara mandiri, sehingga memerlukan penutupan paksa."
854,3,2,2,2,0,Mounting itu cara mengcopy atau memindahkan data dari partisi satu ke partisi lain di hardisk.
855,3,2,2,2,0,Mounting adalah proses membagi ukuran kapasitas hardisk menjadi beberapa volume yang lebih kecil.
856,3,2,2,2,0,Proses memformat partisi atau flashdisk agar bisa digunakan kembali oleh sistem operasi.
857,3,2,2,2,0,Mounting yaitu tindakan menghapus data pada sebuah partisi agar penyimpanannya menjadi kosong.
858,3,2,2,2,0,Perintah dasar untuk mengunci partisi atau volume agar aman dari virus komputer.
859,3,3,2,3,0,Mounting adalah menambahkan kapasitas penyimpanan fisik pada suatu volume di dalam komputer.
860,3,3,2,3,0,Sebuah cara untuk memindahkan letak direktori file sistem dari komputer ke hardisk eksternal.
861,3,3,2,3,0,Mounting merupakan perangkat keras tambahan yang digunakan untuk membaca volume partisi komputer.
862,3,3,2,3,0,Proses mengubah format file system dari FAT32 menjadi NTFS pada sebuah partisi.
863,3,3,2,3,0,Tindakan menyalakan atau merestart sistem operasi agar bisa membaca flashdisk yang baru dicolok.
864,3,4,2,4,0,Mounting adalah proses mengenalkan sebuah partisi ke sistem operasi agar partisinya muncul dan mendapatkan huruf drive di komputer.
865,3,5,2,5,0,Proses menghubungkan volume penyimpanan fisik ke sistem file komputer agar isinya bisa dibuka.
866,3,5,2,5,0,Mounting adalah mengaitkan partisi baru ke dalam sistem komputer supaya direktori utamanya bisa membaca keberadaan file tersebut.
867,3,5,2,5,0,Sebuah proses dimana OS mendeteksi adanya partisi penyimpanan dan meletakkannya pada direktori tertentu agar terbaca.
868,3,5,2,5,0,Tindakan memasang atau me-load file system pada sebuah partisi agar foldernya bisa diakses oleh pengguna.
869,3,7,2,7,0,Mounting adalah mengaitkan sebuah storage volume ke direktori sistem operasi agar isi partisi tersebut dapat diakses dan digunakan oleh user.
870,3,7,2,7,0,Proses memasangkan partisi penyimpanan pada suatu node di komputer sehingga file system di dalamnya tersedia untuk dibaca.
871,3,7,2,7,0,Tindakan menghubungkan suatu partisi penyimpanan ke dalam struktur direktori sistem komputer agar datanya bisa diakses secara lokal.
872,3,7,2,7,0,Mounting merupakan cara sistem operasi untuk memasangkan volume baru agar dikenali dan file di dalamnya bisa dibaca melalui direktori.
873,3,7,2,7,0,Proses di mana partisi atau volume dihubungkan ke titik mount (mount point) pada OS sehingga sistem bisa membaca informasi di dalamnya.
874,3,9,2,9,0,"Memasangkan sebuah partisi atau storage volume ke sebuah node yang dapat diakses oleh sistem komputer, sehingga sistem operasi dapat membaca file system dari volume tersebut."
875,3,9,2,9,0,"Proses mengaitkan storage volume ke suatu node pada sistem komputer, yang bertujuan agar filesystem dikenali dan dibaca oleh sistem operasi beserta isinya."
876,3,9,2,9,0,Tindakan mengaitkan suatu partisi (storage volume) ke titik akses direktori di sistem komputer agar OS bisa membaca file system untuk mengetahui isi volume itu.
877,3,9,2,9,0,Mounting adalah memasangkan volume penyimpanan ke sebuah node sistem komputer agar sistem operasi bisa membaca filesystem dan seluruh informasi dari volume tersebut.
878,3,9,2,9,0,"Proses menautkan storage volume pada sebuah node yang bisa diakses sistem komputer, di mana filesystemnya akan dibaca oleh OS untuk mengenali informasi isi partisi tersebut."
879,4,1,3,1,0,Penyimpanan fisik itu seperti flashdisk sedangkan logis itu seperti monitor.
880,4,1,3,1,0,"Representasi fisik adalah ukuran komputer, sedangkan logis adalah kecepatan internetnya."
881,4,1,3,1,0,"Penyimpanan fisik artinya data disimpan di dalam CPU, penyimpanan logis tidak ada bentuknya."
882,4,1,3,1,0,Saya tidak tahu apa yang dimaksud dengan representasi fisik dan logis.
883,4,1,3,1,0,"Fisik adalah bentuk barangnya seperti keyboard, logis adalah softwarenya seperti microsoft word."
884,4,2,3,2,0,Penyimpanan fisik adalah perangkat keras seperti CPU. Representasi logis adalah jaringan internet yang menyambungkan komputer. Contohnya kabel lan dan wifi.
885,4,2,3,2,0,Representasi fisik itu berarti menyimpan file di flashdisk. Logis berarti file tersebut dihapus. Contohnya file word.
886,4,2,3,2,0,"Fisik adalah memori yang bisa dipegang, logis adalah aplikasi. Contoh fisik RAM, contoh logis game."
887,4,3,3,3,0,"Representasi fisik adalah hardware tempat kita menyimpan data seperti HDD. Representasi logis adalah software yang kita gunakan. Contoh fisik adalah hardisk eksternal, logis adalah sistem operasi Windows."
888,4,3,3,3,0,Penyimpanan fisik adalah tempat data di perangkat keras. Logis adalah bentuk datanya sementara. Contoh fisik: memori. Contoh logis: cache.
889,4,5,3,5,0,"Representasi fisik menunjukkan letak file di dalam harddisk. Logis adalah tampilan file tersebut. Contoh fisik adalah sektor harddisk, contoh logis adalah file mp3."
890,4,5,3,5,0,"Penyimpanan fisik berkaitan dengan perangkat keras tempat data ditaruh. Penyimpanan logis adalah bagaimana folder disusun. Contoh logis adalah direktori C, fisik adalah piringan disk."
891,4,5,3,5,0,"Representasi fisik mengatur cara komputer menaruh data di hardware. Representasi logis mengatur cara manusia melihat data tersebut. Contohnya fisik menggunakan bahasa mesin, logis menggunakan bahasa manusia."
892,4,5,3,5,0,"Fisik adalah cara komputer menyimpan bit data di memori. Logis adalah cara kita melihat file itu utuh di layar. Contoh fisik adalah biner, logis adalah nama file."
893,4,8,3,8,0,"Representasi fisik adalah cara komputer menyimpan dan mengenali lokasi data di media penyimpanan, biasanya dibaca oleh mesin. Representasi logis adalah struktur yang dilihat oleh pengguna untuk memudahkan akses data. Contoh fisik: lokasi data di blok atau sektor memori. Contoh logis: letak file di dalam folder D:/Tugas/laporan.pdf."
894,4,8,3,8,0,"Penyimpanan fisik merujuk pada letak alamat sebenarnya dari sebuah data di dalam perangkat keras seperti harddisk, yang digunakan oleh sistem. Penyimpanan logis adalah tampilan yang disajikan sistem operasi kepada user berupa struktur direktori. Contoh fisik: alamat memori tempat data disimpan. Contoh logis: drive C:/ atau D:/."
895,4,8,3,8,0,Representasi fisik adalah penempatan data berupa bit-bit di lokasi fisik media penyimpanan (seperti track/sektor di HDD). Representasi logis adalah pengorganisasian data dalam bentuk file dan folder agar mudah dipahami manusia. Contoh fisik: alamat sektor 0x00A1 pada disk. Contoh logis: path C:/Users/Documents/file.txt.
896,4,8,3,8,0,"Konsep penyimpanan fisik adalah bagaimana data dialokasikan pada ruang penyimpanan perangkat keras menggunakan pengalamatan tertentu oleh sistem komputer. Penyimpanan logis adalah abstraksi dari penyimpanan fisik tersebut agar ramah pengguna. Contoh logisnya kita melihat file berformat .docx di folder 'Tugas', sedangkan fisik adalah urutan biner data tersebut di dalam disk."
897,4,8,3,8,0,Representasi fisik berfokus pada alamat aktual data di hardware yang direpresentasikan dalam kode biner/hexa untuk komputer. Representasi logis adalah cara manusia mengidentifikasi file melalui nama dan lokasi direktori. Contoh fisik: lokasi bit di memory address. Contoh logis: letak dokumen di E:/Data/foto.jpg.
898,4,9,3,9,0,Representasi fisik adalah cara sistem komputer mengkodekan alamat lokasi data di media penyimpanan (seperti HDD/SSD) menggunakan bilangan biner atau hexadesimal. Representasi logis adalah tampilan struktur data berupa drive dan folder yang dibuat agar mudah dimengerti pengguna (manusia). Contoh fisik: alamat biner 11001010 di disk. Contoh logis: path direktori D:/Music/lagu.mp3.
899,4,9,3,9,0,Penyimpanan fisik adalah pengkodean lokasi aktual sebuah data di dalam memori atau harddisk menggunakan format biner atau hex yang dibaca oleh sistem. Penyimpanan logis adalah representasi hirarki file dan folder yang ditujukan bagi manusia. Contoh fisik: alamat memori 0x7FFF. Contoh logis: lokasi file di C:/Program Files/app.exe.
900,4,9,3,9,0,"Representasi fisik mengacu pada lokasi sebenarnya dari data pada perangkat keras yang menggunakan bahasa mesin (biner/hexa) agar bisa diakses sistem komputer. Representasi logis adalah abstraksi untuk user berupa path direktori. Contoh fisik adalah kode pengalamatan seperti 10101100. Contoh logis adalah folder penyimpanannya, misalnya C:/Users/Public/dokumen.pdf."
901,4,9,3,9,0,Representasi fisik adalah pengalamatan lokasi data di harddisk menggunakan bilangan biner/heksadesimal yang ditujukan untuk sistem komputer itu sendiri. Representasi logis adalah cara manusia melihat data menggunakan nama drive dan folder. Contoh representasi logis adalah C:/Downloads/file.zip. Sedangkan contoh fisik adalah lokasi data dalam format biner seperti 11010010.
902,4,10,3,10,0,"Representasi fisik adalah metode pengkodean alamat yang mengindikasikan letak data secara fisik pada media penyimpanan menggunakan bilangan biner atau hexadesimal, yang ditujukan agar sistem komputer dapat menyimpan dan menemukan kembali data tersebut. Representasi logis adalah struktur pengorganisasian data yang ditujukan bagi manusia sebagai pengguna, menggunakan nama jalur (drive), folder, dan subfolder. Contoh representasi logis adalah penempatan file di C:/lectures/genap24/namafile.docx. Sementara contoh representasi fisik adalah alamat lokasi dalam bilangan biner seperti 10010110."
903,5,2,4,2,0,Critical section adalah bagian dari memori komputer yang rusak dan tidak bisa diakses lagi oleh sistem operasi.
904,5,2,4,2,0,Sebuah tempat di mana proses disimpan sementara sebelum dihapus oleh CPU.
905,5,2,4,2,0,Critical section yaitu kondisi komputer mengalami error parah dan harus direstart agar proses bisa berjalan kembali.
906,5,2,4,2,0,Kondisi di mana sebuah program berhenti berjalan karena kekurangan kapasitas memori.
907,5,2,4,2,0,Bagian dari hardware komputer yang bertugas memproses jalannya sebuah aplikasi secara kritis.
908,5,4,4,4,0,Critical section adalah baris kode yang sangat penting dalam sebuah program dan harus dieksekusi pertama kali oleh sistem.
909,5,4,4,4,0,Sebuah bagian dari program yang digunakan khusus untuk memproses dan menyimpan data-data penting milik pengguna.
910,5,4,4,4,0,Critical section merupakan area di dalam sistem operasi yang bertugas mengatur jalannya memori agar tidak penuh.
911,5,4,4,4,0,Bagian proses yang memanipulasi data di dalam memori agar tidak terjadi error pada komputer saat aplikasi berjalan.
912,5,4,4,4,0,Segmen kode utama yang mengatur semua jadwal dan antrean proses yang ada di dalam CPU.
913,5,7,4,7,0,Critical section adalah segmen kode pada sebuah proses yang digunakan untuk mengakses dan mengubah memori yang digunakan secara bersama-sama oleh beberapa proses.
914,5,7,4,7,0,Bagian dari instruksi program di mana proses melakukan pembacaan atau penulisan pada variabel atau data yang di-share dengan proses lain.
915,5,7,4,7,0,Critical section merupakan area kode program yang mengakses shared resource atau memori bersama pada saat suatu proses sedang berjalan.
916,5,8,4,8,0,"Critical section adalah segmen kode yang mengakses shared memory secara bersamaan, di mana hal ini bisa menyebabkan terjadinya balapan antardata atau race condition jika tidak diatur dengan baik."
917,5,8,4,8,0,"Bagian dari sebuah proses yang mengakses sumber daya bersama. Jika ada beberapa proses yang masuk ke critical section ini pada waktu yang sama, hal tersebut dapat mengakibatkan data menjadi tidak valid."
918,5,9,4,9,0,"Critical section adalah segmen instruksi dari suatu proses yang mengakses memori atau sumber daya bersama (shared memory), yang dapat memicu terjadinya race condition dan menghasilkan data yang tidak valid jika dieksekusi berbarengan oleh banyak proses."
919,5,9,4,9,0,"Sebuah bagian kode dalam proses yang memanipulasi shared data. Jika dieksekusi secara bersamaan oleh lebih dari satu thread atau proses, ini dapat menyebabkan race condition sehingga data akhir menjadi tidak konsisten atau invalid."
920,5,9,4,9,0,Critical section merujuk pada bagian instruksi program yang berinteraksi dengan shared memory. Akses konkuren (bersamaan) pada bagian ini bisa mengakibatkan data yang tidak valid karena timbulnya race condition.
921,5,9,4,9,0,"Segmen kode di mana sebuah proses mengakses dan mengubah sumber daya yang dibagikan. Jika eksekusi dilakukan secara bersamaan tanpa adanya sinkronisasi, akan terjadi kondisi race condition yang membuat integritas data menjadi tidak valid."
922,5,9,4,9,0,Bagian spesifik dari kode proses yang melakukan akses ke memori bersama. Eksekusi bersamaan pada critical section ini berpotensi besar menghasilkan data yang tidak valid akibat terjadinya kondisi balapan (race condition) antar proses.
923,6,2,5,2,0,Algoritma peterson sangat cepat untuk mengeksekusi proses dan tidak butuh memori.
924,6,2,5,2,0,Karena algoritma peterson bisa menghentikan komputer saat terjadi lag atau error pada penjadwalan.
925,6,2,5,2,0,Penjadwalan pada algoritma peterson dilakukan dengan menghapus file sampah di memori.
926,6,2,5,2,0,Algoritma ini mengubah antrean proses menjadi file sehingga mudah dibaca sistem operasi.
927,6,2,5,2,0,Karena algoritma Peterson menggunakan bahasa pemrograman yang sangat cocok untuk sistem komputer.
928,6,3,5,3,0,Karena algoritma peterson membagi memori menjadi dua bagian agar proses bisa berjalan berurutan.
929,6,3,5,3,0,Algoritma Peterson bekerja dengan cara menjadwalkan proses yang paling pendek terlebih dahulu agar tidak menunggu lama.
930,6,3,5,3,0,Peterson menghentikan sementara proses yang sedang berjalan untuk memberikan waktu ke CPU.
931,6,3,5,3,0,Karena algoritma ini mengatur kecepatan prosesor dalam menyelesaikan banyak file sekaligus.
932,6,3,5,3,0,Algoritma peterson menggunakan antrean (queue) yang memprioritaskan proses paling penting untuk didahulukan.
933,6,4,5,4,0,Karena algoritma Peterson menggunakan variabel turn dan flag untuk membagi memori bersama pada penjadwalan proses.
934,6,4,5,4,0,Algoritma ini bisa mengatasi masalah dengan cara mengunci proses agar tidak bertabrakan saat dieksekusi oleh CPU.
935,6,4,5,4,0,Peterson digunakan karena ia bisa mencegah terjadinya deadlock pada sistem operasi saat ada dua proses.
936,6,4,5,4,0,Karena ia memberikan giliran pada masing-masing proses untuk berjalan sehingga tidak ada bentrok.
937,6,4,5,4,0,Algoritma peterson bisa mengatur urutan masuknya data ke dalam memori komputer agar penjadwalannya rapi.
938,6,8,5,8,0,Karena algoritma Peterson mampu mengatasi masalah critical section dengan menjamin dua syarat utama yaitu mutual exclusion dan progress.
939,6,8,5,8,0,Algoritma Peterson digunakan karena memastikan tidak ada dua proses yang masuk bersamaan (mutual exclusion) dan memastikan adanya bounded waiting.
940,6,8,5,8,0,Karena algoritma ini dapat mencegah masalah critical section dengan memenuhi syarat progress dan mutual exclusion agar sistem berjalan lancar.
941,6,8,5,8,0,Peterson menyelesaikan masalah penjadwalan dengan memastikan setiap proses mendapatkan giliran (bounded waiting) dan adanya eksklusi mutual.
942,6,8,5,8,0,"Karena algoritma ini memenuhi syarat-syarat penyelesaian critical section seperti mutual exclusion dan progress, meskipun membatasinya untuk dua proses."
943,6,9,5,9,0,"Karena algoritma peterson merupakan solusi yang tepat untuk critical section yang menjamin terpenuhinya mutual exclusion, progress, serta bounded waiting dalam penjadwalan."
944,6,9,5,9,0,"Algoritma Peterson dapat digunakan karena ia mampu menjamin tiga kondisi penting dalam penjadwalan yaitu mutual exclusion, adanya progress, dan bounded waiting."
945,6,9,5,9,0,"Karena dapat mengatasi critical section dengan memenuhi tiga syarat utama: mutual exclusion untuk mencegah bentrok, progress, dan bounded waiting."
946,6,9,5,9,0,"Peterson berhasil menyelesaikan masalah penjadwalan karena memenuhi kriteria mutual exclusion, progress, dan bounded waiting untuk dua proses yang berbagi memori."
947,6,9,5,9,0,"Karena algoritma ini memastikan bahwa eksekusi proses berjalan dengan baik dengan menjamin mutual exclusion (mutex), progress, dan bounded waiting pada critical section."
948,7,2,6,2,0,System call adalah ketika komputer mengalami error dan harus memanggil teknisi untuk memperbaikinya. Program berkomunikasi melalui kabel jaringan.
949,7,2,6,2,0,System call merupakan panggilan dari hardware ke memori komputer. Berkomunikasi melalui CPU dan RAM yang ada di motherboard.
950,7,2,6,2,0,Itu adalah cara untuk menghidupkan komputer. User berkomunikasi dengan menekan tombol power pada CPU.
951,7,2,6,2,0,System call adalah sebuah virus yang menyerang sistem operasi. Komunikasinya melalui aplikasi antivirus.
952,7,2,6,2,0,Sebuah program panggilan seperti telepon di dalam sistem komputer yang dihubungkan melalui jaringan internet untuk melakukan komunikasi.
953,7,3,6,3,0,System call adalah fungsi untuk mematikan komputer atau merestart OS. User program menggunakan API untuk bisa melakukan hal tersebut.
954,7,3,6,3,0,System call yaitu bagian dari perangkat keras (hardware) yang mengatur jalannya aplikasi. Program aplikasi terhubung ke sistem operasi lewat bahasa pemrograman secara langsung.
955,7,4,6,4,0,System call adalah cara aplikasi meminta tambahan memori ke OS. Aplikasi menggunakan command prompt (CMD) untuk berkomunikasi.
956,7,4,6,4,0,System call terjadi saat sebuah program aplikasi diinstal ke dalam sistem operasi. Komunikasi dilakukan lewat perantara Graphical User Interface (GUI).
957,7,4,6,4,0,System call merupakan permintaan akses dari user manusia ke hardware komputer. Berkomunikasi menggunakan driver perangkat keras.
958,7,4,6,4,0,Ini adalah sistem pemanggilan pada jaringan lokal. Program aplikasi berkomunikasi dengan OS melalui port USB atau koneksi eksternal.
959,7,4,6,4,0,System call yaitu permintaan yang dilakukan oleh pengguna secara langsung ke OS. User berkomunikasi lewat antarmuka grafis atau CLI.
960,7,7,6,7,0,System call adalah cara program aplikasi meminta layanan atau fungsi tertentu kepada sistem operasi. Aplikasi berkomunikasi dengan OS melalui perantara instruksi khusus yang disediakan sistem operasi.
961,7,7,6,7,0,System call yaitu peristiwa di mana program meminta layanan sistem operasi. Program aplikasi menggunakan instruksi library standar untuk berkomunikasi dengan OS.
962,7,7,6,7,0,System call terjadi saat program level user meminta OS menjalankan sesuatu. Interaksi ini dilakukan melalui kumpulan pustaka yang menjembatani ke kernel.
963,7,8,6,8,0,System call adalah pemanggilan layanan sistem operasi oleh program aplikasi. Program tersebut berkomunikasi dengan sistem operasi menggunakan pustaka fungsi atau antarmuka pemrograman.
964,7,8,6,8,0,System call merupakan sarana bagi program aplikasi untuk meminta layanan dari sistem operasi. Komunikasi antara user program dan sistem operasi dilakukan dengan menggunakan antarmuka pemrograman aplikasi (API) secara umum.
965,7,9,6,9,0,"System call adalah metode atau peristiwa di mana program aplikasi meminta layanan dari sistem operasi. Agar dapat berkomunikasi dan melakukan pemanggilan ini, program aplikasi menggunakan Application Programming Interface (API) yang disediakan oleh OS."
966,7,9,6,9,0,Yang disebut system call adalah proses pemanggilan layanan sistem operasi yang dilakukan oleh program aplikasi (user program). User program berkomunikasi dengan OS untuk melakukan system call ini melalui API.
967,7,9,6,9,0,System call merupakan mekanisme di mana sebuah program aplikasi meminta layanan kepada sistem operasi. User program tersebut dapat berinteraksi dan melakukan panggilan ke OS melalui sebuah API (Application Programming Interface).
968,7,9,6,9,0,System call didefinisikan sebagai peristiwa ketika program aplikasi meminta layanan sistem operasi untuk mengeksekusi suatu tugas. Program aplikasi tersebut berkomunikasi dengan sistem operasi untuk melakukan pemanggilan melalui API yang tersedia.
969,7,9,6,9,0,"System call adalah peristiwa pemanggilan fungsi-fungsi layanan sistem operasi oleh program aplikasi yang sedang berjalan. Untuk berkomunikasi dengan OS dalam melakukan pemanggilan tersebut, program aplikasi memanfaatkan API (Application Programming Interface)."
970,8,1,7,1,0,"Tahapannya adalah datang ke gereja, membawa surat keterangan dari ketua RT, lalu langsung disiram air suci oleh romo pada hari Minggu."
971,8,1,7,1,0,Proses baptis dewasa dilakukan dengan cara mendaftar secara online lalu mengikuti ibadah misa sebanyak 3 kali tanpa henti sebelum dibaptis.
972,8,1,7,1,0,Hanya dengan membaca doa Bapa Kami lalu pendeta akan memercikkan air ke dahi tanpa persiapan khusus.
973,8,1,7,1,0,Tahapannya hanya perlu berpuasa selama satu bulan penuh lalu datang ke gereja untuk menerima roti dan anggur sebelum akhirnya dibaptis.
974,8,1,7,1,0,Yang penting punya baju putih yang baru lalu datang ke gereja minta dibaptis saat hari raya besar.
975,8,2,7,2,0,"1. Meminta ijin ke gereja, 2. Membaca doa tobat, 3. Disiram air suci oleh pastor, 4. Mendapat sertifikat baptis."
976,8,2,7,2,0,"Tahapannya adalah pertama mengakui dosa, kedua rajin mengikuti ibadah setiap minggu, ketiga dibaptis menggunakan air suci, keempat melakukan syukuran di gereja."
977,8,2,7,2,0,"1. Mendaftar di sekretariat gereja, 2. Mengikuti wawancara dengan romo paroki, 3. Pelaksanaan pembaptisan di altar gereja."
978,8,2,7,2,0,"Calon baptis harus bertobat terlebih dahulu, mengikuti ibadah Ekaristi dengan rutin, dan setelah itu pastor akan membaptis menggunakan air suci di depan umat."
979,8,2,7,2,0,"Harus mengikuti pelajaran agama dulu selama beberapa bulan agar paham, setelah itu langsung dibaptis dengan air suci sambil diberikan nama pelindung yang baru."
980,8,7,7,7,0,"Tahapannya ada empat: pertama masa Prakatekumenat, kedua masa Katekumenat, lalu tahap Persiapan Terakhir, dan ditutup dengan masa Mistagogi setelah dibaptis."
981,8,7,7,7,0,1. Masa Prakatekumenat untuk pemurnian calon. 2. Masa Katekumenat. 3. Persiapan untuk menerima sakramen baptis. 4. Masa Mistagogi.
982,9,2,8,2,0,Populasi adalah tempat hewan berkumpul. Komunitas adalah tumbuhan hijau. Ekosistem adalah air dan batu karang.
983,9,2,8,2,0,Ekosistem itu hewan yang hidup di laut seperti ikan. Kalau komunitas itu orang-orang yang suka ikan. Populasi artinya ikan yang banyak banget di akuarium.
984,9,2,8,2,0,1. populasi: hewan yang sudah mati. 2. komunitas: hewan dan tanaman. 3. ekosistem: lingkungan yang kotor.
985,9,2,8,2,0,"Populasi adalah jumlah batu di laut, komunitas adalah ikan yang berenang, ekosistem adalah airnya yang bening dan bersih."
986,9,2,8,2,0,"Komunitas untuk hewan darat, populasi untuk hewan air, ekosistem untuk hewan udara yang terbang bebas."
987,9,5,8,5,0,1. Populasi adalah sekelompok hewan sejenis contohnya populasi kucing. 2. Komunitas adalah hewan yang berbeda beda jenis kumpul jadi satu. 3. Ekosistem adalah alam semesta yang luas.
988,9,5,8,5,0,Populasi = kumpulan satu hewan seperti ikan. Komunitas = kumpulan ikan dan rumput laut. Ekosistem = tempat mereka tinggal seperti air laut dan batu.
989,9,5,8,5,0,"Populasi adalah kelompok hewan sejenis, komunitas adalah kelompok beda jenis, ekosistem adalah hubungan dengan lingkungan. Contohnya populasi singa."
990,9,5,8,5,0,1. Populasi itu satu jenis spesies saja di satu tempat. 2. Komunitas itu gabungan dari hewan dan tumbuhan. 3. Ekosistem itu gabungan dari benda hidup dan benda mati. Contoh komunitas hutan.
991,9,8,8,8,0,"Populasi adalah sekumpulan individu sejenis di suatu tempat, contohnya sekumpulan gajah di sabana. Komunitas adalah berbagai populasi yang hidup bersama di suatu area, contohnya populasi gajah, zebra, dan rumput. Ekosistem adalah hubungan makhluk hidup dengan lingkungannya, contohnya padang rumput."
992,9,8,8,8,0,"1. Populasi: kumpulan organisme sejenis, contohnya sekumpulan ikan nila di kolam. 2. Komunitas: kumpulan beberapa populasi di satu tempat, contohnya ikan nila, lumut, dan katak di kolam. 3. Ekosistem: kesatuan komunitas dengan lingkungan fisik atau tak hidupnya."
993,9,8,8,8,0,"Populasi merupakan sekelompok hewan satu spesies seperti kumpulan semut. Komunitas adalah interaksi berbagai hewan dan tumbuhan di suatu tempat seperti semut, belalang, rumput di taman. Ekosistem adalah interaksi makhluk hidup dan benda mati di lingkungannya, contoh ekosistem sawah."
994,9,9,8,9,0,"Populasi adalah sekumpulan makhluk hidup sejenis yang menempati daerah tertentu, contohnya segerombolan zebra di padang rumput. Komunitas adalah seluruh populasi makhluk hidup yang berinteraksi di suatu wilayah, contohnya interaksi populasi zebra, singa, dan rumput. Ekosistem adalah hubungan timbal balik antara makhluk hidup (biotik) dengan lingkungannya (abiotik), contohnya ekosistem padang rumput yang meliputi hewan, tumbuhan, sinar matahari, dan air."
995,9,9,8,9,0,"1. Populasi: kumpulan individu spesies yang sama di wilayah tertentu. Contoh: sekumpulan katak di sawah. 2. Komunitas: kumpulan berbagai populasi yang hidup bersama di suatu area. Contoh: katak, ular, dan padi di sawah. 3. Ekosistem: interaksi antara komunitas dengan lingkungan fisik (benda mati) di sekitarnya. Contoh: interaksi antara hewan, tumbuhan dengan air dan tanah di sawah."
996,9,9,8,9,0,"- Populasi = kumpulan satu spesies di satu tempat, contoh kumpulan burung gereja. - Komunitas = kumpulan berbagai populasi yang hidup berdampingan, contoh kumpulan burung gereja, pohon mangga, dan semut di kebun. - Ekosistem = kesatuan interaksi makhluk hidup dengan benda tak hidup di lingkungannya, contoh ekosistem kebun yang mencakup hewan, tumbuhan, tanah, dan cahaya."
997,9,9,8,9,0,"Populasi: sekelompok individu sejenis yang berinteraksi di satu daerah (contoh: sekumpulan ikan badut). Komunitas: gabungan populasi berbeda yang berinteraksi di satu daerah (contoh: ikan badut, anemon, dan udang). Ekosistem: interaksi timbal balik makhluk hidup dengan lingkungan tak hidupnya di suatu wilayah (contoh: ekosistem terumbu karang yang dipengaruhi suhu air dan cahaya)."
998,10,3,9,3,0,"Pakai magnet untuk memisahkan besi, setelah itu pasir dan garam dijemur di bawah sinar matahari agar bisa terpisah dengan sendirinya."
999,10,3,9,3,0,"Dicampur air semuanya lalu disaring pakai saringan, nanti besi dan pasir nyangkut di atas, dan air garamnya dibuang saja."
1000,10,3,9,3,0,1. Dipisahkan menggunakan tangan perlahan-lahan. 2. Dicuci pakai air bersih. 3. Dijemur sampai kering.
1001,10,3,9,3,0,"Serbuk besi diambil pakai magnet, lalu campuran sisanya dikasih air biar garamnya larut dan hilang, jadi sisa pasirnya saja yang bisa dipakai."
1002,10,3,9,3,0,"Menggunakan alat penyaring untuk memisahkan besi dari pasir, lalu garam dibakar di atas kompor supaya menjadi kristal."
1003,10,5,9,5,0,1. Pemisahan magnetik untuk menarik serbuk besi. 2. Pasir dan garam disaring menggunakan saringan halus agar garam yang lebih kecil bisa lewat dan pasir tertinggal di atas saringan.
1004,10,5,9,5,0,Semua campuran dimasukkan ke dalam air lalu disaring untuk memisahkan pasir dan besi sekaligus. Air garam yang lolos saringan kemudian dipanaskan biar mengkristal jadi garam lagi.
1005,10,5,9,5,0,Pertama gunakan magnet untuk mengambil besi. Kemudian campur sisanya dengan air supaya pasir larut dalam air dan garamnya mengendap di bagian bawah wadah.
1006,10,5,9,5,0,1. Magnetis untuk mengambil besi. 2. Filtrasi untuk memisahkan garam dari pasir secara langsung. 3. Penguapan untuk mengeringkan pasir dari sisa-sisa debu.
1007,10,5,9,5,0,Disaring dulu semuanya pakai saringan kecil supaya pasirnya terpisah. Lalu sisa campuran besi dan garam ditarik pakai magnet agar besinya menempel. Sisanya tinggal garam yang kemudian dijemur.
1008,11,1,10,1,0,Saya berjanji akan rajin belajar demi memajukan bangsa indonesia.
1009,11,1,10,1,0,Sumpah pemuda dirayakan setiap tanggal 28 oktober oleh seluruh rakyat.
1010,11,1,10,1,0,Indonesia merdeka merdeka hiduplah indonesia raya.
1011,11,1,10,1,0,Kami berjanji untuk tidak bolos sekolah dan selalu mematuhi guru di kelas.
1012,11,1,10,1,0,"Tidak tahu pak, saya lupa naskahnya."
1013,11,4,10,4,0,Kami pemuda indonesia berjanji untuk satu nusa satu bangsa dan satu bahasa.
1014,11,4,10,4,0,1. mengaku tanah air indonesia. 2. mengaku bangsa indonesia.
1015,11,4,10,4,0,Kami putra putri indonesia menjunjung tinggi nilai persatuan bangsa indonesia agar tidak dijajah.
1016,11,4,10,4,0,"Pemuda pemudi bersumpah darah satu, bangsa satu, dan berbahasa persatuan."
1017,11,4,10,4,0,Kami mengaku bersatu padu dalam bangsa indonesia dan selalu berbahasa indonesia.
1018,11,6,10,6,0,1. Kami putra putri indonesia mengaku bertumpah darah yang satu. 2. Kami putra putri indonesia mengaku berbangsa indonesia. 3. Kami putra putri indonesia menjunjung bahasa indonesia.
1019,11,6,10,6,0,"Kami putra dan putri indonesia bersumpah: satu nusa tanah air indonesia, satu bangsa bangsa indonesia, satu bahasa bahasa indonesia."
1020,11,6,10,6,0,1. Bertumpah darah yang satu tanah air indonesia 2. Berbangsa yang satu bangsa indonesia 3. Menjunjung bahasa persatuan yaitu bahasa indonesia.
1021,11,6,10,6,0,"Kami putra dan putri indonesia bertanah air satu indonesia, berbangsa satu bangsa indonesia, dan berbahasa persatuan bahasa indonesia."
1022,11,6,10,6,0,"Kami pemuda indonesia mengaku bertumpah darah satu tanah indonesia, berbangsa satu bangsa indonesia, menjunjung bahasa persatuan bahasa indonesia."
1023,11,9,10,9,0,"1. Kami putra dan putri Indonesia, mengaku bertumpah darah yang satu, tanah air Indonesia. 2. Kami putra dan putri Indonesia, mengaku berbangsa yang satu, bangsa Indonesia. 3. Kami putra dan putri Indonesia, menjunjung tinggi bahasa persatuan, bahasa Indonesia. (Catatan: Penambahan kata 'tinggi')"
1024,11,9,10,9,0,Kami putra dan putri Indonesia mengaku bertumpah darah yang satu tanah air Indonesia. Kami putra dan putri Indonesia mengaku berbangsa yang satu bangsa Indonesia. Kami putra dan putri Indonesia menjunjung bahasa persatuan bahasa Indonesia.
1025,11,9,10,9,0,"Pertama: Kami putra dan putri Indonesia, mengaku bertumpah darah yang satu, tanah air Indonesia. Kedua: Kami putra dan putri Indonesia, mengaku berbangsa yang satu, bangsa Indonesia. Ketiga: Kami putra dan putri Indonesia, menjunjung bahasa persatuan, bahasa Indonesia."
1026,11,9,10,9,0,"Kami putra putri Indonesia mengaku bertumpah darah yang satu, tanah air Indonesia. Kami putra putri Indonesia mengaku berbangsa yang satu, bangsa Indonesia. Kami putra putri Indonesia menjunjung bahasa persatuan, bahasa Indonesia."
1027,11,9,10,9,0,"1. Kami putra dan putri Indonesia mengaku bertumpah darah satu, tanah air Indonesia. 2. Kami putra dan putri Indonesia mengaku berbangsa yang satu, bangsa Indonesia. 3. Kami putra dan putri Indonesia menjunjung bahasa persatuan, bahasa Indonesia."
1028,12,1,11,1,0,"Warna, Kecerahan, Resolusi, Piksel, Megabyte, dan Kapasitas Memori."
1029,12,2,11,2,0,"Elemen digital humanities adalah komputer, internet, manusia, dan data. Contohnya menggunakan komputer untuk mengetik makalah."
1030,12,2,11,2,0,"Digital humanities terdiri dari hardware, software, dan brainware. Contohnya manusia menggunakan laptop untuk mengedit video sejarah."
1031,12,2,11,2,0,"Aset dan Layanan. Contohnya aset adalah uang untuk mendanai proyek, layanannya adalah jaringan internet."
1032,12,2,11,2,0,"Teknologi, Informasi, Komunikasi, dan Sejarah. Contoh proyeknya adalah membuat rangkuman sejarah menggunakan Microsoft Word."
1033,12,2,11,2,0,Elemennya adalah digitalisasi itu sendiri. Contohnya memotret candi Borobudur lalu menguploadnya ke Instagram.
1034,12,3,11,3,0,"Asset, Struktur, Service, Display. Contoh Asset: https://www.google.com/search?q=google.com, Struktur: yahoo.com, Service: bing.com, Display: facebook.com."
1035,12,3,11,3,0,"Ada empat yaitu Aset, struktur, service dan display. Aset itu file, struktur itu susunan, service layanan, display tampilan. Tidak ada contoh proyek."
1036,12,3,11,3,0,"Aset, Struktur, Layanan, Tampilan. Contohnya proyek membuat website perpustakaan tapi aplikasinya belum jadi."
1037,12,3,11,3,0,STUFF (assets) contoh gambar. SERVICES contoh internet. USE contoh monitor komputer. DISPLAY contoh layar.
1038,12,4,11,4,0,"Empat elemen: Aset (kumpulan file), Struktur (arsitektur informasi), Layanan (cara akses), dan Tampilan (antarmuka). Contoh aset: foto candi. Contoh struktur: folder di komputer. Contoh layanan: wifi. Contoh tampilan: layar monitor."
1039,12,4,11,4,0,"Aset, Struktur, Layanan, Tampilan. Contoh di proyek Digital Humanities: Asetnya adalah buku sejarah secara fisik, strukturnya daftar isi buku, layanannya adalah perpustakaan, tampilannya adalah rak buku."
1040,12,4,11,4,0,"Aset: Data digital. Struktur: Pengelolaan informasi. Layanan: Server. Tampilan: UI web. Contohnya proyek digitalisasi buku, asetnya buku pdf, layanannya server lokal."
1041,12,4,11,4,0,"1. Aset (database file), 2. Struktur (arsitektur data), 3. Layanan (software/server), 4. Tampilan (UI). Contoh proyeknya adalah Wikipedia. Asetnya tulisan, layanannya adalah internet."
1042,12,4,11,4,0,"Aset berupa data, struktur berupa pengelolaan, services berupa server, display berupa tampilan website. Contohnya adalah membuat web sejarah, asetnya foto-foto sejarah kuno, layanannya adalah hosting web."
1043,12,6,11,6,0,"Elemen DH ada 4: Aset, Struktur, Layanan, dan Tampilan. Contoh pada proyek Arsip Nasional: Asetnya adalah scan dokumen kemerdekaan. Strukturnya adalah klasifikasi dokumen berdasarkan tahun. Layanannya adalah website arsip nasional yang bisa diakses publik. Tampilannya adalah galeri foto dokumen di web tersebut."
1044,12,6,11,6,0,"Aset, Struktur, Layanan, dan Display. Contoh proyek digitalisasi Candi Borobudur: Asetnya berupa foto 3D candi. Strukturnya adalah pengelompokan relief. Layanannya berupa aplikasi VR Borobudur. Tampilannya adalah interface VR saat pengguna memakai kacamata VR."
1045,12,6,11,6,0,"Empat elemen dasar: Aset (data), Struktur (informasi), Layanan (sistem akses), Tampilan (visual). Contoh proyek peta sejarah: Asetnya peta kuno hasil scan, strukturnya metadata koordinat peta, layanannya server web GIS, tampilannya peta interaktif di browser."
1046,12,6,11,6,0,"1. Aset: file data. 2. Struktur: arsitektur informasi. 3. Layanan: aplikasi/server. 4. Display: tampilan web. Contoh nyata: Proyek Kamus Bahasa Daerah digital. Asetnya kosakata bahasa daerah, strukturnya abjad A-Z, layanannya aplikasi android kamus, tampilannya halaman pencarian kata."
1047,12,6,11,6,0,"Assets (kumpulan file digital), Structure (arsitektur informasi), Service (sarana akses spt server), Display (tampilan untuk user). Contoh pada website museum digital: Asetnya foto artefak, strukturnya kategori artefak, layanannya web server, tampilannya halaman katalog artefak beserta deskripsinya."
1048,12,9,11,9,0,Empat elemen dasar dalam Digital Humanities meliputi: 1) Assets: basis data atau repositori file. 2) Structure: arsitektur informasi yang mengelola aset. 3) Services: infrastruktur layanan seperti server atau API. 4) Display: antarmuka visual pengguna. Contoh konkrit pada Proyek Digitalisasi Naskah Keraton: Assets-nya adalah kumpulan pindaian naskah daun lontar beresolusi tinggi beserta transkripsinya. Structure-nya adalah metadata berstandar Dublin Core yang memuat informasi pengarang dan tahun. Services-nya menggunakan server cloud institusi yang memungkinkan pencarian. Display-nya adalah website portal interaktif di mana pengguna bisa membaca teks berdampingan dengan gambar naskah asli.
1049,12,9,11,9,0,"Elemen DH terdiri atas Assets, Structure, Services, dan Display. Contoh pada proyek 'Ensiklopedia Musik Tradisional Indonesia': - Assets: Koleksi rekaman audio instrumen tradisional (MP3) dan foto alat musik. - Structure: Pengorganisasian data berdasarkan pulau asal, jenis alat musik (tiup, petik, pukul), dan skala nada. - Services: Menggunakan layanan cloud hosting dan database SQL agar bisa diakses online. - Display: Website interaktif yang menampilkan peta Indonesia; pengguna bisa mengklik suatu pulau untuk melihat gambar alat musik dan memutar audionya langsung di browser."
1050,12,10,11,10,0,"Proyek Digital Humanities selalu berpijak pada 4 elemen dasar: 1) Aset (kumpulan data digital/repositori), 2) Struktur (arsitektur informasi dan pengelolaan data), 3) Layanan/Services (infrastruktur seperti server, database, atau API untuk akses), dan 4) Tampilan/Display (organisasi visual melalui antarmuka pengguna). Contoh Konkrit pada Proyek 'Peta Sastra Sejarah Jakarta': - Aset: Kumpulan teks puisi kuno, foto tokoh sastrawan, dan dokumen sejarah terkait kota Jakarta. - Struktur: Basis data relasional yang memetakan karya sastra dengan koordinat geografis (lokasi kejadian) dan tahun terbit. - Layanan: Penggunaan server web berbasis cloud dan layanan pemetaan (Web GIS) agar data bisa diakses dan dianalisis. - Tampilan: Antarmuka situs web berupa peta Jakarta interaktif di mana pengguna dapat mengklik titik lokasi tertentu untuk membaca puisi dan melihat foto sejarah yang berkaitan dengan titik tersebut."
1051,12,10,11,10,0,"Elemen dasar Digital Humanities meliputi: Assets, Structure, Services, dan Display. Contoh konkrit pada proyek 'Digitalisasi Relief Candi Prambanan' (Prambanan Digital Archive): 1. Assets: Repositori yang berisi ribuan citra (foto digital resolusi tinggi) dari setiap panel relief beserta teks narasinya. 2. Structure: Arsitektur informasi yang mengklasifikasikan gambar berdasarkan letak candi (Syiwa, Brahma, Wisnu), nomor panel, dan tokoh cerita (misal: Rama, Shinta). 3. Services: Sistem layanan berbasis web server yang menyediakan fitur pencarian kompleks (search engine) dan akses API database untuk peneliti lain. 4. Display: Antarmuka pengguna (User Interface) pada website yang menampilkan visualisasi 3D candi, di mana pengunjung dapat memperbesar (zoom) gambar relief dan membaca deskripsi cerita Ramayana di panel samping secara bersamaan."
1052,12,10,11,10,0,"Dalam Digital Humanities terdapat 4 elemen esensial: 1) Aset (bahan mentah digital/repositori), 2) Struktur (metode pengorganisasian/arsitektur informasi), 3) Layanan (infrastruktur teknis pembangun akses), dan 4) Tampilan (cara aset disajikan secara visual). Contoh dalam Proyek 'Arsip Suara Pahlawan Nasional': - Aset: File rekaman audio pidato pahlawan dan transkrip teks pidatonya. - Struktur: Metadata yang diatur secara hierarkis mencakup nama pahlawan, tanggal pidato, lokasi, dan topik utama (arsitektur informasi). - Layanan: Hosting pada server institusi arsip yang didukung perangkat lunak streaming audio dan sistem manajemen basis data. - Tampilan: Web responsif yang menyajikan daftar putar (playlist) audio interaktif, dilengkapi teks berjalan (running text) transkripsi pidato yang tersinkronisasi dengan suara, serta filter pencarian berdasarkan tahun."
94,1,1,0,1,1,tepi sungai gunung.Di pinggir sungai.Di tepitepi diri pingggir pingir ditebing gangga tepian
92,1,1,0,1,1,olah olahnya olahan olahr olahdaya olahrasa olahpikir olahgara raga olahhati olahkan olahan-olahan
61,1,1,0,1,1,dewi dewi. dewinya dewiku dewadewi sartika dewi-dewi dewipun dewita dewa dewadewa ratih
92,1,1,0,1,1,olah olahdaya olahnya olahrasa olahr olahpikir olahan kosong olahgara olahragapun raga teraturBerolah
92,1,1,0,1,1,olah olahnya olahan olahr olahdaya olahrasa olahpikir olahhati raga olahgara berolah olahan-olahan
92,1,1,0,1,1,olah olahnya olahan olahr olahdaya olahrasa olahpikir olahhati raga olahgara berolah olahan-olahan
40,1,1,0,1,1,kosong kosongnya kosongan sekosong kosong. kosong.JJM terisi kosong2 kosong.Di kosong- kosonglah penuh-kosong
70,1,1,0,1,1,dan yang konsepyang sekaolah terbntuk cukupsatu tetappi yangbtidak itu ada bekaerja peraangkat
93,1,1,0,1,1,dan suka lain yang sekaolah olahgara konsepyang membiaakan untukdapat olahpikir selain meman-dang
95,1,1,0,1,1,suka dan yang lebihsuka berkpribadian senang ingin tidakut lebih-suka meman-dang tidak tertib-diri
820,1,2,0,2,1,bisa agar dapat untukdapat untuk supaya tidak dan untukbisa yang semua akan
821,1,2,0,2,1,ada itu yang semua sebenarnya memang tersebut beberapa tidak ini juga selain
819,1,2,0,2,1,olah pikir olahpikir olahrasa olahr olahnya berolah olahdaya olahhati raga olahragapun polapikir
820,1,2,0,2,1,bisa agar untukdapat dan untuk dapat yang untukbisa semua tidak supaya sayauntuk
30,1,2,0,2,1,ki ka Ki hajar Wapsi kii pa ngi hi kwa ja ageng
818,1,2,0,2,1,sama kerja bekerja kerjadan kerjan kkerja kerjadalam kerjanya .kerja kerjakerja kerjadi yangbekerja
821,1,2,0,2,1,ada itu yang semua memang sebenarnya tersebut tidak beberapa juga ini selain
820,1,2,0,2,1,bisa agar dan untuk untukdapat yang dapat untukbisa semua tidak sayauntuk ingin
819,1,2,0,2,1,bisa dan olah untuk olahpikir agar sekaolah yang untukdapat semua untukbisa tidak
30,1,2,0,2,1,ki ka Ki Wapsi kii ngi pa ra- hi hajar wr ja
30,1,2,0,2,1,ki Ki ka Wapsi kii ngi ra- pa hi feda hajar wr
30,1,2,0,2,1,ki Ki ka kii Wapsi ngi hajar pa hi ra- ageng ja
30,1,2,0,2,1,ki ka Ki Wapsi kii ngi pa ra- hi hajar ja wr
30,1,2,0,2,1,ki Ki ka hajar kii ageng pa Wapsi ngi hi kwa koe
826,1,3,0,3,1,dan bisa juga yang tidak harus untukdapat jugaakan ada tetappi yangbtidak akan
826,1,3,0,3,1,dan bisa juga tidak yang harus untukdapat jugaakan ada tetappi bisasaja tetapsaja
824,1,3,0,3,1,itu yang tidak juga ada memang bisa kalau pasti jugaakan kitasudah sepertinya
826,1,3,0,3,1,juga yang tidak bisa dan itu ada harus jugaakan memang akan tetappi
825,1,3,0,3,1,dan yang juga tidak itu untukdapat yangbtidak bisa ada tetappi harus jugaakan
823,1,3,0,3,1,dan yang itu yangbtidak juga seseudah tapijuga yanntuk harus bisa mereka terssbut
826,1,3,0,3,1,dan bisa juga tidak yang harus untukdapat jugaakan ada tetappi bisasaja tetapsaja
824,1,3,0,3,1,juga yang tidak bisa itu dan ada jugaakan harus memang akan tetappi
824,1,3,0,3,1,yang juga tidak itu bisa ada dan memang jugaakan harus akan kalau
822,1,3,0,3,1,dan yang juga tidak ada tapijuga itu konsepyang terbntuk tetappi yangbtidak memang
825,1,3,0,3,1,yang dan tidak juga ada untukdapat jugaakan bisa ingin tetappi selain bisasaja
822,1,3,0,3,1,yang dan tidak juga itu ada memang jugaakan bisa tetappi tapijuga bisasaja
822,1,3,0,3,1,yang dan tidak juga ada tapijuga itu tetappi konsepyang jugaakan memang untukdapat
823,1,3,0,3,1,itu yang dan juga bisa tidak yangbtidak harus seseudah memang tetappi ada
100,1,4,0,4,1,dan yang serta sehingga untukdapat baik tidak baikdalam posiitif memngan dalamupaya tapijuga
97,1,4,0,4,1,dan yang serta baik untuk fisikyang untukdapat sehingga aktifvitas posiitif aktiviatas konsepyang
13,1,4,0,4,1,olahan pikiran olahan-olahan olahrasa olah konsepyang olahpikir olahanya olahnya olahdaya pikirang yang
54,1,4,0,4,1,dan yang konsepyang meneyenangkan lebihpenting sangatbaik baik bersihbersih serta benar-enar bena-benar bersaaman
4,1,4,0,4,1,yang dan kita harus tidak bisa untukdapat akan untuk dapat yanntuk kitasudah
98,1,4,0,4,1,yang dan olahrasa olah konsepyang juga olahpikir sekaolah tapijuga diseolah fisikyang olahdaya
4,1,4,0,4,1,yang kita dan harus bisa tidak akan untukdapat untuk kitasudah dapat yanntuk
4,1,4,0,4,1,yang dan tidak untukdapat kita harus bisa akan kitasudah untuk tapijuga dapat
4,1,4,0,4,1,yang dan tidak bisa untukdapat juga harus tapijuga akan kita fisikyang yanntuk
101,1,4,0,4,1,dan yang baik tidak juga bisa serta sehingga untukdapat membugarkan mempersehat teraturBerolah
830,1,5,0,5,1,dan yang juga itu tidak untukdapat yangbtidak bisa tapijuga tetappi harus meman-dang
830,1,5,0,5,1,dan yang juga itu tidak yangbtidak untukdapat bisa tapijuga meman-dang harus tetappi
827,1,5,0,5,1,yang dan itu tetappi konsepyang untukdapat bisa tidak lebihpenting sekaolah juga samapun
827,1,5,0,5,1,yang dan itu tetappi konsepyang untukdapat tidak bisa lebihpenting juga sekaolah baik
829,1,5,0,5,1,dan yang konsepyang tetappi untukdapat sekaolah itu bisa lebihpenting untuk seseudah yanntuk
827,1,5,0,5,1,yang dan itu tetappi konsepyang untukdapat bisa tidak lebihpenting sekaolah juga samapun
830,1,5,0,5,1,dan yang juga itu tidak yangbtidak untukdapat bisa tapijuga meman-dang harus tetappi
827,1,5,0,5,1,yang dan itu tetappi konsepyang untukdapat tidak lebihpenting bisa juga baik sekaolah
827,1,5,0,5,1,yang dan tetappi itu konsepyang tidak untukdapat lebihpenting juga baik bisa samapun
17,1,5,0,5,1,kuat sama dan yang lebihpenting lebih-digunakan tersndiri sangatbaik relaitif terbntuk menahlukan tetappi
829,1,5,0,5,1,dan yang konsepyang tetappi sekaolah untuk untukdapat yanntuk yangbtidak seseudah tapijuga terbntuk
827,1,5,0,5,1,yang dan itu tetappi konsepyang tidak lebihpenting untukdapat baik betu-betul bena-benar sekaolah
17,1,5,0,5,1,dan sama kuat yang tidak lebihpenting lebih-digunakan kuat.bisa sangatbaik tersndiri tetappi memiliki
829,1,5,0,5,1,dan yang konsepyang tetappi sekaolah untuk lebihpenting untukdapat yangbtidak tapijuga sangatbaik yanntuk
831,1,7,0,7,1,dan yang untukdapat untuk tetappi sekaolah menahlukan lebihpenting konsepyang tidak polapikir manusisa
832,1,7,0,7,1,yang dan konsepyang tetappi itu untukdapat yangbtidak polapikir lebihpenting sekaolah yanngan tidak
37,1,7,0,7,1,dan kita untuk untukdapat kitaakan yang untknya membiaakan manusiauntuk sayauntuk makaakan bisa
831,1,7,0,7,1,dan yang sekaolah untukdapat untuk menahlukan konsepyang tetappi olahpikir olahrasa polapikir lebihpenting
832,1,7,0,7,1,yang dan konsepyang tetappi itu polapikir sekaolah untukdapat lebihpenting yangbtidak yanngan benar-enar
49,1,7,0,7,1,olah raga olahr olahrasa berolah olahdaya olahpikir olahnya raga. olahhati teraturBerolah Berolah
832,1,7,0,7,1,yang dan konsepyang tetappi itu untukdapat yangbtidak polapikir lebihpenting sekaolah yanngan benar-enar
831,1,7,0,7,1,dan yang sekaolah olahpikir olahrasa untuk untukdapat konsepyang menahlukan tetappi polapikir lebihpenting
831,1,7,0,7,1,dan olah yang olahpikir sekaolah olahrasa konsepyang menahlukan untuk polapikir untukdapat olahdaya
37,1,7,0,7,1,dan untuk kita untukdapat yang kitaakan untknya membiaakan tetappi bisa makaakan sayauntuk
832,1,7,0,7,1,yang dan konsepyang tetappi itu untukdapat yangbtidak polapikir lebihpenting sekaolah yanngan benar-enar
37,1,7,0,7,1,dan untuk yang untukdapat kita untknya kitaakan tetappi membiaakan sekaolah makaakan menahlukan
37,1,7,0,7,1,dan kita untuk untukdapat kitaakan yang untknya membiaakan manusiauntuk makaakan sayauntuk kitas
832,1,7,0,7,1,yang dan konsepyang tetappi itu sekaolah polapikir untukdapat lebihpenting yangbtidak yanngan benar-enar
74,1,8,0,8,1,olah raga olahr olahrasa berolah olahpikir raga. olahnya olahhati olahdaya ragapun Olah
66,1,8,0,8,1,dan yang olahrasa konsepyang olahpikir olah menahlukan sekaolah lebihpenting diseolah tapijuga fisikyang
34,1,8,0,8,1,olah raga olahrasa olahr olahpikir berolah olahnya raga. olahhati olahdaya ragapun teraturBerolah
85,1,8,0,8,1,dan olah olahrasa yang olahpikir konsepyang sekaolah diseolah olahdaya menahlukan tetappi makaakan
16,1,8,0,8,1,olah raga olahrasa olahr olahpikir berolah olahnya olahhati raga. olahdaya teraturBerolah ragapun
45,1,8,0,8,1,olah raga olahrasa olahr olahpikir berolah olahnya olahhati raga. olahdaya teraturBerolah ragapun
45,1,8,0,8,1,olah raga olahrasa olahr olahpikir berolah olahnya raga. olahhati olahdaya ragapun teraturBerolah
16,1,8,0,8,1,olah raga olahrasa olahpikir olahr olahnya olahhati olahdaya berolah teraturBerolah ragapun raga.
12,1,9,0,9,1,yang dan konsepyang olahrasa olahpikir lebihpenting hijaupun haruh mempeunyai itu benar-enar tidak
89,1,9,0,9,1,yang dan konsepyang dalam olahrasa polapikir yanngan sessuatu sesauatu olahpikir tersebutdalam tetappi
12,1,9,0,9,1,yang dan konsepyang olahrasa hijaupun olahpikir lebihpenting haruh itu mempeunyai kesar benar-enar
12,1,9,0,9,1,yang dan konsepyang olahrasa olahpikir lebihpenting polapikir mempeunyai menahlukan benar-enar olah haruh
89,1,9,0,9,1,yang dan konsepyang polapikir yanngan olahrasa olahpikir tetappi posiitif sesauatu fisikyang menahlukan
25,1,9,0,9,1,dan yang polapikir konsepyang lebihpenting tapijuga yanngan serta posiitif baik tetappi mempeunyai
89,1,9,0,9,1,yang dan konsepyang dalam olahrasa polapikir yanngan sessuatu olahpikir sesauatu tersebutdalam tetappi
12,1,9,0,9,1,yang dan konsepyang olahrasa olahpikir polapikir menahlukan lebihpenting mempeunyai olah benar-enar peraasaan
27,1,9,0,9,1,yang dan konsepyang olahrasa olahpikir polapikir menahlukan olah mempeunyai lebihpenting benar-enar peraasaan
12,1,9,0,9,1,yang dan konsepyang olahrasa olahpikir lebihpenting itu haruh hijaupun mempeunyai benar-enar yanngan
89,1,9,0,9,1,yang dan konsepyang dalam olahrasa polapikir yanngan sessuatu sesauatu olahpikir tetappi tersebutdalam
12,1,9,0,9,1,yang dan konsepyang olahrasa olahpikir hijaupun haruh lebihpenting itu kesar benar-enar mempeunyai
12,1,9,0,9,1,yang dan konsepyang olahrasa olahpikir lebihpenting hijaupun haruh mempeunyai itu benar-enar polapikir
89,1,9,0,9,1,yang dan konsepyang olahrasa polapikir olahpikir yanngan menahlukan sesauatu peraasaan tetappi sessuatu
126,2,1,1,1,1,ada atau makaakan tetappi suatu tidak seseudah karena yang sesuuatu lebih-digunakan melakan
126,2,1,1,1,1,ada tidak karena yang atau tetappi jika itu makaakan suatu seseudah tidakut
834,2,1,1,1,1,tidak itu ada jadi bisa yang sudah juga kalau memang pasti akan
837,2,2,1,2,1,tidak itu ada yang tetappi bisa kalau juga jadi sebenarnya memang tapi
837,2,2,1,2,1,tidak itu ada yang bisa kalau tetappi juga karena tapi jadi memang
839,2,2,1,2,1,tidak itu yang ada bisa kalau juga memang karena sudah tetappi tapi
844,2,4,1,4,1,tidak yang itu tetappi akan bisa makaakan dan seseudah tidakut juga tetapsaja
845,2,4,1,4,1,tidak yang dan sehingga bisa akan tetappi itu tidakut ada tetapsaja makaakan
844,2,4,1,4,1,tidak yang tetappi akan dan itu bisa makaakan tidakut seseudah sehingga tetapsaja
109,2,5,1,5,1,yang tidak relaitif beengan makaakan sehingga tetappi sesuaai karena sesuaatu atau tidakyang
107,2,5,1,5,1,tidak yang ada beengan akan tetappi karena tidakyang makaakan sesuaai seseudah bisa
109,2,5,1,5,1,tidak yang beengan karena relaitif makaakan ada tetappi sesuaai tidakyang atau seseudah
140,2,6,1,6,1,tidak akan dapat yang sehingga bisa tidakut dan tetapsaja makaakan tetappi juga
142,2,6,1,6,1,yang tidak sehingga ada akan tetappi seseudah tersebut itu dapat suatu bisa
140,2,6,1,6,1,tidak akan bisa sehingga yang dapat tidakut tetapsaja dan tetappi makaakan juga
847,2,7,1,7,1,tidak yang bisa dan akan sehingga itu untukdapat tetappi juga tidakut ada
847,2,7,1,7,1,tidak dan yang bisa akan sehingga untukdapat tetappi tidakut makaakan ada dapat
849,2,7,1,7,1,tidak yang dan sehingga ada bisa akan itu tetappi juga karena tidakut
853,2,9,1,9,1,yang tidak dan sehingga tersebut tetappi itu akan ada dapat tidakut ini
853,2,9,1,9,1,yang tidak dan sehingga tetappi tersebut itu tidakut akan ada karena untukdapat
852,2,9,1,9,1,yang tidak dan sehingga tersebut dapat itu ada akan tetappi juga ini
852,2,9,1,9,1,yang tidak dan sehingga dapat tersebut ada akan itu juga ini tetappi
853,2,9,1,9,1,yang tidak dan sehingga tetappi tersebut itu tidakut akan ada karena untukdapat
852,2,9,1,9,1,yang tidak dan sehingga tersebut itu tetappi akan dapat ada ini juga
135,2,10,1,10,1,tidak yang dan ada sehingga tetappi karena itu atau tidakut seseudah meskipun
128,2,10,1,10,1,tidak yang sehingga akan dapat dan tetappi bisa ini tersebut itu ada
135,2,10,1,10,1,yang tidak dan sehingga tetappi ada karena atau tidakut itu seseudah makaakan
882,4,1,3,1,1,yang sebenarnya dan tidak tetappi apa itu mungkin yangjelas betu-betul tentu yangbtidak
884,4,2,3,2,1,dan yang pengturan peraangkat peraatan konsepyang terknoneksi internetjuga relaitif perangkat kompunikasi yanngan
181,4,3,3,3,1,yang dan itu lebih-digunakan konsepyang tetappi tersebut peraangkat yangjelas fisikyang yanngan atau
892,4,5,3,5,1,yang terknoneksi file data konsepyang instuksi indoaplikasi dataword peraangkat tersebut mengukti lebih-digunakan
192,4,6,3,6,1,yang dan dalam konsepyang instuksi terknoneksi data peraangkat lebih-digunakan penagturan 228-lipi-gelar-desiminasi-hasil-penelitian-lipi-tentang-instrumen-fisika-dan-opto-elektronika mereka.jadi
203,4,7,3,7,1,dalam yang atau terknoneksi penyimpanan penyimpananan memgisi penagturan slot-loading pengturan suatu konsepyang
893,4,8,3,8,1,yang dan atau data terknoneksi instuksi suatu konsepyang datadan yanngan dalam sesuaai
187,4,9,3,9,1,yang atau dan tersebut konsepyang relaitif terknoneksi peraangkat suatu lebih-digunakan lain sesuaai
176,4,10,3,10,1,yang atau dan suatu dalam dimana terknoneksi pada lebih-digunakan konsepyang tersebut peraangkat
905,5,2,4,2,1,dan sehingga tidak makaakan bisa yang agar akan harus terusberkembang jugaakan relaitif
904,5,2,4,2,1,dalam yang pada suatu sebuah dimana dari dan bagian mana ada saat
906,5,2,4,2,1,yang dan ada sehingga tidak dalam karena itu relaitif tersebut tetappi semua
905,5,2,4,2,1,dan sehingga tidak bisa makaakan agar yang akan harus jugaakan dapatberjalan terusberkembang
209,5,3,4,3,1,yang suatu dan sebuah satubuah konsepyang peraangkat prosesyang relaitif program--suatu dalam yanngan
231,5,3,4,3,1,yang dan tidak tetappi sehingga prosesyang samapun tersebut untukdapat makaakan relaitif tersebutdalam
231,5,3,4,3,1,yang dan tetappi tidak sehingga prosesyang tersebut samapun untukdapat makaakan relaitif tersebutdalam
216,5,3,4,3,1,yang dan prosesyang suatu tersebutdalam yanngan tetappi ada peraangkat tidak sehingga relaitif
910,5,4,4,4,1,yang dan dalam sehingga yanngan untuk suatu sistem dalamupaya tersebut relaitif memgisi
910,5,4,4,4,1,yang dalam dan ada sehingga bagian yanngan suatu tersebut sistem memgisi semua
911,5,4,4,4,1,yang dalam dan sehingga saat pada suatu tersebut dimana ada tidak yanngan
910,5,4,4,4,1,dalam yang dan sehingga suatu sistem yanngan bagian sebuah tersebut dalamupaya memgisi
211,5,5,4,5,1,yang dan tetappi prosesyang konsepyang tidak tadi.jadi yanngan lebihpenting tersebut yangjelas untukdapat
212,5,5,4,5,1,yang dan prosesyang konsepyang peraangkat yanngan satubuah suatu tetappi relaitif tadi.jadi yangjelas
222,5,5,4,5,1,yang dan tidak tetappi tadi.jadi lebihpenting sehingga yangjelas untukdapat tersebut ada konsepyang
233,5,5,4,5,1,yang tidak dan tetappi tersebut mungkin tadi.jadi lebihpenting tentu akan yangjelas benar-enar
249,5,6,4,6,1,yang dan prosesyang tetappi tidak sehingga tersebut yangjelas konsepyang peraangkat untukdapat yanngan
245,5,6,4,6,1,yang prosesyang konsepyang suatu instuksi sesuaai mesin.tidak suatuproses peraangkat program--suatu relaitif tadi.jadi
248,5,6,4,6,1,yang suatu prosesyang satubuah konsepyang adalahproses relaitif dan sesuaai tetapmemanfaatkanmusepanjang tadi.jadi suatuproses
247,5,6,4,6,1,yang tidak akan sehingga bisa makaakan tentu juga dapat dan jugaakan tetappi
913,5,7,4,7,1,dan yang prosesyang khususyang peraangkat untukngan individudengan konsepyang satubuah lebih-digunakan dalam dalamhubungan
914,5,7,4,7,1,yang dalam suatu pada atau dan sebuah dimana tersebut bagian konsepyang yanngan
914,5,7,4,7,1,yang bagian dalam dari suatu dan atau sebuah pada konsepyang mereka.jadi ada
913,5,7,4,7,1,dan yang prosesyang khususyang untukngan peraangkat individudengan dalam lebih-digunakan konsepyang dalamhubungan untuk
226,5,8,4,8,1,yang dan prosesyang suatu peraangkat konsepyang satubuah relaitif tadi.jadi suatuproses tetappi sesuaai
217,5,8,4,8,1,yang tersebut dan ada suatu itu dalam sehingga konsepyang tersebutdalam tetappi ini
916,5,8,4,8,1,yang dan tersebut relaitif konsepyang tetappi sesuaai tadi.jadi prosesyang sehingga ada yanngan
226,5,8,4,8,1,yang dan prosesyang peraangkat relaitif konsepyang satubuah suatu tadi.jadi tetappi sesuaai kenajuan
918,5,9,4,9,1,yang dan prosesyang tetappi sehingga konsepyang peraangkat tadi.jadi yanngan lebih-digunakan datadan relaitif
918,5,9,4,9,1,yang dan sehingga konsepyang prosesyang peraangkat tetappi relaitif yanngan tersebut sesuaai datadan
921,5,9,4,9,1,yang dan sehingga tidak tetappi konsepyang prosesyang sesuaai ada tersebut relaitif yanngan
920,5,9,4,9,1,yang dan tersebut tetappi tadi.jadi konsepyang lebih-digunakan makaakan relaitif sehingga sesuaai mesin.tidak
238,5,10,4,10,1,dan yang atau sehingga dalam peraangkat tetappi relaitif lebih-digunakan suatu untuk sesuaai
241,5,10,4,10,1,dan yang sehingga peraangkat tetappi konsepyang relaitif prosesyang atau untuk dalamupaya sesuaai
241,5,10,4,10,1,yang dan sehingga dalam tetappi atau konsepyang relaitif peraangkat suatu untuk untukdapat
240,5,10,4,10,1,yang dan dalam suatu sehingga ada atau tersebut tetappi tadi.jadi konsepyang lebih-digunakan
924,6,2,5,2,1,sehingga karena saat makaakan tidak terjadi melakan lebih-digunakan biasanya yang mesin.tidak prosesyang
927,6,2,5,2,1,yang dan lebih-digunakan untuk konsepyang peraangkat untukdapat khususyang mesin.tidak tidak sehingga relaitif
926,6,2,5,2,1,file yang sistem terknoneksi indoaplikasi mengukti lebih-digunakan sehingga tersebut dalam dan slot-loading
925,6,2,5,2,1,file indoaplikasi dalam terknoneksi pada file-file me-load sistem slot-loading yang M-file aplikasi
924,6,2,5,2,1,terjadi saat karena ketika sehingga biasanya makaakan tidak dimana jika karenaakan pada
926,6,2,5,2,1,sehingga prosesyang yang makaakan melakan tidak lebih-digunakan mengukti mesin.tidak akan ini terknoneksi
929,6,3,5,3,1,yang dan sehingga agar untukdapat tidak prosesyang tetappi untuk akan dalamupaya bisa
932,6,3,5,3,1,yang prosesyang untuk proses peraangkat dan proses-nya mesin.tidak relaitif tidak memgisi sesuaai
929,6,3,5,3,1,yang dan sehingga untukdapat tidak prosesyang tetappi dalamupaya mengukti untuk akan lebih-digunakan
930,6,3,5,3,1,dan untuk yang sehingga dalam akan agar sesuaatu bisa tidak menghetikan waktu
929,6,3,5,3,1,yang dan tidak sehingga agar untukdapat prosesyang untuk akan tetappi seseudah dalamupaya
928,6,3,5,3,1,dan yang sehingga agar untukdapat tidak prosesyang tetappi dalamupaya bisa untuk akan
934,6,4,5,4,1,sehingga dan agar bisa tidak yang akan dapat tetappi makaakan dalamupaya sesuaai
937,6,4,5,4,1,dan sehingga agar dalam kembali sesuaai bisa tidak yang masuk supaya dalamupaya
936,6,4,5,4,1,tidak sehingga karena akan itu dan yang ada bisa saat juga untukdapat
935,6,4,5,4,1,saat itu karena tidak ada ketika sehingga yang jika bisa akan juga
934,6,4,5,4,1,sehingga tidak bisa dan karena agar untukdapat yang akan mengaakan saat itu
937,6,4,5,4,1,dan sehingga agar bisa tidak yang sesuaai dalam dalamupaya akan dapat supaya
290,6,5,5,5,1,dan sehingga yang tidak prosesyang relaitif dalamhubungan untukdapat dalamupaya kenajuan proses tetappi
293,6,5,5,5,1,dan sehingga denganproses prosesyang untukdapat kenajuan dalamhubungan dengan yang proses individudengan relaitif
292,6,5,5,5,1,dan sehingga yang tidak relaitif prosesyang proses dalamhubungan dalamupaya untukdapat serta tersebutdalam
291,6,5,5,5,1,dan sehingga tidak memgisi yang biasi bagaimana-jika relaitif sesuaatu cukupsatu sesuaai kenajuan
290,6,5,5,5,1,dan sehingga yang tidak prosesyang relaitif kenajuan untukdapat tetappi dalamhubungan dalamupaya melaluiproses
292,6,5,5,5,1,dan sehingga yang tidak relaitif proses prosesyang untuk serta dalamupaya dalamhubungan tersebutdalam
270,6,6,5,6,1,dan yang untukdapat untuk prosesyang sehingga dapat tetappi tidak akan yanngan memungkinkan
273,6,6,5,6,1,dan prosesyang yang mengntrol proses suatuproses sehingga kenajuan pengturan untuk peraangkat makaakan
272,6,6,5,6,1,yang tidak dan akan untukdapat dapat juga bisa sehingga ini prosesyang tetappi
271,6,6,5,6,1,yang dan untukdapat untuk sehingga prosesyang tetappi tidak yanngan lebihpenting khususyang dapat
270,6,6,5,6,1,yang dan untukdapat tidak untuk dapat sehingga tetappi prosesyang akan bisa samapun
273,6,6,5,6,1,dan yang prosesyang untukdapat untuk sehingga dapat tetappi mengntrol akan kenajuan yanngan
260,6,7,5,7,1,yang dan sehingga dalam sesuaai tersebut biasi sesuaatu relaitif dapat makaakan tidak
263,6,7,5,7,1,dan yang untuk sehingga dapat untukdapat tidak bisa akan tersebut memungkinkan dalamupaya
263,6,7,5,7,1,yang dan tidak sehingga untukdapat ada dapat untuk tetappi peraangkat dalamupaya relaitif
261,6,7,5,7,1,dan sehingga proses untukdapat yang prosesyang suatuproses dapat dalamupaya keproses untuk kenajuan
260,6,7,5,7,1,yang dan tidak untuk sehingga dapat tersebut dalam bolapun sesuaai biasi bisa
259,6,7,5,7,1,yang dan sehingga dalam sesuaai memgisi sesuaatu relaitif semua biasi tersebut ada
939,6,8,5,8,1,dan yang ada sehingga tetappi cukupsatu tidak prosesyang tadi.jadi memgisi karena pengukapan
942,6,8,5,8,1,dan yang tetappi prosesyang yangjelas sehingga kenajuan pengukapan satubuah tadi.jadi cukupsatu tersebutdalam
938,6,8,5,8,1,dan memgisi dalamhubungan kenajuan sehingga mutu-hasil individudengan pengukapan tetappi prosesyang mengjukan cukupsatu
940,6,8,5,8,1,dan sehingga tetappi yang kenajuan agar prosesyang tidak sesuaai untukdapat dalamupaya makaakan
939,6,8,5,8,1,ada dan yang tidak sehingga tetappi karena prosesyang tadi.jadi cukupsatu untukdapat pengukapan
938,6,8,5,8,1,dan yang tetappi sehingga cukupsatu ada memgisi prosesyang individudengan tadi.jadi pengukapan dalamhubungan
944,6,9,5,9,1,dan sehingga yang karena tidak dimana pengukapan sesuaatu memgisi sesuaai tetappi dalam
947,6,9,5,9,1,dan sehingga pengukapan karena tetappi prosesyang mutu-hasil yang dimana kenajuan sesuaai relaitif
946,6,9,5,9,1,dan yang sehingga prosesyang tetappi pengukapan memgisi sesuaai mutu-hasil kenajuan sesuaatu seklolah
945,6,9,5,9,1,dan sehingga yang tetappi pengukapan memgisi sesuaai kenajuan dalamhubungan mengjukan relaitif seklolah
944,6,9,5,9,1,dan sehingga yang tidak dapat dalam karena untuk dimana sesuaatu akan memgisi
947,6,9,5,9,1,dan sehingga karena yang pengukapan dimana tetappi sesuaatu sesuaai memgisi mutu-hasil prosesyang
282,6,10,5,10,1,dan sehingga memgisi yang seklolah kenajuan relaitif targetlah mutu-hasil pengukapan prosesyang tetapmemanfaatkanmusepanjang
283,6,10,5,10,1,dan sesuaai memgisi sehingga seklolah yang mutu-hasil instuksi makaakan relaitif sesuaatu yanngan
282,6,10,5,10,1,dan sehingga yang kenajuan memgisi relaitif seklolah prosesyang tetappi mutu-hasil tetapmemanfaatkanmusepanjang targetlah
274,6,10,5,10,1,dan kenajuan seklolah memgisi kondsisi mutu-hasil mengntrol sosiasi sehingga relaitif standard-hidup sesuaai
303,7,1,6,1,1,dan yang peraangkat untuk relaitif lebih-digunakan dapat untukdapat konsepyang atau dalam instuksi
950,7,2,6,2,1,mengehmat mengukti pastkan pengturan peragkat instlasi mengecash mengaktfikan mengugnakan peraangkat penggnaan lebih-digunakan
949,7,2,6,2,1,komputer ada yang perangkan instuksi dari atau bagian kompunikasi dalam dan chip-set
313,7,3,6,3,1,peraangkat dan pengturan konsepyang tetappi peraatan yang relaitif penggnaan instuksi sekaolah untuk
953,7,3,6,3,1,sistem sistemoperasi atau terknoneksi peraangkat perangka dan yang untuk perangkan tntuk perangkat
959,7,4,6,4,1,os melalui aplkasi inteface atau melalu apilkasi lanngsung aplikasi sistemoperasi sistem lewat
955,7,4,6,4,1,os aplkasi recuva bitvise apt-id promt apt-web cronjob aplikasi fastboot VPSnya conect
332,7,6,6,6,1,peraangkat instuksi sistem melalui peraatan dan pengturan dari dalam tersebut yang indoaplikasi
331,7,6,6,6,1,peraangkat sistem peraatan pengturan instuksi penggnaan beraplikasi konsepyang operasiaonal sistemoperasi tranlasi penagturan
961,7,7,6,7,1,sistem aplikasi system sistemoperasi os operasi apilkasi aplkasi apliikasi apliasi perangkat aplikas-aplikasi
961,7,7,6,7,1,sistem aplikasi sistemoperasi os system apilkasi aplkasi apliikasi aplikas-aplikasi perangkat indoaplikasi operasi
964,7,8,6,8,1,peraangkat pengturan peraatan sistem dan penggnaan sistemoperasi beraplikasi instuksi sistem-operasi penddiikan konsepyang
326,7,8,6,8,1,yang sistem peraangkat peraatan dan suatu konsepyang pengturan instuksi penddiikan yanngan dalam
965,7,9,6,9,1,yang dan sistem atau ini indoaplikasi peraangkat sistemoperasi terknoneksi instuksi yanngan tersebut
967,7,9,6,9,1,sistem aplikasi sistemoperasi indoaplikasi instuksi melalui perangkat terknoneksi perangkan dan atau sebuah
971,8,1,7,1,1,dan setelah itu kali setiap sekaolah hadirpun melaqukan 2-3kali yang sebelum setiaphari
974,8,1,7,1,1,yang itu baru dan datang tersebut saat hari yangbtidak sudah mereka untukyang
972,8,1,7,1,1,dan itu mereka haruh berdoapun yang kembali akan untuk bolapun membatlkan seseudah
972,8,1,7,1,1,dan itu berdoapun haruh yang mereka sekaolah hadirpun menya-dari melaqukan membatlkan setelah
970,8,1,7,1,1,dari itu setelah datang daarah hari pada pulungan dan dinas2 sampaipada dinabikan
972,8,1,7,1,1,dan itu setelah berdoapun sekaolah haruh hadirpun melaqukan yang menya-dari membatlkan setiap
972,8,1,7,1,1,dan itu berdoapun mereka yang haruh akan bolapun keduaorang membatlkan meman-dang anak-air
971,8,1,7,1,1,dan setelah itu sekaolah hadirpun melaqukan setiap kali berdoapun yang menya-dari haruh
972,8,1,7,1,1,dan itu berdoapun haruh setelah yang sekaolah hadirpun melaqukan menya-dari membatlkan mereka
970,8,1,7,1,1,dari itu datang setelah daarah hari pada pulungan dan dinas2 sampaipada dinabikan
970,8,1,7,1,1,dari itu setelah datang hari daarah pada pulungan dan sampaipada dinas2 orang
970,8,1,7,1,1,setelah itu dan hari setiap 2-3kali kali sekaolah saat dari cukupsatu dua
970,8,1,7,1,1,itu datang dari dan hari yang setelah saat tersebut baru daarah ketika
972,8,1,7,1,1,dan berdoapun itu mereka haruh doa keduaorang membatlkan daarah bolapun anak-air akan
971,8,1,7,1,1,dan setelah itu yang kali hari saat setiap baru sebelum melaqukan sekaolah
970,8,1,7,1,1,itu dari datang setelah hari dan daarah yang ketika saat pada pulungan
973,8,1,7,1,1,dan itu setelah datang kemudian kembali mereka yang sampai haruh setiap dari
970,8,1,7,1,1,itu dari dan daarah datang haruh setelah seluuruh pulungan sekaolah penghor-matan cukupsatu
970,8,1,7,1,1,dari itu daarah datang setelah dan pulungan hari pada haruh seluuruh sampaipada
974,8,1,7,1,1,yang itu baru dan datang tersebut saat mereka sudah yangbtidak setelah untukyang
972,8,1,7,1,1,dan itu yang mereka bolapun akan haruh datang berdoapun tersebut dia keduaorang
973,8,1,7,1,1,dan setelah itu datang kemudian mereka kembali yang sampai haruh untuk dalam
976,8,2,7,2,1,itu yang dan setiap suci-suci tersebut kedua dalam menya-dari susuci berdoapun pertama
979,8,2,7,2,1,itu yang dan tersebut haruh melaqukan konsepyang susudah tetappi sekaolah namapun sedikityang
977,8,2,7,2,1,gereja sana itu umat gereja-gereja geraja gerejapun tempat yang mereka gereja.pada gerja
977,8,2,7,2,1,gereja sana itu umat gereja-gereja geraja gerejapun tempat yang mereka gereja.pada gerja
975,8,2,7,2,1,doa air berdoapun daarah perdoa suci-suci aberdoa penghor-matan pemuwunan pengam-punan pentobat berdoanya
976,8,2,7,2,1,itu dan yang tersebut suci-suci setiap mereka menya-dari berdoapun susuci anak-air semua
977,8,2,7,2,1,gereja di sana geraja gereja-gereja pastoran Gereja paroki gerja gereja.pada tempat desa.Di
978,8,2,7,2,1,itu dan yang mereka gereja tersebut umat suci-suci gerejapun orang-orang berdoapun seluuruh
977,8,2,7,2,1,gereja itu sana yang mereka umat gerejapun dan tempat gereja-gereja orang-orang gereja.pada
975,8,2,7,2,1,doa air berdoapun daarah perdoa suci-suci aberdoa penghor-matan pemuwunan pengam-punan pentobat berdoanya
975,8,2,7,2,1,doa air berdoapun daarah suci-suci perdoa aberdoa penghor-matan pemuwunan pengam-punan pentobat berdoanya
977,8,2,7,2,1,gereja gereja-gereja geraja doa pastoran sana gerja perdoa digereja Gereja pastori gererja
975,8,2,7,2,1,suci-suci berdoapun air doa perdoa daarah itu aberdoa penghor-matan susuci suci penuisan
977,8,2,7,2,1,di gereja geraja pastoran gereja-gereja paroki Gereja sana Di itu.Di gerejaku altar
976,8,2,7,2,1,itu kedua setiap yang dalam gereja pertama suci-suci tempat suci tersebut ibadah
975,8,2,7,2,1,doa berdoapun air suci-suci perdoa daarah aberdoa penghor-matan susuci pemuwunan penuisan suci
979,8,2,7,2,1,itu dan yang haruh melaqukan konsepyang tersebut susudah sekaolah tetappi berdoapun menikkan
975,8,2,7,2,1,gereja doa perdoa gereja-gereja gererja suci-suci penghor-matan dikotbahkan pemuwunan pembabtisan berdoapun penyesahan
975,8,2,7,2,1,doa gereja perdoa berdoapun air suci-suci penghor-matan daarah pemuwunan aberdoa pentobat pengam-punan
979,8,2,7,2,1,itu yang dan tersebut haruh melaqukan konsepyang susudah tetappi sekaolah baru namapun
977,8,2,7,2,1,gereja sana geraja gereja.pada gereja-gereja tempat gerja itu dalam di Gereja ibadah
978,8,2,7,2,1,itu dan yang berdoapun suci-suci mereka tersebut anak-air menya-dari seluuruh susuci seseudah
414,8,3,7,3,1,masa masa-masa saat dimasa Masa permasa depan.Masa awal waktu periode zaman hari-hari
414,8,3,7,3,1,masa masa-masa dimasa Masa depan.Masa permasa saat dimasa-masa periode -masa dmasa masamasa
424,8,3,7,3,1,dosa berdoapun menyilih aberdoa penyesahan sesuaatu dan tidak itu penyilihan perdoa merasi
424,8,3,7,3,1,misa misa-misa Misa-misa Nemisa pemisa perdoa mengikuti gereja harus kebaktian pertobatan liturginya
359,8,3,7,3,1,itu yang kita tersebut ada mereka dan akan ini sudah tidak dalam
401,8,3,7,3,1,proferet Taalmonument kantonZGZug1352Zug100.90023941611Jerman panama-wins-men-universe-model-2016 nitisemito-the-king-of-kretek clouse benar-enar ternuyata filmyang link-back ataumasyarakat HighRock
414,8,3,7,3,1,masa masa-masa saat dimasa Masa permasa depan.Masa awal waktu hari-hari periode akhir
387,8,3,7,3,1,pendldikan penuisan sekaolah mengingtkan menya-dari melaknakan menikkan penupuan menjaidkan untukyang sampaipada penyluhan
389,8,3,7,3,1,dan yang tidak akan harus untukdapat itu bisa sehingga dapat yangbtidak juga
364,8,3,7,3,1,tidak yang tidakut dan melakukan akan mengaakan itu tetappi sesuaatu makaakan membiaakan
364,8,3,7,3,1,tidak yang melakukan dan tidakut itu mengaakan merasi sesuaatu berdoapun tetappi akan
389,8,3,7,3,1,dan yang akan tidak itu harus untukdapat sehingga sudahsudah sudah untuk tidakut
423,8,3,7,3,1,dan yang itu mereka konsepyang ada anak-air penuisan semuaorang bena-benar orang dia
434,8,3,7,3,1,di sana lalu dan pada itu mereka dalam tengah-tengah saat yang ketika
389,8,3,7,3,1,dan yang tidak akan harus itu untukdapat sehingga bisa sudah sudahsudah untuk
411,8,4,7,4,1,masa awal tahapan masa-masa tahap saat tahap-demi tahaptahap pertahapan periode permasa akhir
433,8,4,7,4,1,mengikuti menjaidkan sekaolah pejaran melaknakan pendldikan rutinan mengikui menya-dari melaqukan menikuti mengikutin
415,8,4,7,4,1,dan kemepuan penyluhan kehiupan melaqukan konsepyang manusisa untukyang ataumasyarakat dalamupaya peraangkat pengaaman
411,8,4,7,4,1,masa tahapan awal tahap saat tahap-demi masa-masa tahaptahap pertahapan permasa pertahap kedua
409,8,4,7,4,1,masa masa-masa dimasa depan.Masa saat Masa untukmasa dimasa-masa permasa awal semasa pemasa
439,8,4,7,4,1,masa masa-masa dimasa Masa depan.Masa permasa periode dimasa-masa saat masamasa semasa lampau
409,8,4,7,4,1,masa masa-masa awal saat permasa dimasa untukmasa tahap-demi memasa periode tahap tahapan
433,8,4,7,4,1,mengikuti sekaolah pejaran rutinan melaknakan menjaidkan menya-dari melaqukan tahap-demi pendldikan melaksanakan menikuti
409,8,4,7,4,1,masa masa-masa dimasa depan.Masa Masa saat dimasa-masa permasa untukmasa awal semasa periode
411,8,4,7,4,1,masa tahapan awal tahap saat masa-masa tahaptahap tahap-demi pertahapan permasa pertahap periode
411,8,4,7,4,1,masa tahapan awal tahap tahap-demi saat pertahapan tahaptahap masa-masa pertahap permasa kedua
439,8,4,7,4,1,masa masa-masa dimasa depan.Masa Masa periode saat permasa awal dimasa-masa dmasa waktu
439,8,4,7,4,1,masa masa-masa dimasa Masa depan.Masa permasa periode dimasa-masa saat masamasa semasa dmasa
411,8,4,7,4,1,masa tahapan awal tahap masa-masa tahaptahap saat tahap-demi pertahapan periode permasa pertahap
409,8,4,7,4,1,masa masa-masa dimasa saat untukmasa dimasa-masa depan.Masa permasa Masa awal pemasa memasa
439,8,4,7,4,1,masa masa-masa awal saat dimasa periode depan.Masa permasa Masa akhir waktu dimasa-masa
409,8,4,7,4,1,masa masa-masa dimasa pra-jabatan untukmasa pengaaman saat kehiupan kanak-anak berkempentingan lampauan pemasa
439,8,4,7,4,1,masa masa-masa dimasa Masa depan.Masa periode permasa saat dimasa-masa dmasa masamasa zaman
439,8,4,7,4,1,masa masa-masa dimasa Masa depan.Masa permasa periode dimasa-masa saat masamasa kanak-anak lampau
382,8,4,7,4,1,katekumenat katekumen Katekumenat mengereja kekatolikan Katekumen katekisan katoliknya kegereja KatolikReformasi gereja pembabtisan
439,8,4,7,4,1,masa masa-masa dimasa depan.Masa Masa periode permasa saat dimasa-masa dmasa zaman masamasa
412,8,5,7,5,1,masa saat pra-jabatan memasa pengaaman awal dan waktu sekaolah untukhidup masa-masa denganmasa
398,8,5,7,5,1,masa masa-masa dimasa Masa depan.Masa permasa dimasa-masa saat masamasa dmasa kanak-anak periode
431,8,5,7,5,1,masa masa-masa dimasa saat permasa Masa depan.Masa zaman lampauan pra-jabatan pemasa masamasa
431,8,5,7,5,1,masa masa-masa dimasa saat permasa Masa depan.Masa zaman lampauan pra-jabatan pemasa masamasa
350,8,5,7,5,1,masa saat prosesyang dan yang tahap-demi untukhidup hidup-waktu memasa pra-jabatan prosespembaharuan dalamupaya
390,8,5,7,5,1,masa yang saat permasa dan hidup-waktu itu memasa padazaman kehiupan konsepyang untukyang
412,8,5,7,5,1,masa saat pra-jabatan memasa masa-masa awal waktu pengaaman kanak-anak denganmasa padazaman permasa
376,8,5,7,5,1,masa masa-masa dimasa saat permasa Masa depan.Masa periode awal zaman waktu dmasa
390,8,5,7,5,1,masa saat permasa masa-masa yang hidup-waktu memasa padazaman kehiupan lampauan untukmasa masa-depan
375,8,5,7,5,1,masa lalu saat lampau--entah depan lampauan setelah keraan kehiupan sebelum itu ketika
431,8,5,7,5,1,masa masa-masa saat lampauan pra-jabatan lampau--entah depan lalu dimasa kehiupan hidup-waktu permasa
390,8,5,7,5,1,masa saat yang permasa hidup-waktu itu memasa dan padazaman konsepyang kehiupan untukyang
407,8,5,7,5,1,bulan selama minggu enam masa tiga tanggal tahun lima tahap empat dua
412,8,5,7,5,1,masa saat pra-jabatan masa-masa memasa awal waktu denganmasa permasa kanak-anak untukmasa padazaman
390,8,5,7,5,1,masa saat masa-masa permasa memasa hidup-waktu awal untukmasa yang padazaman masa-depan waktu
385,8,5,7,5,1,masa bulan masa-masa tahun periode selama awal Masa akhir waktu hari dimasa
443,8,6,7,6,1,masa dan awal kehiupan tahap-demi akhi-akhir untukhidup penujuan pengaaman saat kenajuan sampaipada
444,8,6,7,6,1,masa dan untukhidup pengaaman kehiupan kenajuan tahap-demi penujuan sekaolah pra-jabatan dalamupaya menya-dari
442,8,6,7,6,1,masa dan untukhidup kehiupan pengaaman menya-dari hidup-waktu dalamupaya sekaolah penujuan tahap-demi pra-jabatan
441,8,6,7,6,1,masa dan untukhidup pengaaman awal penujuan untukyang tahap-demi dalamupaya kehiupan saat sekaolah
440,8,6,7,6,1,masa awal untukhidup saat dan pengaaman sekaolah tahap-demi kehiupan akhi-akhir untukyang baikdalam
444,8,6,7,6,1,masa dan untukhidup pengaaman kehiupan tahap-demi sekaolah pra-jabatan awal penujuan kenajuan untukyang
443,8,6,7,6,1,masa awal dan saat kehiupan untukhidup tahap-demi akhi-akhir pengaaman penujuan sampaipada awalmula
445,8,6,7,6,1,masa dan untukhidup pengaaman tahap-demi awal sekaolah kehiupan penujuan saat dalamupaya untukyang
443,8,6,7,6,1,masa dan kehiupan untukhidup awal pengaaman tahap-demi penujuan menya-dari akhi-akhir kenajuan saat
442,8,6,7,6,1,masa untukhidup dan pengaaman kehiupan sekaolah menya-dari pra-jabatan dalamupaya hidup-waktu penujuan kenajuan
441,8,6,7,6,1,masa dan untukhidup pengaaman awal untukyang penujuan dalamupaya tahap-demi saat sekaolah kehiupan
441,8,6,7,6,1,masa dan untukhidup pengaaman awal penujuan kehiupan tahap-demi untukyang dalamupaya saat sampaipada
444,8,6,7,6,1,masa dan untukhidup pengaaman kehiupan tahap-demi penujuan kenajuan menya-dari sekaolah dalamupaya awal
444,8,6,7,6,1,masa untukhidup dan pengaaman awal kehiupan tahap-demi sekaolah pra-jabatan saat penujuan untukyang
443,8,6,7,6,1,masa dan kehiupan untukhidup pengaaman awal penujuan menya-dari tahap-demi kenajuan hidup-waktu akhi-akhir
440,8,6,7,6,1,masa awal untukhidup dan saat pengaaman sekaolah kehiupan tahap-demi akhi-akhir untukyang baikdalam
443,8,6,7,6,1,masa dan kehiupan untukhidup pengaaman tahap-demi awal penujuan kenajuan menya-dari dalamupaya akhi-akhir
444,8,6,7,6,1,dan masa untukhidup pengaaman kehiupan sekaolah menya-dari dalamupaya pra-jabatan kenajuan baikdalam hidup-waktu
444,8,6,7,6,1,masa dan untukhidup pengaaman kehiupan sekaolah kenajuan pra-jabatan tahap-demi penujuan dalamupaya menya-dari
440,8,6,7,6,1,masa awal untukhidup pengaaman dan saat tahap-demi kehiupan sekaolah pra-jabatan akhi-akhir penujuan
381,8,7,7,7,1,masa masa-masa saat awal akhir permasa dimasa waktu selama periode depan.Masa Masa
981,8,7,7,7,1,masa untuk memasa untukmasa untukhidup saat pra-jabatan hidup-waktu dan waktu kehiupan untukyang
381,8,7,7,7,1,masa saat masa-masa awal akhir selama permasa waktu dimasa sebelum periode akhi-akhir
400,8,7,7,7,1,masa awal saat masa-masa selama permasa akhi-akhir setelah waktu akhir tahap-demi sebelum
356,8,7,7,7,1,masa dan hidup-waktu untukhidup kehiupan saat pengaaman memasa baikdalam sekaolah pra-jabatan dalamupaya
980,8,7,7,7,1,masa saat awal masa-masa selama akhir permasa waktu setelah sebelum akhi-akhir dimasa
980,8,7,7,7,1,masa saat setelah awal selama itu dan akhi-akhir untukyang sampaipada waktu sebelum
980,8,7,7,7,1,masa saat awal setelah selama akhi-akhir itu waktu terakhir tahap-demi masa-masa sebelum
400,8,7,7,7,1,masa awal saat masa-masa selama setelah akhi-akhir permasa waktu akhir tahap-demi terakhir
356,8,7,7,7,1,masa dan hidup-waktu untukhidup kehiupan saat pengaaman memasa baikdalam sekaolah dalamupaya pra-jabatan
356,8,7,7,7,1,masa dan hidup-waktu untukhidup kehiupan saat memasa pengaaman baikdalam sekaolah pra-jabatan dalamupaya
356,8,7,7,7,1,masa saat dan hidup-waktu awal memasa untukhidup kehiupan tahap-demi akhi-akhir pra-jabatan lampauan
356,8,7,7,7,1,masa dan untukhidup hidup-waktu kehiupan saat memasa pengaaman pra-jabatan sekaolah baikdalam untuk
400,8,7,7,7,1,masa masa-masa awal saat permasa dimasa akhir periode Masa depan.Masa tahap tahapan
381,8,7,7,7,1,masa masa-masa dimasa awal Masa depan.Masa permasa saat akhir periode dimasa-masa masamasa
356,8,7,7,7,1,masa dan untukhidup hidup-waktu kehiupan saat memasa pengaaman baikdalam pra-jabatan sekaolah dalamupaya
356,8,7,7,7,1,masa saat masa-masa awal memasa permasa hidup-waktu untukmasa waktu pra-jabatan lampauan pemasa
356,8,7,7,7,1,masa dan saat hidup-waktu untukhidup kehiupan memasa pengaaman pra-jabatan tahap-demi awal baikdalam
356,8,7,7,7,1,masa dan hidup-waktu untukhidup kehiupan saat memasa pengaaman baikdalam pra-jabatan sekaolah tahap-demi
981,8,7,7,7,1,masa saat untukmasa memasa masa-masa pra-jabatan untuk waktu untukhidup hidup-waktu pemasa sebelum
400,8,7,7,7,1,masa masa-masa awal dimasa saat permasa Masa depan.Masa akhir periode dimasa-masa waktu
980,8,7,7,7,1,masa saat dan awal setelah selama itu akhi-akhir untukyang sampaipada tahap-demi yang
399,8,8,7,8,1,masa dan saat pra-jabatan tahap-demi peneapan selesasi menya-dari prosesyang konsepyang awal akhi-akhir
335,8,8,7,8,1,masa masa-masa saat dimasa pra-jabatan awal permasa memasa waktu untukmasa pemasa lampauan
353,8,8,7,8,1,masa untukhidup hidup-waktu pra-jabatan saat kehiupan dan pengaaman memasa dalam masahidup untukmasa
345,8,8,7,8,1,masa dan pra-jabatan tahap-demi kehiupan akhi-akhir pengaaman lampauan peneapan saat menya-dari untukhidup
396,8,8,7,8,1,dan pengaaman masa sekaolah untukhidup penyluhan prosesyang pra-jabatan saat penujuan untukyang yang
399,8,8,7,8,1,masa dan pra-jabatan saat peneapan tahap-demi menya-dari selesasi prosesyang konsepyang sekaolah pengaaman
392,8,8,7,8,1,masa saat dan pra-jabatan dalam pada yang sebelum itu setelah kehiupan untuk
393,8,8,7,8,1,dan sekaolah menya-dari penuisan itu pengaaman yang selesasi untukhidup penyluhan untukyang melaqukan
408,8,8,7,8,1,masa saat pra-jabatan memasa awal hidup-waktu lampauan untukhidup akhi-akhir tahap-demi waktu dan
345,8,8,7,8,1,masa pra-jabatan saat awal memasa dan hidup-waktu lampauan tahap-demi untukhidup akhi-akhir kehiupan
393,8,8,7,8,1,dan sekaolah menya-dari pengaaman itu yang penuisan untukhidup selesasi untukyang penyluhan melaqukan
345,8,8,7,8,1,masa dan pra-jabatan tahap-demi kehiupan akhi-akhir pengaaman lampauan saat awal hidup-waktu padazaman
427,8,8,7,8,1,dan masa pengaaman untukhidup pra-jabatan menya-dari untukyang sekaolah kehiupan penyluhan melaqukan penuisan
393,8,8,7,8,1,dan sekaolah menya-dari pengaaman yang itu untukhidup penuisan untukyang selesasi penyluhan konsepyang
399,8,8,7,8,1,masa saat awal pra-jabatan tahap-demi memasa setelah akhi-akhir prosespembaharuan prosesyang lampauan hidup-waktu
393,8,8,7,8,1,masa dan sekaolah pengaaman saat pra-jabatan untukhidup kehiupan untukyang penyluhan hidup-waktu prosespembaharuan
353,8,8,7,8,1,masa untukhidup hidup-waktu pra-jabatan saat kehiupan memasa dan pengaaman dalam masahidup untukmasa
370,8,9,7,9,1,masa untukhidup kehiupan dan pra-jabatan pengaaman saat hidup-waktu baikdalam sekaolah manusisa untukyang
435,8,9,7,9,1,bagi penyluhan anak-air pendldikan pengaaman caloncalon bagiseorang bagisemua untukhidup untukyang pemiilihan peraangkat
386,8,9,7,9,1,dalam pada saat akhir masa setelah awal yang suatu ketika dimana sebelum
420,8,9,7,9,1,masa saat awal tahap-demi pra-jabatan sampaipada pengaaman penyluhan setelah peneapan kehiupan akhi-akhir
429,8,9,7,9,1,dalam proses tahap-demi dan keproses penujuan masa kehiupan prosesbelajar prosesyang penyluhan dalamupaya
370,8,9,7,9,1,masa untukhidup pengaaman dan kehiupan pra-jabatan saat untukyang penyluhan hidup-waktu manusisa sekaolah
410,8,9,7,9,1,masa tahap tahapan saat kedua dalam awal pra-jabatan proses tahap-demi pada akhi-akhir
419,8,9,7,9,1,masa tahap awal pada tahap-demi dan sampaipada dalam kedua setelah akhir saat
430,8,9,7,9,1,masa pra-jabatan saat konsepyang untukhidup dan kehiupan pengaaman sekaolah tahap-demi hidup-waktu akhi-akhir
370,8,9,7,9,1,masa pra-jabatan saat untukhidup kehiupan dan pengaaman hidup-waktu konsepyang sekaolah tahap-demi memasa
419,8,9,7,9,1,masa tahap awal pada tahap-demi sampaipada dan dalam kedua setelah akhir saat
420,8,9,7,9,1,masa saat awal tahap-demi pra-jabatan sampaipada pengaaman penyluhan setelah peneapan akhi-akhir kehiupan
435,8,9,7,9,1,bagi penyluhan pengaaman anak-air bagisemua untukhidup sampaipada untukyang pendldikan saat peneapan masa
419,8,9,7,9,1,masa tahap awal pada tahap-demi sampaipada dan dalam setelah kedua saat akhir
430,8,9,7,9,1,masa pra-jabatan dan saat konsepyang menya-dari akhi-akhir untukhidup itu sekaolah peneapan kehiupan
419,8,9,7,9,1,masa awal tahap-demi tahap sampaipada pra-jabatan dan saat setelah kedua akhi-akhir konsepyang
429,8,9,7,9,1,dalam proses prosesbelajar prosesyang pengaaman penujuan untukhidup dalamupaya prosespembaharuan keproses kenajuan kehiupan
507,9,1,8,1,1,dan yang konsepyang yangbtidak itu tetappi menahlukan hidup tersebut tumbuhdan fisikyang susudah
516,9,1,8,1,1,alam hidup dan yang manusia hewan ikan hiduphidup hidup-energi bawar manausia hidupdalam
498,9,1,8,1,1,yang yangtumbuh tumbuhmenjadi dan memiliki hijaupun konsepyang tumbuhdan tumbu-tumbuhan adalah tumbuhan mengnadung
477,9,1,8,1,1,yang dan ada tidak itu ada.yang konsepyang yanngan juga sanagtlah terbntuk tentnunya
516,9,1,8,1,1,alam hidup ikan laut hiduphidup dan hidup-energi manusia hidupa bawar kehidupan hidupdalam
464,9,1,8,1,1,ada yang tidak dan jadi juga banyak itu konsepyang bisa akan cukupsatu
491,9,1,8,1,1,yang satu jenis konsepyang satubuah adalah beberapajenis satuatau cukupsatu jeni-jenis termasuk peraangkat
507,9,1,8,1,1,dan yang konsepyang hidup itu yangbtidak menahlukan tetappi tumbuhdan hidupdalam kehiupan tersebut
483,9,1,8,1,1,yang ada dan itu tersebut konsepyang ini sebenarnya yanngan semua tentnunya juga
491,9,1,8,1,1,yang satu konsepyang jenis satubuah cukupsatu ada beberapa keci-kecil satuatau dua beberapajenis
983,9,2,8,2,1,yang itu ikan ada tersebut mereka dan ini kebanyakan orang-orang orang memang
983,9,2,8,2,1,yang hewan itu dan tersebut konsepyang ikan hewa-hewan hewanhewan mereka laut bawar
985,9,2,8,2,1,yang dan air bawar laut konsepyang hewan hijaupun tumbu-tumbuhan tersebut udaran bumi-benda
984,9,2,8,2,1,yang dan hewan fisikyang konsepyang tersebut tidak tidakyang tumbuhdan yangtumbuh itu yangbenar-benar
985,9,2,8,2,1,yang dan laut air tersebut bawar itu konsepyang ikan sungaipun hijaupun tumbu-tumbuhan
983,9,2,8,2,1,yang itu ikan dan tersebut ada mereka ini konsepyang orang-orang kebanyakan orang
986,9,2,8,2,1,hewan hewanhewan yang air dan hewa-hewan binatang bawar udaran peraangkat khusushewan udara
985,9,2,8,2,1,yang dan tersebut konsepyang itu bawar hijaupun yangtumbuh tumbuhdan yanngan relaitif ini
984,9,2,8,2,1,yang dan tersebut konsepyang itu yangtumbuh hijaupun hewan tumbuhdan fisikyang tidak cukupsatu
983,9,2,8,2,1,yang itu ikan ada tersebut mereka ini dan kebanyakan orang-orang orang memang
983,9,2,8,2,1,yang itu ikan dan tersebut ada laut ini konsepyang mereka orang-orang tumbuhdan
985,9,2,8,2,1,yang dan air bawar laut tersebut konsepyang itu hijaupun tumbu-tumbuhan yangtumbuh bumi-benda
986,9,2,8,2,1,hewan hewanhewan air dan yang bawar hewa-hewan binatang tumbu-tumbuhan hijaupun peraangkat udaran
983,9,2,8,2,1,yang itu dan tersebut hewan konsepyang tidak ini ada mereka tumbuhdan memang
983,9,2,8,2,1,yang itu ikan ada tersebut mereka dan ini kebanyakan orang-orang orang memang
986,9,2,8,2,1,hewan hewanhewan hewa-hewan air binatang dan yang bawar peraangkat khusushewan udaran udara
984,9,2,8,2,1,yang dan hewan konsepyang hijaupun yangtumbuh tumbuhdan fisikyang bawar susudah terbntuk hewanhewan
983,9,2,8,2,1,yang itu dan tersebut hewan konsepyang tidak ini ada tumbuhdan mereka memang
984,9,2,8,2,1,yang dan hewan fisikyang konsepyang tersebut tidak tidakyang itu tumbuhdan yangbenar-benar yangtumbuh
474,9,3,8,3,1,hewan tumbuhan hewanhewan yang tumbu-tumbuhan jeni-jenis konsepyang air ada tumbuhmenjadi desa---tidak tumbuhdan
513,9,3,8,3,1,yang tempat dalam berada suatu daerah tersebut hidup dan termasuk dunia ada
474,9,3,8,3,1,yang konsepyang ada dan desa---tidak besarang jeni-jenis fisikyang terbntuk tumbuhmenjadi cukupsatu yangtumbuh
520,9,3,8,3,1,hewan yang cukupsatu dan jenis atau adalah jeni-jenis 8.148.250 hewanhewan binatang satuatau
515,9,3,8,3,1,yang satu suatu jenis dua satuatau satubuah adalah setiap beberapa satuorang cukupsatu
520,9,3,8,3,1,jenis satu dua yang cukupsatu adalah beberapa satuatau suatu atau jeni-jenis beberapajenis
511,9,3,8,3,1,yang konsepyang suatu dan ada adalah ada.yang satuorang cukupsatu yanngan mereka.jadi padasuatu
511,9,3,8,3,1,yang suatu konsepyang dan adalah ada ada.yang yanngan padasuatu mereka.jadi tersebut satuorang
520,9,3,8,3,1,yang dan cukupsatu adalah konsepyang ada jeni-jenis memiliki jenis setiap termasuk makhlukyang
529,9,3,8,3,1,yang konsepyang hidup dan ada tersebut itu ada.yang ini cukupsatu termasuk jeni-jenis
520,9,3,8,3,1,yang dan cukupsatu hewan adalah jenis jeni-jenis atau satuatau termasuk 8.148.250 dua
460,9,3,8,3,1,yang dan konsepyang hidupberdampingan mempeunyai tidak memiliki fisikyang cukupsatu satuorang sebenarnya ada
520,9,3,8,3,1,hewan yang cukupsatu dan jeni-jenis jenis atau hewanhewan tumbuhan adalah 8.148.250 tumbu-tumbuhan
515,9,3,8,3,1,suatu satu yang satuatau jenis dua beberapa adalah satubuah cukupsatu konsepyang satujenis
520,9,3,8,3,1,yang cukupsatu dan hewan adalah jenis atau jeni-jenis 8.148.250 satuatau termasuk dua
548,9,4,8,4,1,yang dan konsepyang individudengan hidup hidupberdampingan yangtumbuh fisikyang suatu padasuatu termasuk manusisa
492,9,4,8,4,1,yang dan konsepyang individudengan manusisa satuorang hidupberdampingan dalamhubungan suatu anggotapun hidup individupun
488,9,4,8,4,1,yang suatu padasuatu konsepyang dan tempat atau adalah dimana individudengan yanngan dalam
509,9,4,8,4,1,yang dan konsepyang suatu hidup ada hidupberdampingan satuorang sebenarnya makhlukyang yangtumbuh tersebut
503,9,4,8,4,1,yang dari hewan cukupsatu beberapajenis konsepyang adalah satubuah termasuk suatu satuorang satuatau
509,9,4,8,4,1,yang suatu konsepyang dan ada adalah tersebut padasuatu yanngan dimana dalam satuorang
489,9,4,8,4,1,yang sebuah tempat suatu satu dalam bagian hewan termasuk ada beberapa daerah
489,9,4,8,4,1,yang sebuah tempat suatu daerah satu dalam bagian berada hewan termasuk ada
492,9,4,8,4,1,yang dan konsepyang hidup hidupberdampingan ada suatu manusisa satuorang makhlukyang individudengan dalamhubungan
548,9,4,8,4,1,yang dan konsepyang individudengan padasuatu fisikyang yangtumbuh hidupberdampingan manusisa suatu yanngan hidupdalam
509,9,4,8,4,1,yang dan konsepyang hidup ada suatu hidupberdampingan satuorang sebenarnya makhlukyang manusisa tidak
462,9,4,8,4,1,yang ada tidak dan sebenarnya banyak juga satuorang itu ada.yang semua konsepyang
509,9,4,8,4,1,yang suatu ada konsepyang dan dari satuorang adalah termasuk semua cukupsatu sebenarnya
548,9,4,8,4,1,yang dan konsepyang ada satuorang individudengan tetappi yanngan termasuk fisikyang hidupberdampingan yangtumbuh
509,9,4,8,4,1,yang dan konsepyang ada hidup suatu hidupberdampingan sebenarnya satuorang tidak makhlukyang manusisa
987,9,5,8,5,1,yang konsepyang hewan jenis jeni-jenis cukupsatu termasuk adalah satubuah ada.yang beberapajenis ada
475,9,5,8,5,1,yang dan ada semua itu atau konsepyang tetappi tidak termasuk susuatu satuorang
990,9,5,8,5,1,yang konsepyang jenis itu dan jeni-jenis termasuk dari tersebut hewan ada beberapajenis
988,9,5,8,5,1,dan bawar yang laut konsepyang ikan air hijaupun hewan tumbu-tumbuhan hewanhewan susudah
475,9,5,8,5,1,yang ada dan atau tidak semua tetappi tidakut konsepyang susuatu yangbtidak satuorang
987,9,5,8,5,1,yang konsepyang dan hewan jeni-jenis cukupsatu ada jenis termasuk satuorang satubuah beberapajenis
990,9,5,8,5,1,yang itu dan konsepyang tersebut dari ada semua termasuk cukupsatu suatu satuorang
990,9,5,8,5,1,yang dan itu konsepyang tersebut dari ada cukupsatu jeni-jenis tumbuhdan besarang peraangkat
988,9,5,8,5,1,yang dan konsepyang itu bawar jeni-jenis hewan tumbuhdan susudah tersebut peraangkat tumbu-tumbuhan
990,9,5,8,5,1,yang itu dan tersebut konsepyang dari ada semua termasuk suatu satu satuorang
475,9,5,8,5,1,yang ada dan konsepyang tetappi atau semua tidak susuatu ada.yang cukupsatu termasuk
988,9,5,8,5,1,dan yang konsepyang bawar hijaupun susudah hewan peraangkat jeni-jenis tumbuhdan besarang cukupsatu
987,9,5,8,5,1,yang ada konsepyang dan tetappi atau semua susuatu cukupsatu ada.yang termasuk satuorang
475,9,5,8,5,1,yang dan konsepyang ada tetappi atau semua susudah tidakut cukupsatu tidak susuatu
987,9,5,8,5,1,yang konsepyang hewan jenis jeni-jenis cukupsatu termasuk adalah satubuah ada.yang beberapajenis besarang
987,9,5,8,5,1,yang konsepyang hewan jeni-jenis cukupsatu jenis ada termasuk ada.yang dan susuatu satuorang
475,9,5,8,5,1,yang ada dan atau konsepyang tetappi semua tidak termasuk susuatu satuorang cukupsatu
988,9,5,8,5,1,yang dan konsepyang ada tetappi atau susudah cukupsatu semua tidakut besarang susuatu
988,9,5,8,5,1,dan bawar laut yang konsepyang ikan air hijaupun hewan tumbu-tumbuhan hewanhewan susudah
538,9,6,8,6,1,yang dan hidup termasuk dalam orang-orang adalah suatu lingkungan konsepyang dari ada
544,9,6,8,6,1,yang suatu dan konsepyang hewan padasuatu termasuk ada makhlukyang manusia fisikyang dalam
538,9,6,8,6,1,yang hidup dan dalam kehidupan suatu termasuk orang-orang lingkungan hidupberdampingan manusia seluruh
543,9,6,8,6,1,yang ada dan termasuk konsepyang tersebut itu cukupsatu suatu satuorang orang-orang adalah
542,9,6,8,6,1,yang hidup manusia suatu kehidupan dan lingkungan hewan fisikyang hidupberdampingan orang-orang lingkunganhidup
538,9,6,8,6,1,yang hidup dan termasuk kehidupan dalam hidupberdampingan lingkungan adalah suatu manusia orang-orang
455,9,6,8,6,1,yang suatu hidup manusia ada termasuk kehidupan dalam konsepyang dan hidupberdampingan semua
539,9,6,8,6,1,yang hidup suatu manusia dan hidupberdampingan termasuk konsepyang makhlukyang orang-orang padasuatu satuorang
539,9,6,8,6,1,yang hidup suatu satu satuorang ada konsepyang termasuk hidupberdampingan dan makhlukyang manusia
539,9,6,8,6,1,yang hidup suatu satu satuorang ada konsepyang termasuk hidupberdampingan dan makhlukyang manusia
543,9,6,8,6,1,yang dan ada suatu termasuk konsepyang orang-orang fisikyang hidup padasuatu tersebut cukupsatu
545,9,6,8,6,1,yang suatu hidup dan ada tempat termasuk dalam semua konsepyang padasuatu orang-orang
546,9,6,8,6,1,yang dan termasuk lain dalam dari orang-orang ada tersebut antara seluruh tempat
543,9,6,8,6,1,yang ada dan termasuk konsepyang tersebut itu cukupsatu suatu satuorang orang-orang adalah
452,9,7,8,7,1,yang konsepyang dan jenis hewan termasuk jeni-jenis ada terutama tersebut semua mereka.jadi
508,9,7,8,7,1,yang dan konsepyang yanngan ada.yang tersebut fisikyang mereka.jadi sebenarnya adalah terbntuk ini
508,9,7,8,7,1,yang dan konsepyang tersebut mereka.jadi yanngan ada.yang adalah itu ini cukupsatu fisikyang
532,9,7,8,7,1,yang ada dan hidup suatu manusia manausia dimana dalam tersebut itu mana
499,9,7,8,7,1,suatu yang atau konsepyang padasuatu dan susuatu cukupsatu adalah tumbuhmenjadi suatuobjek individudengan
452,9,7,8,7,1,yang jenis konsepyang jeni-jenis hewan termasuk dan beberapajenis terutama berbagai ada mereka.jadi
532,9,7,8,7,1,yang ada suatu tempat hewan termasuk dalam mana dimana tersebut konsepyang itu
519,9,7,8,7,1,yang suatu dan adalah cukupsatu ada satuorang konsepyang termasuk atau dalam satu
449,9,7,8,7,1,ada yang dan itu semua konsepyang tidak termasuk terdapat ada.yang cukupsatu juga
449,9,7,8,7,1,ada yang dan itu semua konsepyang tidak termasuk terdapat ada.yang cukupsatu juga
446,9,7,8,7,1,yang dan konsepyang cukupsatu adalah ada suatu tersebut termasuk satuorang tumbuhmenjadi atau
519,9,7,8,7,1,yang dan ada termasuk konsepyang adalah dalam cukupsatu satu suatu satuorang semua
532,9,7,8,7,1,yang ada dan suatu hidup manusia manausia padasuatu dalam dimana mana konsepyang
446,9,7,8,7,1,yang dan ada adalah cukupsatu tidak konsepyang tersebut satuorang termasuk itu hanya
534,9,8,8,8,1,dan yang hidup hidupberdampingan individudengan hidupdalam manusisa hidupdengan konsepyang dalamhubungan kehiupan seba-gaimana
497,9,8,8,8,1,hewan yang dalam binatang tempat berbagai binatan hewanhewan suatu termasuk tumbuhan seluruh
992,9,8,8,8,1,yang suatu tempat konsepyang sebuah tumbu-tumbuhan dalam ada dan jeni-jenis hewan limngkaran
991,9,8,8,8,1,yang suatu tempat sebuah hewan tumbu-tumbuhan dalam hidup konsepyang kawasan berada terutama
992,9,8,8,8,1,yang ikan kolam konsepyang ada suatu jeni-jenis dan tempat tumbu-tumbuhan sebuah termasuk
534,9,8,8,8,1,yang dan hidup manusia konsepyang hidupberdampingan makhlukyang manausia individudengan hidupdalam padasuatu kehiupan
993,9,8,8,8,1,hewan yang suatu tumbuhan tumbu-tumbuhan hewanhewan binatang tempat manusia dalam makhluk binatan
993,9,8,8,8,1,hewan yang suatu tempat tumbu-tumbuhan dalam hewanhewan sebuah tumbuhan manusia hidup binatang
991,9,8,8,8,1,yang hewan suatu tempat tumbu-tumbuhan sebuah dalam hidup hewanhewan konsepyang kadal.kelompok manusia
992,9,8,8,8,1,yang ikan kolam konsepyang ada suatu jeni-jenis dan tempat sebuah tumbu-tumbuhan termasuk
992,9,8,8,8,1,yang dan konsepyang hidup ada suatu jeni-jenis dalam padasuatu termasuk semua terutama
993,9,8,8,8,1,hewan yang tumbuhan binatang suatu hewanhewan tumbu-tumbuhan tempat dalam binatan manusia termasuk
991,9,8,8,8,1,yang suatu hewan dalam sebuah tempat tumbu-tumbuhan berbagai konsepyang seluruh jeni-jenis ada
991,9,8,8,8,1,yang suatu tempat sebuah tumbu-tumbuhan konsepyang dalam hewan dan ada jeni-jenis terutama
534,9,8,8,8,1,dan yang hidup hidupberdampingan individudengan hidupdalam hidupdengan manusisa dalamhubungan konsepyang kehiupan seba-gaimana
991,9,8,8,8,1,yang suatu tempat sebuah hewan dalam tumbu-tumbuhan hidup konsepyang berada kawasan terutama
497,9,8,8,8,1,yang dan dalam hidup konsepyang semua ada jeni-jenis termasuk manusia setiap individudengan
991,9,8,8,8,1,yang suatu tempat sebuah tumbu-tumbuhan konsepyang dalam hewan dan ada jeni-jenis terutama
991,9,8,8,8,1,yang suatu tempat sebuah tumbu-tumbuhan hewan dalam hidup konsepyang kawasan berada terutama
994,9,9,8,9,1,yang tumbu-tumbuhan dan hewan konsepyang kebuayaan hewanhewan hidup manusia tumbuh-berkembang perttumbuhan tumbuhan
996,9,9,8,9,1,yang konsepyang dan suatu ada termasuk satu tumbu-tumbuhan dalam sebuah tempat tumbuhdan
996,9,9,8,9,1,yang konsepyang dan suatu ada termasuk tumbu-tumbuhan satu sebuah tempat dalam tumbuhdan
995,9,9,8,9,1,yang dalam suatu berada sebuah tempat tumbu-tumbuhan seluruh daerah sungai.Di bagian wilayah
997,9,9,8,9,1,yang konsepyang dan ada suatu termasuk tersebut tumbuhdan jeni-jenis cukupsatu dalam adalah
994,9,9,8,9,1,yang tumbu-tumbuhan dan hewan konsepyang hidup kebuayaan manusia hewanhewan kebuyaan bumi-benda jeni-jenis
997,9,9,8,9,1,yang dan konsepyang suatu ada termasuk tersebut dalam jeni-jenis tumbuhdan tumbu-tumbuhan cukupsatu
472,9,9,8,9,1,yang dalam hewan seluruh bagian suatu tempat sebuah berbagai termasuk tumbu-tumbuhan ada
995,9,9,8,9,1,yang dalam suatu hewan seluruh bagian tempat sebuah tumbu-tumbuhan termasuk pada dan
995,9,9,8,9,1,yang dalam suatu berada sebuah tempat tumbu-tumbuhan seluruh sungai.Di daerah bagian wilayah
994,9,9,8,9,1,yang dan konsepyang tumbu-tumbuhan tumbuhdan hewan jeni-jenis kebuayaan hidup yangtumbuh suatu tumbuh-berkembang
997,9,9,8,9,1,yang konsepyang dan ada suatu termasuk tersebut dalam jeni-jenis satu cukupsatu tumbuhdan
994,9,9,8,9,1,yang hewan tumbu-tumbuhan dan konsepyang hewanhewan manusia jeni-jenis tumbuhan kadal.kelompok hidup kebuayaan
995,9,9,8,9,1,yang suatu dalam sebuah tempat tumbu-tumbuhan konsepyang dan termasuk ada seluruh hewan
994,9,9,8,9,1,yang tumbu-tumbuhan dan hewan konsepyang hewanhewan kebuayaan hidup manusia tumbuh-berkembang perttumbuhan tumbuhan
994,9,9,8,9,1,yang tumbu-tumbuhan dan hewan konsepyang hewanhewan manusia kebuayaan hidup tumbuh-berkembang tumbuhan perttumbuhan
996,9,9,8,9,1,yang hewan konsepyang dalam satu termasuk suatu tempat sebuah ada tumbu-tumbuhan dan
995,9,9,8,9,1,yang suatu dalam sebuah tempat tumbu-tumbuhan konsepyang dan termasuk seluruh ada hewan
995,9,9,8,9,1,yang dalam suatu berada sebuah tempat tumbu-tumbuhan seluruh daerah sungai.Di bagian wilayah
597,10,1,9,1,1,dan yang itu bawar tersebut konsepyang melaqukan hijaupun kesar bebakaran tanahliat kayupun
601,10,1,9,1,1,yang itu tersebut dan juga sebenarnya ini memang ada tetappi tadi.jadi tidak
601,10,1,9,1,1,yang itu dan tersebut juga tetappi ini sebenarnya tadi.jadi tidak bisa untukdapat
597,10,1,9,1,1,dan yang itu bawar tersebut konsepyang melaqukan hijaupun kesar bebakaran tanahliat kayupun
601,10,1,9,1,1,yang itu tersebut dan juga sebenarnya ini memang tetappi tadi.jadi ada bisa
597,10,1,9,1,1,dan yang itu bawar tersebut konsepyang melaqukan hijaupun kesar bebakaran tanahliat kayupun
597,10,1,9,1,1,dan yang itu bawar tersebut konsepyang melaqukan hijaupun kesar bebakaran tanahliat debupun
608,10,2,9,2,1,dan yang konsepyang peraangkat lunakkan peraatan melaqukan bebakaran bebab mesin.namun elemen-lemen kacar
653,10,2,9,2,1,dan melaqukan yang konsepyang peraangkat lunakkan mengnadung menyerakan membatlkan menirnbulkan menyerak mengagkat
653,10,2,9,2,1,besi dan lunakkan besia melaqukan besinar peraangkat kayu.kayu besihkan berbeton kayupun menyerak
618,10,2,9,2,1,dan yang konsepyang peraangkat tersebut melaqukan susudah bawar sedikt-sedikit relaitif mesin.namun itu
999,10,3,9,3,1,air dan bawar tanahliat yang itu pipapipa tanah mata-air tersebut konsepyang besihkan
1002,10,3,9,3,1,air dan bawar yang tanahliat konsepyang peraatan kacar pipapipa besihkan tersebut keci-kecil
1001,10,3,9,3,1,dan yang melaqukan bawar konsepyang susudah itu sedikityang relaitif haruh peraangkat peraatan
1000,10,3,9,3,1,air bawar besihkan bersihpun bersihdan bersihbersih dibusakan melaqukan disumur kering susudah peraatan
998,10,3,9,3,1,dan bawar itu yang tersebut air susudah sehingga hijaupun konsepyang peraatan relaitif
999,10,3,9,3,1,air dan bawar tanahliat yang itu pipapipa tanah mata-air tersebut konsepyang besihkan
1001,10,3,9,3,1,dan yang melaqukan susudah bawar konsepyang itu sedikityang haruh relaitif makaakan peraangkat
661,10,4,9,4,1,dan yang untukdapat sedikityang akan lunakkan dapat sehingga untuk peraangkat makaakan tidakut
655,10,4,9,4,1,dan lunakkan yang peraangkat melaqukan zat bebahan bahah-bahan konsepyang besi baha-bahan relaitif
1004,10,5,9,5,1,air dan bawar melaqukan yang susudah susupun haruh daarah Bagoats peraatan relaitif
1004,10,5,9,5,1,dan bawar melaqukan yang air besihkan susudah konsepyang peraangkat haruh sedikityang peraatan
1006,10,5,9,5,1,dan melaqukan peraatan peraangkat besihkan bawar kacar relaitif menyerak sedikityang yang bebakaran
1005,10,5,9,5,1,air dan bawar yang dalam peraatan relaitif kacar melaqukan tanahliat udaran konsepyang
1003,10,5,9,5,1,dan yang air bawar konsepyang relaitif peraatan sedikityang peraangkat melaqukan keci-kecil sehingga
1004,10,5,9,5,1,air dan bawar melaqukan susudah yang susupun Bagoats haruh daarah peraatan relaitif
1005,10,5,9,5,1,dan air bawar yang peraatan melaqukan besihkan konsepyang relaitif kacar susudah haruh
646,10,6,9,6,1,dan yang relaitif peraangkat menggunakan melaqukan dapat tersebut peraatan konsepyang untukdapat bahah-bahan
616,10,6,9,6,1,proses pemisahan peruraian pengkristalan mengaerasi prosesproses sosiasi pengturan pemisahaan solidifikasi pembungan pemisaha
1011,11,1,10,1,1,dan yang sekolah mereka tidak selalu untuk ingin harus juga itu mengajar
1009,11,1,10,1,1,tanggal Agustus Oktober Mei Juli Juni Desember November September April Maret Januari
674,11,1,10,1,1,kosong kosongnya kosongan kosong. sekosong kosong.JJM terisi kosong- kosong2 kosong.Di melompong kosong.6.
1012,11,1,10,1,1,saya tahu sayakan kalau itu sayasudah ada.jadi tahu.Saya sayayang lupa ada tapi
674,11,1,10,1,1,kosong kosongnya kosongan kosong. sekosong kosong.JJM terisi kosong- kosong2 kosong.Di melompong kosong.6.
674,11,1,10,1,1,kosong kosongnya kosongan kosong. sekosong kosong.JJM terisi kosong- kosong2 kosong.Di melompong kosong.6.
674,11,1,10,1,1,kosong sekosong kosonglah kosongnya kosong.Di kosongan penuh-kosong kosongin kosong.JJM kosong.belum kosongi kosongku
674,11,1,10,1,1,kosong kosongnya kosongan kosong. sekosong kosong.JJM terisi kosong- kosong2 kosong.Di melompong kosong.6.
674,11,1,10,1,1,kosong kosongnya kosongan kosong. sekosong kosong.JJM terisi kosong- kosong2 kosong.Di melompong kosong.6.
674,11,1,10,1,1,kosong kosongnya kosongan kosong. sekosong kosong.JJM terisi kosong- kosong2 kosong.Di melompong kosong.6.
725,11,3,10,3,1,pemuda indonesia Indonesia semuaorang Indonesia.warga pemudi-pemuda masyarakat yang seluruh khususnya pemudapemuda pemudi
682,11,3,10,3,1,yang dan mereka orang ada.yang semua satuorang tidak yangbtidak samapun itu ada
739,11,3,10,3,1,putra putri yang orang kami anak putripun satuorang semuaorang keduaorang mereka selauruh
699,11,3,10,3,1,yang dan satuorang kamijuga selauruh untukyang cukupsatu mereka kami jugaorang mereka.jadi konsepyang
1014,11,4,10,4,1,air tanah terndam bangsa dan tanahliat bawar kotapun semuaorang yang air.orang bangsapun
1017,11,4,10,4,1,dan yang kamijuga mempersatu bersatu serta untukdapat untuk Indonesiadalam mengingtkan selauruh untknya
1016,11,4,10,4,1,dan yang mempersatu satuorang anggotapun semuaorang selauruh bangsa orang konsepyang seluuruh cukupsatu
1016,11,4,10,4,1,dan yang mempersatu bangsa satuorang anggotapun semuaorang selauruh konsepyang pengaaman seluuruh cukupsatu
1013,11,4,10,4,1,yang dan semuaorang bangsa satuorang seluuruh selauruh konsepyang terndam bangsapun khususnya peraangkat
1014,11,4,10,4,1,air tanah terndam bangsa dan yang semuaorang bangsapun kotapun menahlukan konsepyang menikkan
1015,11,4,10,4,1,dan yang kamijuga mempersatu tidak mereka agar selauruh untukdapat sehingga bangsa semuaorang
1015,11,4,10,4,1,dan yang bangsa mempersatu agar membangsa semuaorang tidak anggotapun selauruh konsepyang mengingginkan
1015,11,4,10,4,1,dan yang bangsa mempersatu semuaorang anggotapun selauruh konsepyang membangsa satuorang bangsacerdas pengaaman
1013,11,4,10,4,1,satu yang dan satuorang semuaorang bangsa selauruh seluuruh semua Indonesiauntuk konsepyang mempersatu
1013,11,4,10,4,1,yang dan semuaorang bangsa satuorang seluuruh selauruh konsepyang peraangkat bangsapun khususnya terndam
1016,11,4,10,4,1,satu dan satuorang yang mempersatu orang semuaorang selauruh pemuda seluuruh cukupsatu anggotapun
1013,11,4,10,4,1,satu yang dan satuorang mempersatu selauruh semua semuaorang untuk bangsa cukupsatu Indonesiauntuk
1013,11,4,10,4,1,yang dan satuorang bangsa mempersatu selauruh semuaorang cukupsatu konsepyang semua semuadan mengingtkan
1017,11,4,10,4,1,dan yang kamijuga menahlukan Indonesiadalam betu-betul terndam serta selauruh melaqukan tanpaknya semuaorang
1013,11,4,10,4,1,satu yang satuorang dan mempersatu semua untuk selauruh salah Indonesiauntuk cukupsatu semuaorang
782,11,5,10,5,1,dan yang selauruh satuorang kamijuga konsepyang semuaorang mereka anggotapun cukupsatu jugaorang peraangkat
780,11,5,10,5,1,yang dan satuorang selauruh kamijuga konsepyang mereka semuaorang peraangkat cukupsatu anggotapun untukyang
782,11,5,10,5,1,yang dan selauruh satuorang kamijuga konsepyang semuaorang mereka anggotapun cukupsatu jugaorang peraangkat
703,11,5,10,5,1,dan yang putra putri selauruh berbhasa bebadan bangsacerdas konsepyang pendldikan nasionak kamijuga
780,11,5,10,5,1,yang dan selauruh satuorang kamijuga mereka semuaorang konsepyang cukupsatu anggotapun untukyang peraangkat
776,11,5,10,5,1,yang dan satuorang selauruh konsepyang anggotapun semuaorang jugaorang kamijuga cukupsatu untukyang peraangkat
777,11,5,10,5,1,dan yang selauruh konsepyang peraangkat satuorang kamijuga bebadan semuaorang anggotapun melaqukan makat
781,11,5,10,5,1,putra putri yang kami selauruh satuorang mereka kamijuga dan orang putripun seanak
781,11,5,10,5,1,yang dan selauruh satuorang mereka kamijuga putra kami putri semuaorang untukyang anggotapun
781,11,5,10,5,1,yang dan selauruh satuorang mereka kamijuga putra kami putri semuaorang untukyang anggotapun
778,11,5,10,5,1,yang akan dan mereka tidak kamijuga selauruh ingin satuorang untukyang semuaorang juga
1019,11,6,10,6,1,bangsa yang satuorang satu dan selauruh konsepyang berbhasa semuaorang peraangkat orang seluuruh
1022,11,6,10,6,1,bangsa Indonesia yang bangsaIndonesia indonesia berbhasa bangsacerdas satuorang konsepyang Indonesiadalam BangsaIndonesia peraangkat
1021,11,6,10,6,1,dan yang satuorang selauruh berbhasa semuaorang konsepyang seanak peraangkat kamijuga anggotapun cukupsatu
1018,11,6,10,6,1,yang satuorang dan konsepyang selauruh peraangkat berbhasa semuaorang tentnunya anggotapun kamijuga seanak
1019,11,6,10,6,1,yang bangsa konsepyang dan kebuyaan satuorang peraangkat satu terndam berbhasa selauruh kebuayaan
1019,11,6,10,6,1,yang bangsa satuorang selauruh dan konsepyang semuaorang berbhasa satu orang peraangkat bangsacerdas
1018,11,6,10,6,1,yang satuorang kami selauruh semuaorang orang mereka putra kamijuga keduaorang berbhasa putri
1020,11,6,10,6,1,yang konsepyang dan peraangkat kebuyaan terndam satuorang berbhasa kebudaayaan selauruh ada.yang daarah
1020,11,6,10,6,1,yang konsepyang dan peraangkat satuorang berbhasa selauruh kebuyaan terndam ada.yang melaqukan daarah
1018,11,6,10,6,1,yang putra satuorang putri selauruh orang semuaorang dan kamijuga cucu-bercucu bangsa keduaorang
1019,11,6,10,6,1,yang konsepyang bangsa dan kebuyaan satuorang peraangkat terndam berbhasa satu selauruh kebuayaan
1020,11,6,10,6,1,yang konsepyang dan peraangkat satuorang kebuyaan terndam berbhasa selauruh ada.yang kebudaayaan daarah
1018,11,6,10,6,1,putra putri yang kami satuorang mereka selauruh kamijuga dan orang putripun semuaorang
1019,11,6,10,6,1,yang konsepyang bangsa dan kebuyaan peraangkat satuorang terndam berbhasa satu selauruh kebuayaan
1022,11,6,10,6,1,bangsa yang bangsaIndonesia Indonesia berbhasa satuorang konsepyang indonesia bangsacerdas dan satu peraangkat
1018,11,6,10,6,1,putri putra yang kami putripun mereka satuorang kamijuga orang selauruh cucu-bercucu keduaorang
743,11,7,10,7,1,dan yang peraangkat konsepyang satuorang selauruh melaqukan seluuruh berbhasa semuaorang makat terrdiri
763,11,7,10,7,1,dan yang konsepyang peraangkat satuorang selauruh kamijuga semuaorang tentnunya bebadan anggotapun makat
721,11,7,10,7,1,dan yang kamijuga mereka selauruh satuorang kami semuaorang jugaorang untukyang orang cukupsatu
690,11,7,10,7,1,yang dan satuorang selauruh mereka kamijuga semuaorang untukyang orang cukupsatu jugaorang keduaorang
755,11,7,10,7,1,yang dan konsepyang peraangkat melaqukan makat tentnunya cukupsatu bolapun satuorang semuaorang ada.yang
681,11,7,10,7,1,yang dan orang satuorang mereka cukupsatu kamijuga seanak selauruh keduaorang mereka.jadi anggotapun
692,11,7,10,7,1,yang dan air konsepyang satuorang peraangkat selauruh bebadan anggotapun semuaorang cukupsatu tentnunya
763,11,7,10,7,1,dan yang konsepyang peraangkat satuorang selauruh semuaorang berbhasa tentnunya kamijuga makat melaqukan
775,11,8,10,8,1,yang dan satuorang kamijuga selauruh semuaorang konsepyang mereka tentnunya jugaorang peraangkat cukupsatu
773,11,8,10,8,1,dan yang satuorang selauruh konsepyang kamijuga semuaorang peraangkat mereka anggotapun tentnunya cukupsatu
772,11,8,10,8,1,dan yang satuorang selauruh konsepyang kamijuga peraangkat semuaorang mereka anggotapun tentnunya cukupsatu
701,11,8,10,8,1,yang dan satuorang kamijuga selauruh semuaorang konsepyang mereka keduaorang jugaorang tentnunya cukupsatu
663,11,8,10,8,1,yang dan satuorang konsepyang selauruh peraangkat semuaorang kamijuga berbhasa anggotapun mereka tentnunya
772,11,8,10,8,1,dan yang satuorang selauruh konsepyang kamijuga semuaorang peraangkat mereka anggotapun tentnunya cukupsatu
701,11,8,10,8,1,yang dan satuorang kamijuga selauruh semuaorang mereka konsepyang keduaorang jugaorang tentnunya cukupsatu
773,11,8,10,8,1,dan yang satuorang selauruh konsepyang kamijuga semuaorang peraangkat anggotapun mereka tentnunya cukupsatu
772,11,8,10,8,1,yang dan satuorang selauruh konsepyang kamijuga semuaorang mereka peraangkat anggotapun tentnunya cukupsatu
772,11,8,10,8,1,yang dan satuorang selauruh konsepyang kamijuga semuaorang mereka peraangkat anggotapun tentnunya cukupsatu
663,11,8,10,8,1,yang dan satuorang konsepyang selauruh peraangkat semuaorang kamijuga berbhasa mereka anggotapun tentnunya
1024,11,9,10,9,1,yang dan satuorang selauruh konsepyang kamijuga semuaorang peraangkat anggotapun mereka tentnunya cukupsatu
1027,11,9,10,9,1,dan yang satuorang selauruh konsepyang kamijuga peraangkat semuaorang anggotapun mereka cukupsatu tentnunya
1026,11,9,10,9,1,yang dan satuorang konsepyang selauruh peraangkat semuaorang kamijuga anggotapun tentnunya seanak keduaorang
1025,11,9,10,9,1,yang dan satuorang selauruh konsepyang kamijuga peraangkat semuaorang anggotapun tentnunya keduaorang mereka
1024,11,9,10,9,1,yang dan satuorang selauruh konsepyang kamijuga peraangkat semuaorang cukupsatu anggotapun untukyang mereka
1024,11,9,10,9,1,yang dan satuorang selauruh konsepyang semuaorang kamijuga peraangkat anggotapun mereka tentnunya cukupsatu
1023,11,9,10,9,1,dan yang satuorang konsepyang selauruh peraangkat kamijuga cukupsatu semuaorang anggotapun tentnunya makat
1025,11,9,10,9,1,yang dan satuorang selauruh konsepyang kamijuga peraangkat untukyang cukupsatu anggotapun semuaorang tentnunya
1025,11,9,10,9,1,yang dan satuorang selauruh konsepyang kamijuga peraangkat cukupsatu semuaorang untukyang anggotapun tentnunya
1023,11,9,10,9,1,yang dan satuorang konsepyang selauruh peraangkat kamijuga cukupsatu untukyang anggotapun tentnunya semuaorang
1024,11,9,10,9,1,yang dan satuorang selauruh konsepyang kamijuga peraangkat semuaorang cukupsatu anggotapun untukyang mereka
1026,11,9,10,9,1,yang dan satuorang konsepyang selauruh peraangkat semuaorang kamijuga anggotapun tentnunya seanak keduaorang
1023,11,9,10,9,1,dan yang satuorang konsepyang peraangkat selauruh kamijuga cukupsatu anggotapun semuaorang tentnunya untukyang
1023,11,9,10,9,1,yang dan satuorang konsepyang selauruh peraangkat kamijuga cukupsatu untukyang anggotapun tentnunya semuaorang
1027,11,9,10,9,1,dan yang satuorang selauruh konsepyang semuaorang kamijuga peraangkat anggotapun mereka tentnunya cukupsatu
1023,11,9,10,9,1,yang dan konsepyang satuorang peraangkat selauruh kamijuga cukupsatu anggotapun tentnunya untukyang semuaorang
1028,12,1,11,1,1,warna kecerahaan memori pikselnya warnaresolusi kecerahan mega-pixel resolusi sub-pixel dead-pixel piksel spesfiikasi
797,12,1,11,1,1,warna warnapun kontrast contras tekstur warnayang warnadan teksture kontras warna.Warna kecerahan kecerahaan
1031,12,2,11,2,1,aset peraangkat dan peraatan uang anggotapun bagihasil keuntukngan lebih-digunakan modal-besar modalyang konsepyang
1031,12,2,11,2,1,aset dan peraangkat peraatan yang konsepyang anggotapun inevstasi uang relaitif proyekpun modal-besar
1035,12,3,11,3,1,ada yang konsepyang kemungkiinan peraangkat itu tetappi dan anggotapun penuisan tentnunya tersebut
1034,12,3,11,3,1,com infospesial.net salsahebat rumahweb.com yahoonews istanaimpian baike.baidu.com info.txt feed.id caritruk istanaimpian.Net daftarsbobet
1038,12,4,11,4,1,konsepyang menumenu terknoneksi indoaplikasi layaan peraangkat pengturan peraatan yang sebuah spesfiikasi spesipikasi
1040,12,4,11,4,1,web indoaplikasi layaan terknoneksi menumenu konsepyang Indoaplikasi portal-uang layanaan situs dokunemtasi dataword
789,12,5,11,5,1,sistem peraangkat data indoaplikasi pengturan layaan web layanan aplikasi data-informasi penggnaan instuksi
788,12,5,11,5,1,konsepyang yang peraangkat indoaplikasi penuisan musikdigital dan peraatan layaan informati lebih-digunakan mesin.tidak
1046,12,6,11,6,1,indoaplikasi winword dataword phorpir portal-uang menumenu formatvideo terknoneksi dokuemn-dokumen data penuisan Indoaplikasi
1044,12,6,11,6,1,apilkasi indoaplikasi desain tampilan desainan gambar desain- layaan spesfiikasi fotoatau 3dimensi aplikasi
813,12,8,11,8,1,indoaplikasi web dataword aplikasi-buku-bse-mahoni-sediakan-1-600-koleksi-buku-pelajaran-secara-gratis portal-uang phorpir Indoaplikasi konsepyang strukture yang data-wilayah link-back
1049,12,9,11,9,1,peraangkat dan yang konsepyang musikdan indoaplikasi musikdigital peraatan memgisi penuisan terknoneksi elemen-lemen
814,12,9,11,9,1,yang konsepyang dan peraangkat pastkan relaitif tersebut sesuaai yanngan atau peraatan mesin.tidak
795,12,10,11,10,1,bola-impian-eropa indoaplikasi yang konsepyang peraangkat terknoneksi dan penuisan mesin.tidak caritruk informati lebih-digunakan
795,12,10,11,10,1,peraangkat konsepyang yang indoaplikasi bola-impian-eropa dan penuisan terknoneksi lebih-digunakan mesin.tidak informati kompsisi
